{ VID: FODRO03, command: 60055, data: {"arrivalDistance":"150.452","arrivalId":"102","arrivalName":"고려대","latitude":"0.000000","longitude":"0.000000"}, timestamp: 2024:07:31-12:08:45.786, type: destination_info }
{ VID: FODRO03, command: 60051, data: {"heading":"0.000165","latitude":"24.033902","longitude":"-93.686737","speed":"29.999676"}, timestamp: 2024:07:31-12:08:45.789, type: location.0.._info }
{ VID: FODRO03, command: 60053, data: {"accel":"100.000000","autoDrivingStatus":"0","brake":"0.000000","brakeStatus":"0","drivingDistance":"23","emergencyLight":"0","mdpsAngle":"-0.000000","transmission":"3","turnSignal":"0","wheelSpeed":"55.554956","yawRate":"0.000000"}, timestamp: 2024:07:31-12:08:45.789, type: vehicle_info }
{ VID: FODRO03, command: 60121, data: {"acceleration":"-0.000037","handleAngle":"0.048803","interVehicleDistance":"0","lateralAcceleration":"0.000000","latitude":"24.033902","lngAcceleration":"0","longitude":"-93.686737","seq":"2","speed":"8.333333","steeringTireAngle":"-0.000048","steeringTireRotationRate":"0.000009","ttc":"0.000000"}, timestamp: 2024:07:31-12:08:45.789, type: control_info }
{ VID: FODRO03, command: 60055, data: {"arrivalDistance":"150.452","arrivalId":"102","arrivalName":"고려대","latitude":"0.000000","longitude":"0.000000"}, timestamp: 2024:07:31-12:08:46.124, type: destination_info }
{ VID: FODRO03, command: 60051, data: {"heading":"-0.000018","latitude":"22.969808","longitude":"-91.196128","speed":"29.999621"}, timestamp: 2024:07:31-12:08:46.125, type: location_info }
{ VID: FODRO03, command: 60053, data: {"accel":"100.000000","autoDrivingStatus":"2","brake":"0.000000","brakeStatus":"0","drivingDistance":"23","emergencyLight":"0","mdpsAngle":"0.000000","transmission":"3","turnSignal":"0","wheelSpeed":"55.554854","yawRate":"0.000000"}, timestamp: 2024:07:31-12:08:46.126, type: vehicle_info }
{ VID: FODRO03, command: 60121, data: {"acceleration":"-0.000866","handleAngle":"-0.005192","interVehicleDistance":"0","lateralAcceleration":"0.000000","latitude":"22.969808","lngAcceleration":"0","longitude":"-91.196128","seq":"2","speed":"8.333333","steeringTireAngle":"-0.000044","steeringTireRotationRate":"-0.000055","ttc":"0..000000"}, timestamp: 2024:07:31-12:08:46.127, type: control_info }
{ VID: FODRO03, command: 60055, data: {"arrivalDistance":"150.452","arrivalId":"102","arrivalName":"고려대","latitude":"0.000000","longitude":"0.000000"}, timestamp: 2024:07:31-12:08:46.452, type: destination_info }
{ VID: FODRO03, command: 60051, data: {"heading":"-0.000097","latitude":"21.905874","longitude":"-88.705884","speed":"29.998852"}, timestamp: 2024:07:31-12:08:46.452, type: location_info }
{ VID: FODRO03, command: 60053, data: {"accel":"100.000000","autoDrivingStatus":"2","brake":"0.000000","brakeStatus":"0","drivingDistance":"23","emergencyLight":"0","mdpsAngle":"0.000000","transmission":"3","turnSignal":"0","wheelSpeed":"55.553430","yawRate":"0.000000"}, timestamp: 2024:07:31-12:08:46.452, type: vehicle_info }
{ VID: FODRO03, command: 60121, data: {"acceleration":"-0.011632","handleAngle":"-0.028704","interVehicleDistance":"0","lateralAcceleration":"0.000000","latitude":"21.905874","lngAcceleration":"0","longitude":"-88.705884","seq":"2","speed":"8.332635","steeringTireAngle":"-0.000034","steeringTireRotationRate":"-0.000050","ttc":"0..000000"}, timestamp: 2024:07:31-12:08:46.453, type: control_info }
{ VID: FODRO03, command: 60055, data: {"arrivalDistance":"150.452","arrivalId":"102","arrivalName":"고려대","latitude":"0.000000","longitude":"0.000000"}, timestamp: 2024:07:31-12:08:46.786, type: destination_info }
{ VID: FODRO03, command: 60051, data: {"heading":"-0.000100","latitude":"20.760313","longitude":"-86.024365","speed":"29.986379"}, timestamp: 2024:07:31-12:08:46.788, type: location_info }
{ VID: FODRO03, command: 60053, data: {"accel":"100.000000","autoDrivingStatus":"2","brake":"0.000000","brakeStatus":"0","drivingDistance":"23","emergencyLight":"0","mdpsAngle":"-0.000000","transmission":"2","turnSignal":"0","wheelSpeed":"55.530332","yawRate":"0.000000"}, timestamp: 2024:07:31-12:08:46.789, type: vehicle_info }
{ VID: FODRO03, command: 60121, data: {"acceleration":"-0.024508","handleAngle":"0.000000","interVehicleDistance":"0","lateralAcceleration":"0.000000","latitude":"20.760313","lngAcceleration":"0","longitude":"-86.024365","seq":"2","speed":"8.327406","steeringTireAngle":"-0.000013","steeringTireRotationRate":"0.000092","ttc":"0.000000"}, timestamp: 2024:07:31-12:08:46.790, type: control_info }
{ VID: FODRO03, command: 60055, data: {"arrivalDistance":"150.452","arrivalId":"102","arrivalName":"고려대","latitude":"0.000000","longitude":"0.000000"}, timestamp: 2024:07:31-12:08:47.119, type: destination_info }
{ VID: FODRO03, command: 60051, data: {"heading":"-0.000049","latitude":"19.697244","longitude":"-83.535726","speed":"29.954903"}, timestamp: 2024:07:31-12:08:47.119, type: location_info }
{ VID: FODRO03, command: 60053, data: {"accel":"100.000000","autoDrivingStatus":"2","brake":"0.000000","brakeStatus":"0","drivingDistance":"23","emergencyLight":"0","mdpsAngle":"0.000000","transmission":"3","turnSignal":"0","wheelSpeed":"55.472043","yawRate":"0.000000"}, timestamp: 2024:07:31-12:08:47.119, type: vehicle_info }
{ VID: FODRO03, command: 60121, data: {"acceleration":"-0.058499","handleAngle":"-0.014501","interVehicleDistance":"0","lateralAcceleration":"0.000000","latitude":"19.697244","lngAcceleration":"0","longitude":"-83.535726","seq":"2","speed":"8.313196","steeringTireAngle":"0.000012","steeringTireRotationRate":"0.000061","ttc":"0.000000"}, timestamp: 2024:07:31-12:08:47.119, type: control_info }
{ VID: FODRO03, command: 60055, data: {"arrivalDistance":"150.452","arrivalId":"102","arrivalName":"고려대","latitude":"0.000000","longitude":"0.000000"}, timestamp: 2024:07:31-12:08:47.452, type: destination_info }
{ VID: FODRO03, command: 60051, data: {"heading":"0.000009","latitude":"18.636094","longitude":"-81.051477","speed":"29.892872"}, timestamp: 2024:07:31-12:08:47.452, type: location_info }
{ VID: FODRO03, command: 60053, data: {"accel":"100.000000","autoDrivingStatus":"2","brake":"0.000000","brakeStatus":"0","drivingDistance":"23","emergencyLight":"0","mdpsAngle":"-0.000000","transmission":"3","turnSignal":"0","wheelSpeed":"55.357170","yawRate":"0.000000"}, timestamp: 2024:07:31-12:08:47.452, type: vehicle_info }
{ VID: FODRO03, command: 60121, data: {"acceleration":"-0.090294","handleAngle":"0.002573","interVehicleDistance":"0","lateralAcceleration":"0.000000","latitude":"18.636094","lngAcceleration":"0","longitude":"-81.051477","seq":"2","speed":"8.291673","steeringTireAngle":"0.000013","steeringTireRotationRate":"0.000004","ttc":"0.000000"}, timestamp: 2024:07:31-12:08:47.453, type: control_info }
{ VID: FODRO03, command: 60055, data: {"arrivalDistance":"150.452","arrivalId":"102","arrivalName":"고려대","latitude":"0.000000","longitude":"0.000000"}, timestamp: 2024:07:31-12:08:47.786, type: destination_info }
{ VID: FODRO03, command: 60051, data: {"heading":"0.000033","latitude":"17.496239","longitude":"-78.382992","speed":"29.787063"}, timestamp: 2024:07:31-12:08:47.787, type: location_info }
{ VID: FODRO03, command: 60053, data: {"accel":"100.000000","autoDrivingStatus":"2","brake":"0.000000","brakeStatus":"0","drivingDistance":"23","emergencyLight":"0","mdpsAngle":"-0.000000","transmission":"3","turnSignal":"0","wheelSpeed":"55.161228","yawRate":"0.000000"}, timestamp: 2024:07:31-12:08:47.787, type: vehicle_info }
{ VID: FODRO03, command: 60121, data: {"acceleration":"-0.122900","handleAngle":"0.009954","interVehicleDistance":"0","lateralAcceleration":"0.000000","latitude":"17.496239","lngAcceleration":"0","longitude":"-78.382992","seq":"2","speed":"8.258408","steeringTireAngle":"-0.000000","steeringTireRotationRate":"-0.000012","ttc":"0.000000"}, timestamp: 2024:07:31-12:08:47.787, type: control_info }
{ VID: FODRO03, command: 60055, data: {"arrivalDistance":"150.452","arrivalId":"102","arrivalName":"고려대","latitude":"0.000000","longitude":"0.000000"}, timestamp: 2024:07:31-12:08:48.119, type: destination_info }
{ VID: FODRO03, command: 60051, data: {"heading":"0.000017","latitude":"16.434678","longitude":"-75.897866","speed":"29.644413"}, timestamp: 2024:07:31-12:08:48.119, type: location_info }
{ VID: FODRO03, command: 60053, data: {"accel":"100.000000","autoDrivingStatus":"2","brake":"0.000000","brakeStatus":"0","drivingDistance":"23","emergencyLight":"0","mdpsAngle":"-0.000000","transmission":"3","turnSignal":"0","wheelSpeed":"54.897060","yawRate":"0.000000"}, timestamp: 2024:07:31-12:08:48.120, type: vehicle_info }
{ VID: FODRO03, command: 60121, data: {"acceleration":"-0.168956","handleAngle":"0.005076","interVehicleDistance":"0","lateralAcceleration":"0.000000","latitude":"16.434678","lngAcceleration":"0","longitude":"-75.897866","seq":"2","speed":"8.213215","steeringTireAngle":"-0.000026","steeringTireRotationRate":"-0.000052","ttc":"0.000000"}, timestamp: 2024:07:31-12:08:48.120, type: control_info }
{ VID: FODRO03, command: 60055, data: {"arrivalDistance":"150.452","arrivalId":"102","arrivalName":"고려대","latitude":"0.000000","longitude":"0.000000"}, timestamp: 2024:07:31-12:08:48.452, type: destination_info }
{ VID: FODRO03, command: 60051, data: {"heading":"-0.000036","latitude":"15.394017","longitude":"-73.461701","speed":"29.454771"}, timestamp: 2024:07:31-12:08:48.452, type: location_info }
{ VID: FODRO03, command: 60053, data: {"accel":"100.000000","autoDrivingStatus":"2","brake":"0.000000","brakeStatus":"0","drivingDistance":"23","emergencyLight":"0","mdpsAngle":"0.000000","transmission":"3","turnSignal":"0","wheelSpeed":"54.545873","yawRate":"0.000000"}, timestamp: 2024:07:31-12:08:48.452, type: vehicle_info }
{ VID: FODRO03, command: 60121, data: {"acceleration":"-0.209537","handleAngle":"-0.010894","interVehicleDistance":"0","lateralAcceleration":"0.000000","latitude":"15.394017","lngAcceleration":"0","longitude":"-73.461701","seq":"2","speed":"8.148734","steeringTireAngle":"-0.000051","steeringTireRotationRate":"-0.000071","ttc":"0..000000"}, timestamp: 2024:07:31-12:08:48.452, type: control_info }
{ VID: FODRO03, command: 60055, data: {"arrivalDistance":"150.452","arrivalId":"102","arrivalName":"고려대","latitude":"0.000000","longitude":"0.000000"}, timestamp: 2024:07:31-12:08:48.786, type: destination_info }
{ VID: FODRO03, command: 60051, data: {"heading":"0.000000","latitude":"14.352905","longitude":"-71.024398","speed":"0.000000"}, timestamp: 2024:07:31-12:08:48.786, type: location_info }
{ VID: FODRO03, command: 60053, data: {"accel":"100.000000","autoDrivingStatus":"2","brake":"0.000000","brakeStatus":"0","drivingDistance":"23","emergencyLight":"0","mdpsAngle":"-0.000000","transmission":"2","turnSignal":"0","wheelSpeed":"0.000000","yawRate":"0.000000"}, timestamp: 2024:07:31-12:08:48.787, type: vehicle_info }
{ VID: FODRO03, command: 60121, data: {"acceleration":"-0.259727","handleAngle":"0.000000","interVehicleDistance":"0","lateralAcceleration":"0.000000","latitude":"14.352905","lngAcceleration":"0","longitude":"-71.024398","seq":"2","speed":"8.075072","steeringTireAngle":"-0.000082","steeringTireRotationRate":"-0.000161","ttc":"0.000000"}, timestamp: 2024:07:31-12:08:48.787, type: control_info }
{ VID: FODRO03, command: 60055, data: {"arrivalDistance":"150.452","arrivalId":"102","arrivalName":"고려대","latitude":"0.000000","longitude":"0.000000"}, timestamp: 2024:07:31-12:08:49.119, type: destination_info }
{ VID: FODRO03, command: 60051, data: {"heading":"-0.000193","latitude":"13.243842","longitude":"-68.427756","speed":"28.901593"}, timestamp: 2024:07:31-12:08:49.119, type: location_info }
{ VID: FODRO03, command: 60053, data: {"accel":"100.000000","autoDrivingStatus":"2","brake":"0.000000","brakeStatus":"0","drivingDistance":"23","emergencyLight":"0","mdpsAngle":"0.000000","transmission":"3","turnSignal":"0","wheelSpeed":"53.521468","yawRate":"0.000000"}, timestamp: 2024:07:31-12:08:49.120, type: vehicle_info }
{ VID: FODRO03, command: 60121, data: {"acceleration":"-0.299958","handleAngle":"-0.059331","interVehicleDistance":"0","lateralAcceleration":"0.000000","latitude":"13.243842","lngAcceleration":"0","longitude":"-68.427756","seq":"2","speed":"7.985875","steeringTireAngle":"-0.000085","steeringTireRotationRate":"-0.000204","ttc":"0..000000"}, timestamp: 2024:07:31-12:08:49.120, type: control_info }
{ VID: FODRO03, command: 60055, data: {"arrivalDistance":"150.452","arrivalId":"102","arrivalName":"고려대","latitude":"0.000000","longitude":"0.000000"}, timestamp: 2024:07:31-12:08:49.452, type: destination_info }
{ VID: FODRO03, command: 60051, data: {"heading":"-0.000231","latitude":"12.225105","longitude":"-66.042185","speed":"28.555546"}, timestamp: 2024:07:31-12:08:49.452, type: location_info }
{ VID: FODRO03, command: 60053, data: {"accel":"100.000000","autoDrivingStatus":"2","brake":"0.000000","brakeStatus":"0","drivingDistance":"23","emergencyLight":"0","mdpsAngle":"0.000000","transmission":"3","turnSignal":"0","wheelSpeed":"52.880640","yawRate":"0.000000"}, timestamp: 2024:07:31-12:08:49.452, type: vehicle_info }
{ VID: FODRO03, command: 60121, data: {"acceleration":"-0.350021","handleAngle":"-0.071905","interVehicleDistance":"0","lateralAcceleration":"0.000000","latitude":"12.225105","lngAcceleration":"0","longitude":"-66.042185","seq":"2","speed":"7.882304","steeringTireAngle":"-0.000095","steeringTireRotationRate":"-0.000199","ttc":"0..000000"}, timestamp: 2024:07:31-12:08:49.452, type: control_info }
{ VID: FODRO03, command: 60055, data: {"arrivalDistance":"150.452","arrivalId":"102","arrivalName":"고려대","latitude":"0.000000","longitude":"0.000000"}, timestamp: 2024:07:31-12:08:49.785, type: destination_info }
{ VID: FODRO03, command: 60051, data: {"heading":"0.000000","latitude":"11.142259","longitude":"-63.505949","speed":"0.000000"}, timestamp: 2024:07:31-12:08:49.786, type: location_info }
{ VID: FODRO03, command: 60053, data: {"accel":"100.000000","autoDrivingStatus":"2","brake":"0.000000","brakeStatus":"0","drivingDistance":"23","emergencyLight":"0","mdpsAngle":"-0.000000","transmission":"3","turnSignal":"0","wheelSpeed":"0.000000","yawRate":"0.000000"}, timestamp: 2024:07:31-12:08:49.787, type: vehicle_info }
{ VID: FODRO03, command: 60121, data: {"acceleration":"-0.400956","handleAngle":"0.000000","interVehicleDistance":"0","lateralAcceleration":"0.000000","latitude":"11.142259","lngAcceleration":"0","longitude":"-63.505949","seq":"2","speed":"7.763619","steeringTireAngle":"-0.000093","steeringTireRotationRate":"0.000137","ttc":"0.000000"}, timestamp: 2024:07:31-12:08:49.787, type: control_info }
{ VID: FODRO03, command: 60055, data: {"arrivalDistance":"150.452","arrivalId":"102","arrivalName":"고려대","latitude":"0.000000","longitude":"0.000000"}, timestamp: 2024:07:31-12:08:50.119, type: destination_info }
{ VID: FODRO03, command: 60051, data: {"heading":"-0.000238","latitude":"10.154639","longitude":"-61.192224","speed":"27.652904"}, timestamp: 2024:07:31-12:08:50.119, type: location_info }
{ VID: FODRO03, command: 60053, data: {"accel":"100.000000","autoDrivingStatus":"2","brake":"0.000000","brakeStatus":"0","drivingDistance":"23","emergencyLight":"0","mdpsAngle":"0.000000","transmission":"3","turnSignal":"0","wheelSpeed":"51.209081","yawRate":"0.000000"}, timestamp: 2024:07:31-12:08:50.119, type: vehicle_info }
{ VID: FODRO03, command: 60121, data: {"acceleration":"-0.448200","handleAngle":"-0.076561","interVehicleDistance":"0","lateralAcceleration":"0.000000","latitude":"10.154639","lngAcceleration":"0","longitude":"-61.192224","seq":"2","speed":"7.616759","steeringTireAngle":"-0.000017","steeringTireRotationRate":"0.000255","ttc":"0.000000"}, timestamp: 2024:07:31-12:08:50.119, type: control_info }
{ VID: FODRO03, command: 60055, data: {"arrivalDistance":"150.452","arrivalId":"102","arrivalName":"고려대","latitude":"0.000000","longitude":"0.000000"}, timestamp: 2024:07:31-12:08:50.456, type: destination_info }
{ VID: FODRO03, command: 60051, data: {"heading":"0.000000","latitude":"9.163998","longitude":"-58.870960","speed":"0.000000"}, timestamp: 2024:07:31-12:08:50.458, type: location_info }
{ VID: FODRO03, command: 60053, data: {"accel":"100.000000","autoDrivingStatus":"2","brake":"0.000000","brakeStatus":"0","drivingDistance":"23","emergencyLight":"0","mdpsAngle":"-0.000000","transmission":"2","turnSignal":"0","wheelSpeed":"0.000000","yawRate":"0.000000"}, timestamp: 2024:07:31-12:08:50.458, type: vehicle_info }
{ VID: FODRO03, command: 60121, data: {"acceleration":"-0.496989","handleAngle":"0.000000","interVehicleDistance":"0","lateralAcceleration":"0.000000","latitude":"9.163998","lngAcceleration":"0","longitude":"-58.870960","seq":"2","speed":"7.465043","steeringTireAngle":"0.000075","steeringTireRotationRate":"0.000351","ttc":"0.000000"}, timestamp: 2024:07:31-12:08:50.458, type: control_info }
{ VID: FODRO03, command: 60055, data: {"arrivalDistance":"150.452","arrivalId":"102","arrivalName":"고려대","latitude":"0.000000","longitude":"0.000000"}, timestamp: 2024:07:31-12:08:50.787, type: destination_info }
{ VID: FODRO03, command: 60051, data: {"heading":"0.000000","latitude":"8.149138","longitude":"-56.492747","speed":"0.000000"}, timestamp: 2024:07:31-12:08:50.789, type: location_info }
{ VID: FODRO03, command: 60053, data: {"accel":"100.000000","autoDrivingStatus":"2","brake":"0.000000","brakeStatus":"0","drivingDistance":"23","emergencyLight":"0","mdpsAngle":"-0.000000","transmission":"3","turnSignal":"0","wheelSpeed":"0.000000","yawRate":"0.000000"}, timestamp: 2024:07:31-12:08:50.789, type: vehicle_info }
{ VID: FODRO03, command: 60121, data: {"acceleration":"-0.533364","handleAngle":"0.000000","interVehicleDistance":"0","lateralAcceleration":"0.000000","latitude":"8.149138","lngAcceleration":"0","longitude":"-56.492747","seq":"2","speed":"7.285909","steeringTireAngle":"0.000242","steeringTireRotationRate":"0.000543","ttc":"0.000000"}, timestamp: 2024:07:31-12:08:50.789, type: control_info }
{ VID: FODRO03, command: 60055, data: {"arrivalDistance":"150.452","arrivalId":"102","arrivalName":"고려대","latitude":"0.000000","longitude":"0.000000"}, timestamp: 2024:07:31-12:08:51.119, type: destination_info }
{ VID: FODRO03, command: 60051, data: {"heading":"0.000440","latitude":"7.231321","longitude":"-54.342194","speed":"25.890250"}, timestamp: 2024:07:31-12:08:51.119, type: location_info }
{ VID: FODRO03, command: 60053, data: {"accel":"100.000000","autoDrivingStatus":"2","brake":"0.000000","brakeStatus":"0","drivingDistance":"23","emergencyLight":"0","mdpsAngle":"-0.000000","transmission":"3","turnSignal":"0","wheelSpeed":"47.944908","yawRate":"0.000000"}, timestamp: 2024:07:31-12:08:51.119, type: vehicle_info }
{ VID: FODRO03, command: 60121, data: {"acceleration":"-0.583678","handleAngle":"0.150871","interVehicleDistance":"0","lateralAcceleration":"0.000000","latitude":"7.231321","lngAcceleration":"0","longitude":"-54.342194","seq":"2","speed":"7.091833","steeringTireAngle":"0.000430","steeringTireRotationRate":"0.001037","ttc":"0.000000"}, timestamp: 2024:07:31-12:08:51.119, type: control_info }
{ VID: FODRO03, command: 60055, data: {"arrivalDistance":"150.452","arrivalId":"102","arrivalName":"고려대","latitude":"0.000000","longitude":"0.000000"}, timestamp: 2024:07:31-12:08:51.452, type: destination_info }
{ VID: FODRO03, command: 60051, data: {"heading":"0.000876","latitude":"6.325341","longitude":"-52.220238","speed":"25.218380"}, timestamp: 2024:07:31-12:08:51.452, type: location_info }
{ VID: FODRO03, command: 60053, data: {"accel":"100.000000","autoDrivingStatus":"2","brake":"0.000000","brakeStatus":"0","drivingDistance":"23","emergencyLight":"0","mdpsAngle":"-0.000000","transmission":"3","turnSignal":"0","wheelSpeed":"46.700703","yawRate":"0.000000"}, timestamp: 2024:07:31-12:08:51.452, type: vehicle_info }
{ VID: FODRO03, command: 60121, data: {"acceleration":"-0.602653","handleAngle":"0.308368","interVehicleDistance":"0","lateralAcceleration":"0.000000","latitude":"6.325341","lngAcceleration":"0","longitude":"-52.220238","seq":"2","speed":"6.899562","steeringTireAngle":"0.000666","steeringTireRotationRate":"0.000328","ttc":"0.000000"}, timestamp: 2024:07:31-12:08:51.452, type: control_info }
{ VID: FODRO03, command: 60055, data: {"arrivalDistance":"150.452","arrivalId":"102","arrivalName":"고려대","latitude":"0.000000","longitude":"0.000000"}, timestamp: 2024:07:31-12:08:51.790, type: destination_info }
{ VID: FODRO03, command: 60051, data: {"heading":"0.001430","latitude":"5.376386","longitude":"-49.999508","speed":"24.458859"}, timestamp: 2024:07:31-12:08:51.794, type: location_info }
{ VID: FODRO03, command: 60053, data: {"accel":"100.000000","autoDrivingStatus":"2","brake":"0.000000","brakeStatus":"0","drivingDistance":"23","emergencyLight":"0","mdpsAngle":"-0.000000","transmission":"3","turnSignal":"0","wheelSpeed":"45.294183","yawRate":"0.000000"}, timestamp: 2024:07:31-12:08:51.795, type: vehicle_info }
{ VID: FODRO03, command: 60121, data: {"acceleration":"-0.642441","handleAngle":"0.519224","interVehicleDistance":"0","lateralAcceleration":"0.000000","latitude":"5.376386","lngAcceleration":"0","longitude":"-49.999508","seq":"2","speed":"6.697704","steeringTireAngle":"0.000881","steeringTireRotationRate":"0.002099","ttc":"0.000000"}, timestamp: 2024:07:31-12:08:51.797, type: control_info }
{ VID: FODRO03, command: 60055, data: {"arrivalDistance":"150.452","arrivalId":"102","arrivalName":"고려대","latitude":"0.000000","longitude":"0.000000"}, timestamp: 2024:07:31-12:08:52.119, type: destination_info }
{ VID: FODRO03, command: 60051, data: {"heading":"0.001849","latitude":"4.520833","longitude":"-47.999983","speed":"23.713727"}, timestamp: 2024:07:31-12:08:52.119, type: location_info }
{ VID: FODRO03, command: 60053, data: {"accel":"100.000000","autoDrivingStatus":"2","brake":"0.000000","brakeStatus":"0","drivingDistance":"23","emergencyLight":"0","mdpsAngle":"-0.000000","transmission":"3","turnSignal":"0","wheelSpeed":"43.914309","yawRate":"0.000000"}, timestamp: 2024:07:31-12:08:52.119, type: vehicle_info }
{ VID: FODRO03, command: 60121, data: {"acceleration":"-0.657476","handleAngle":"0.692613","interVehicleDistance":"0","lateralAcceleration":"0.000000","latitude":"4.520833","lngAcceleration":"0","longitude":"-47.999983","seq":"2","speed":"6.486880","steeringTireAngle":"0.001263","steeringTireRotationRate":"0.002717","ttc":"0.000000"}, timestamp: 2024:07:31-12:08:52.119, type: control_info }
{ VID: FODRO03, command: 60055, data: {"arrivalDistance":"150.452","arrivalId":"102","arrivalName":"고려대","latitude":"0.000000","longitude":"0.000000"}, timestamp: 2024:07:31-12:08:52.452, type: destination_info }
{ VID: FODRO03, command: 60051, data: {"heading":"0.002527","latitude":"3.691134","longitude":"-46.064132","speed":"22.947253"}, timestamp: 2024:07:31-12:08:52.452, type: location_info }
{ VID: FODRO03, command: 60053, data: {"accel":"100.000000","autoDrivingStatus":"2","brake":"0.000000","brakeStatus":"0","drivingDistance":"23","emergencyLight":"0","mdpsAngle":"-0.000000","transmission":"3","turnSignal":"0","wheelSpeed":"42.494914","yawRate":"0.000000"}, timestamp: 2024:07:31-12:08:52.453, type: vehicle_info }
{ VID: FODRO03, command: 60121, data: {"acceleration":"-0.681797","handleAngle":"0.978027","interVehicleDistance":"0","lateralAcceleration":"0.000000","latitude":"3.691134","lngAcceleration":"0","longitude":"-46.064132","seq":"2","speed":"6.270574","steeringTireAngle":"0.001905","steeringTireRotationRate":"0.003984","ttc":"0.000000"}, timestamp: 2024:07:31-12:08:52.453, type: control_info }
{ VID: FODRO03, command: 60055, data: {"arrivalDistance":"150.452","arrivalId":"102","arrivalName":"고려대","latitude":"0.000000","longitude":"0.000000"}, timestamp: 2024:07:31-12:08:52.786, type: destination_info }
{ VID: FODRO03, command: 60051, data: {"heading":"0.003478","latitude":"2.826714","longitude":"-44.051953","speed":"22.092672"}, timestamp: 2024:07:31-12:08:52.786, type: location_info }
{ VID: FODRO03, command: 60053, data: {"accel":"100.000000","autoDrivingStatus":"2","brake":"0.000000","brakeStatus":"0","drivingDistance":"23","emergencyLight":"0","mdpsAngle":"-0.000000","transmission":"3","turnSignal":"0","wheelSpeed":"40.912355","yawRate":"0.000000"}, timestamp: 2024:07:31-12:08:52.786, type: vehicle_info }
{ VID: FODRO03, command: 60121, data: {"acceleration":"-0.694575","handleAngle":"1.398154","interVehicleDistance":"0","lateralAcceleration":"0.000000","latitude":"2.826714","lngAcceleration":"0","longitude":"-44.051953","seq":"2","speed":"6.047260","steeringTireAngle":"0.002285","steeringTireRotationRate":"0.000214","ttc":"0.000000"}, timestamp: 2024:07:31-12:08:52.786, type: control_info }
{ VID: FODRO03, command: 60055, data: {"arrivalDistance":"150.452","arrivalId":"102","arrivalName":"고려대","latitude":"0.000000","longitude":"0.000000"}, timestamp: 2024:07:31-12:08:53.119, type: destination_info }
{ VID: FODRO03, command: 60051, data: {"heading":"0.004131","latitude":"2.051935","longitude":"-42.253998","speed":"21.281820"}, timestamp: 2024:07:31-12:08:53.119, type: location_info }
{ VID: FODRO03, command: 60053, data: {"accel":"100.000000","autoDrivingStatus":"2","brake":"0.000000","brakeStatus":"0","drivingDistance":"23","emergencyLight":"0","mdpsAngle":"-1.000000","transmission":"3","turnSignal":"0","wheelSpeed":"39.410779","yawRate":"0.000000"}, timestamp: 2024:07:31-12:08:53.119, type: vehicle_info }
{ VID: FODRO03, command: 60121, data: {"acceleration":"-0.707974","handleAngle":"1.724261","interVehicleDistance":"0","lateralAcceleration":"0.000000","latitude":"2.051935","lngAcceleration":"0","longitude":"-42.253998","seq":"2","speed":"5.785548","steeringTireAngle":"0.002878","steeringTireRotationRate":"0.000022","ttc":"0.000000"}, timestamp: 2024:07:31-12:08:53.119, type: control_info }
{ VID: FODRO03, command: 60055, data: {"arrivalDistance":"150.452","arrivalId":"102","arrivalName":"고려대","latitude":"0.000000","longitude":"0.000000"}, timestamp: 2024:07:31-12:08:53.452, type: destination_info }
{ VID: FODRO03, command: 60051, data: {"heading":"0.005212","latitude":"1.304013","longitude":"-40.524741","speed":"20.457024"}, timestamp: 2024:07:31-12:08:53.452, type: location_info }
{ VID: FODRO03, command: 60053, data: {"accel":"100.000000","autoDrivingStatus":"2","brake":"0.000000","brakeStatus":"0","drivingDistance":"23","emergencyLight":"0","mdpsAngle":"-1.000000","transmission":"3","turnSignal":"0","wheelSpeed":"37.883377","yawRate":"0.000000"}, timestamp: 2024:07:31-12:08:53.452, type: vehicle_info }
{ VID: FODRO03, command: 60121, data: {"acceleration":"-0.719742","handleAngle":"2.262783","interVehicleDistance":"0","lateralAcceleration":"0.000000","latitude":"1.304013","lngAcceleration":"0","longitude":"-40.524741","seq":"2","speed":"5.552229","steeringTireAngle":"0.003367","steeringTireRotationRate":"-0.000141","ttc":"0.000000"}, timestamp: 2024:07:31-12:08:53.452, type: control_info }
{ VID: FODRO03, command: 60055, data: {"arrivalDistance":"150.452","arrivalId":"102","arrivalName":"고려대","latitude":"0.000000","longitude":"0.000000"}, timestamp: 2024:07:31-12:08:53.785, type: destination_info }
{ VID: FODRO03, command: 60051, data: {"heading":"0.006426","latitude":"0.528669","longitude":"-38.740712","speed":"19.550080"}, timestamp: 2024:07:31-12:08:53.786, type: location_info }
{ VID: FODRO03, command: 60053, data: {"accel":"100.000000","autoDrivingStatus":"2","brake":"0.000000","brakeStatus":"0","drivingDistance":"23","emergencyLight":"0","mdpsAngle":"-1.000000","transmission":"3","turnSignal":"0","wheelSpeed":"36.203852","yawRate":"0.000000"}, timestamp: 2024:07:31-12:08:53.786, type: vehicle_info }
{ VID: FODRO03, command: 60121, data: {"acceleration":"-0.715177","handleAngle":"2.919607","interVehicleDistance":"0","lateralAcceleration":"0.000000","latitude":"0.528669","lngAcceleration":"0","longitude":"-38.740712","seq":"2","speed":"5.317797","steeringTireAngle":"0.003340","steeringTireRotationRate":"0.007765","ttc":"0.000000"}, timestamp: 2024:07:31-12:08:53.786, type: control_info }
{ VID: FODRO03, command: 60055, data: {"arrivalDistance":"150.452","arrivalId":"102","arrivalName":"고려대","latitude":"0.000000","longitude":"0.000000"}, timestamp: 2024:07:31-12:08:54.122, type: destination_info }
{ VID: FODRO03, command: 60051, data: {"heading":"0.007090","latitude":"-0.163138","longitude":"-37.158369","speed":"18.710743"}, timestamp: 2024:07:31-12:08:54.125, type: location_info }
{ VID: FODRO03, command: 60053, data: {"accel":"100.000000","autoDrivingStatus":"2","brake":"0.000000","brakeStatus":"0","drivingDistance":"23","emergencyLight":"0","mdpsAngle":"-1.000000","transmission":"3","turnSignal":"0","wheelSpeed":"34.649525","yawRate":"0.000000"}, timestamp: 2024:07:31-12:08:54.128, type: vehicle_info }
{ VID: FODRO03, command: 60121, data: {"acceleration":"-0.737097","handleAngle":"3.365824","interVehicleDistance":"0","lateralAcceleration":"0.000000","latitude":"-0.163138","lngAcceleration":"0","longitude":"-37.158369","seq":"2","speed":"5.083155","steeringTireAngle":"0.002710","steeringTireRotationRate":"0.005994","ttc":"0.000000"}, timestamp: 2024:07:31-12:08:54.129, type: control_info }
{ VID: FODRO03, command: 60055, data: {"arrivalDistance":"150.452","arrivalId":"102","arrivalName":"고려대","latitude":"0.000000","longitude":"0.000000"}, timestamp: 2024:07:31-12:08:54.452, type: destination_info }
{ VID: FODRO03, command: 60051, data: {"heading":"0.006507","latitude":"-0.827797","longitude":"-35.647758","speed":"17.852677"}, timestamp: 2024:07:31-12:08:54.452, type: location_info }
{ VID: FODRO03, command: 60053, data: {"accel":"100.000000","autoDrivingStatus":"2","brake":"0.000000","brakeStatus":"0","drivingDistance":"23","emergencyLight":"0","mdpsAngle":"-1.000000","transmission":"3","turnSignal":"0","wheelSpeed":"33.060513","yawRate":"0.000000"}, timestamp: 2024:07:31-12:08:54.452, type: vehicle_info }
{ VID: FODRO03, command: 60121, data: {"acceleration":"-0.747768","handleAngle":"3.237175","interVehicleDistance":"0","lateralAcceleration":"0.000000","latitude":"-0.827797","lngAcceleration":"0","longitude":"-35.647758","seq":"2","speed":"4.822924","steeringTireAngle":"0.000785","steeringTireRotationRate":"-0.011091","ttc":"0.000000"}, timestamp: 2024:07:31-12:08:54.452, type: control_info }
{ VID: FODRO03, command: 60055, data: {"arrivalDistance":"150.452","arrivalId":"102","arrivalName":"고려대","latitude":"0.000000","longitude":"0.000000"}, timestamp: 2024:07:31-12:08:54.785, type: destination_info }
{ VID: FODRO03, command: 60051, data: {"heading":"0.003434","latitude":"-1.511772","longitude":"-34.102390","speed":"16.909205"}, timestamp: 2024:07:31-12:08:54.786, type: location_info }
{ VID: FODRO03, command: 60053, data: {"accel":"100.000000","autoDrivingStatus":"2","brake":"0.000000","brakeStatus":"0","drivingDistance":"23","emergencyLight":"0","mdpsAngle":"-1.000000","transmission":"3","turnSignal":"0","wheelSpeed":"31.313343","yawRate":"0.000000"}, timestamp: 2024:07:31-12:08:54.787, type: vehicle_info }
{ VID: FODRO03, command: 60121, data: {"acceleration":"-0.743279","handleAngle":"1.803681","interVehicleDistance":"0","lateralAcceleration":"0.000000","latitude":"-1.511772","lngAcceleration":"0","longitude":"-34.102390","seq":"2","speed":"4.578310","steeringTireAngle":"-0.005568","steeringTireRotationRate":"-0.013993","ttc":"0.000000"}, timestamp: 2024:07:31-12:08:54.787, type: control_info }
{ VID: FODRO03, command: 60055, data: {"arrivalDistance":"150.452","arrivalId":"102","arrivalName":"고려대","latitude":"0.000000","longitude":"0.000000"}, timestamp: 2024:07:31-12:08:55.123, type: destination_info }
{ VID: FODRO03, command: 60051, data: {"heading":"-0.004026","latitude":"-2.115172","longitude":"-32.743081","speed":"16.040154"}, timestamp: 2024:07:31-12:08:55.134, type: location_info }
{ VID: FODRO03, command: 60053, data: {"accel":"100.000000","autoDrivingStatus":"2","brake":"0.000000","brakeStatus":"0","drivingDistance":"23","emergencyLight":"0","mdpsAngle":"1.000000","transmission":"3","turnSignal":"0","wheelSpeed":"29.703989","yawRate":"0.000000"}, timestamp: 2024:07:31-12:08:55.136, type: vehicle_info }
{ VID: FODRO03, command: 60121, data: {"acceleration":"-0.720224","handleAngle":"-2.229290","interVehicleDistance":"0","lateralAcceleration":"0.000000","latitude":"-2.115172","lngAcceleration":"0","longitude":"-32.743081","seq":"2","speed":"4.339036","steeringTireAngle":"-0.016693","steeringTireRotationRate":"-0.040574","ttc":"0..000000"}, timestamp: 2024:07:31-12:08:55.137, type: control_info }
{ VID: FODRO03, command: 60055, data: {"arrivalDistance":"150.452","arrivalId":"102","arrivalName":"고려대","latitude":"0.000000","longitude":"0.000000"}, timestamp: 2024:07:31-12:08:55.452, type: destination_info }
{ VID: FODRO03, command: 60051, data: {"heading":"-0.016884","latitude":"-2.685319","longitude":"-31.453819","speed":"15.196883"}, timestamp: 2024:07:31-12:08:55.452, type: location_info }
{ VID: FODRO03, command: 60053, data: {"accel":"100.000000","autoDrivingStatus":"2","brake":"0.000000","brakeStatus":"0","drivingDistance":"23","emergencyLight":"0","mdpsAngle":"3.000000","transmission":"3","turnSignal":"0","wheelSpeed":"28.142376","yawRate":"0.000000"}, timestamp: 2024:07:31-12:08:55.452, type: vehicle_info }
{ VID: FODRO03, command: 60121, data: {"acceleration":"-0.685792","handleAngle":"-9.867661","interVehicleDistance":"0","lateralAcceleration":"0.000000","latitude":"-2.685319","lngAcceleration":"0","longitude":"-31.453819","seq":"2","speed":"4.109583","steeringTireAngle":"-0.038993","steeringTireRotationRate":"-0.086513","ttc":"0..000000"}, timestamp: 2024:07:31-12:08:55.452, type: control_info }
{ VID: FODRO03, command: 60055, data: {"arrivalDistance":"150.452","arrivalId":"102","arrivalName":"고려대","latitude":"0.000000","longitude":"0.000000"}, timestamp: 2024:07:31-12:08:55.787, type: destination_info }
{ VID: FODRO03, command: 60051, data: {"heading":"-0.043328","latitude":"-3.257647","longitude":"-30.137952","speed":"14.325126"}, timestamp: 2024:07:31-12:08:55.791, type: location_info }
{ VID: FODRO03, command: 60053, data: {"accel":"100.000000","autoDrivingStatus":"2","brake":"0.000000","brakeStatus":"0","drivingDistance":"23","emergencyLight":"0","mdpsAngle":"9.000000","transmission":"3","turnSignal":"0","wheelSpeed":"26.528010","yawRate":"0.000000"}, timestamp: 2024:07:31-12:08:55.793, type: vehicle_info }
{ VID: FODRO03, command: 60121, data: {"acceleration":"-0.649507","handleAngle":"-26.857544","interVehicleDistance":"0","lateralAcceleration":"0.000000","latitude":"-3.257647","lngAcceleration":"0","longitude":"-30.137952","seq":"2","speed":"3.887665","steeringTireAngle":"-0.074874","steeringTireRotationRate":"-0.078856","ttc":"0.000000"}, timestamp: 2024:07:31-12:08:55.795, type: control_info }
{ VID: FODRO03, command: 60055, data: {"arrivalDistance":"150.452","arrivalId":"102","arrivalName":"고려대","latitude":"0.000000","longitude":"0.000000"}, timestamp: 2024:07:31-12:08:56.119, type: destination_info }
{ VID: FODRO03, command: 60051, data: {"heading":"-0.080215","latitude":"-3.742558","longitude":"-28.977017","speed":"13.557713"}, timestamp: 2024:07:31-12:08:56.119, type: location_info }
{ VID: FODRO03, command: 60053, data: {"accel":"100.000000","autoDrivingStatus":"2","brake":"0.000000","brakeStatus":"0","drivingDistance":"23","emergencyLight":"0","mdpsAngle":"17.000000","transmission":"3","turnSignal":"0","wheelSpeed":"25.106875","yawRate":"0.000000"}, timestamp: 2024:07:31-12:08:56.119, type: vehicle_info }
{ VID: FODRO03, command: 60121, data: {"acceleration":"-0.587878","handleAngle":"-52.495310","interVehicleDistance":"0","lateralAcceleration":"0.000000","latitude":"-3.742558","lngAcceleration":"0","longitude":"-28.977017","seq":"2","speed":"3.666436","steeringTireAngle":"-0.128834","steeringTireRotationRate":"-0.131691","ttc":"0.000000"}, timestamp: 2024:07:31-12:08:56.119, type: control_info }
{ VID: FODRO03, command: 60055, data: {"arrivalDistance":"150.452","arrivalId":"102","arrivalName":"고려대","latitude":"0.000000","longitude":"0.000000"}, timestamp: 2024:07:31-12:08:56.452, type: destination_info }
{ VID: FODRO03, command: 60051, data: {"heading":"-0.133462","latitude":"-4.172700","longitude":"-27.865671","speed":"12.856869"}, timestamp: 2024:07:31-12:08:56.452, type: location_info }
{ VID: FODRO03, command: 60053, data: {"accel":"100.000000","autoDrivingStatus":"2","brake":"0.000000","brakeStatus":"0","drivingDistance":"23","emergencyLight":"0","mdpsAngle":"31.000000","transmission":"3","turnSignal":"0","wheelSpeed":"23.809017","yawRate":"0.000000"}, timestamp: 2024:07:31-12:08:56.452, type: vehicle_info }
{ VID: FODRO03, command: 60121, data: {"acceleration":"-0.509636","handleAngle":"-91.901471","interVehicleDistance":"0","lateralAcceleration":"0.000000","latitude":"-4.172700","lngAcceleration":"0","longitude":"-27.865671","seq":"2","speed":"3.465790","steeringTireAngle":"-0.196646","steeringTireRotationRate":"-0.188669","ttc":"0.000000"}, timestamp: 2024:07:31-12:08:56.452, type: control_info }
{ VID: FODRO03, command: 60055, data: {"arrivalDistance":"150.452","arrivalId":"102","arrivalName":"고려대","latitude":"0.000000","longitude":"0.000000"}, timestamp: 2024:07:31-12:08:56.785, type: destination_info }
{ VID: FODRO03, command: 60051, data: {"heading":"-0.209694","latitude":"-4.559033","longitude":"-26.712433","speed":"12.191254"}, timestamp: 2024:07:31-12:08:56.787, type: location_info }
{ VID: FODRO03, command: 60053, data: {"accel":"100.000000","autoDrivingStatus":"2","brake":"0.000000","brakeStatus":"0","drivingDistance":"23","emergencyLight":"0","mdpsAngle":"50.000000","transmission":"3","turnSignal":"0","wheelSpeed":"22.576396","yawRate":"0.000000"}, timestamp: 2024:07:31-12:08:56.788, type: vehicle_info }
{ VID: FODRO03, command: 60121, data: {"acceleration":"-0.406829","handleAngle":"-151.425257","interVehicleDistance":"0","lateralAcceleration":"0.000000","latitude":"-4.559033","lngAcceleration":"0","longitude":"-26.712433","seq":"2","speed":"3.313766","steeringTireAngle":"-0.281961","steeringTireRotationRate":"-0.491064","ttc":"0.000000"}, timestamp: 2024:07:31-12:08:56.789, type: control_info }
{ VID: FODRO03, command: 60055, data: {"arrivalDistance":"150.452","arrivalId":"102","arrivalName":"고려대","latitude":"0.000000","longitude":"0.000000"}, timestamp: 2024:07:31-12:08:57.120, type: destination_info }
{ VID: FODRO03, command: 60051, data: {"heading":"-0.302852","latitude":"-4.827348","longitude":"-25.669016","speed":"11.697802"}, timestamp: 2024:07:31-12:08:57.124, type: location_info }
{ VID: FODRO03, command: 60053, data: {"accel":"100.000000","autoDrivingStatus":"2","brake":"0.000000","brakeStatus":"0","drivingDistance":"23","emergencyLight":"0","mdpsAngle":"75.000000","transmission":"3","turnSignal":"0","wheelSpeed":"21.662596","yawRate":"0.000000"}, timestamp: 2024:07:31-12:08:57.130, type: vehicle_info }
{ VID: FODRO03, command: 60121, data: {"acceleration":"-0.309066","handleAngle":"-225.442059","interVehicleDistance":"0","lateralAcceleration":"0.000000","latitude":"-4.827348","lngAcceleration":"0","longitude":"-25.669016","seq":"2","speed":"3.182089","steeringTireAngle":"-0.371054","steeringTireRotationRate":"-0.657934","ttc":"0.000000"}, timestamp: 2024:07:31-12:08:57.139, type: control_info }
{ VID: FODRO03, command: 60055, data: {"arrivalDistance":"150.452","arrivalId":"102","arrivalName":"고려대","latitude":"0.000000","longitude":"0.000000"}, timestamp: 2024:07:31-12:08:57.452, type: destination_info }
{ VID: FODRO03, command: 60051, data: {"heading":"-0.402538","latitude":"-4.984706","longitude":"-24.643390","speed":"11.314217"}, timestamp: 2024:07:31-12:08:57.453, type: location_info }
{ VID: FODRO03, command: 60053, data: {"accel":"100.000000","autoDrivingStatus":"2","brake":"0.000000","brakeStatus":"0","drivingDistance":"23","emergencyLight":"0","mdpsAngle":"102.000000","transmission":"3","turnSignal":"0","wheelSpeed":"20.952253","yawRate":"0.000000"}, timestamp: 2024:07:31-12:08:57.453, type: vehicle_info }
{ VID: FODRO03, command: 60121, data: {"acceleration":"-0.224138","handleAngle":"-304.647076","interVehicleDistance":"0","lateralAcceleration":"0.000000","latitude":"-4.984706","lngAcceleration":"0","longitude":"-24.643390","seq":"2","speed":"3.099095","steeringTireAngle":"-0.432050","steeringTireRotationRate":"-0.731098","ttc":"0.000000"}, timestamp: 2024:07:31-12:08:57.453, type: control_info }
{ VID: FODRO03, command: 60055, data: {"arrivalDistance":"150.452","arrivalId":"102","arrivalName":"고려대","latitude":"0.000000","longitude":"0.000000"}, timestamp: 2024:07:31-12:08:57.785, type: destination_info }
{ VID: FODRO03, command: 60051, data: {"heading":"-0.501369","latitude":"-5.000496","longitude":"-23.549820","speed":"11.019126"}, timestamp: 2024:07:31-12:08:57.788, type: location_info }
{ VID: FODRO03, command: 60053, data: {"accel":"100.000000","autoDrivingStatus":"2","brake":"0.000000","brakeStatus":"0","drivingDistance":"23","emergencyLight":"0","mdpsAngle":"-0.000000","transmission":"2","turnSignal":"0","wheelSpeed":"20.405788","yawRate":"0.000000"}, timestamp: 2024:07:31-12:08:57.788, type: vehicle_info }
{ VID: FODRO03, command: 60121, data: {"acceleration":"-0.157818","handleAngle":"0.000000","interVehicleDistance":"0","lateralAcceleration":"0.000000","latitude":"-5.000496","lngAcceleration":"0","longitude":"-23.549820","seq":"2","speed":"3.029613","steeringTireAngle":"-0.526942","steeringTireRotationRate":"-0.766314","ttc":"0.000000"}, timestamp: 2024:07:31-12:08:57.789, type: control_info }
{ VID: FODRO03, command: 60055, data: {"arrivalDistance":"150.452","arrivalId":"102","arrivalName":"고려대","latitude":"0.000000","longitude":"0.000000"}, timestamp: 2024:07:31-12:08:58.119, type: destination_info }
{ VID: FODRO03, command: 60051, data: {"heading":"-0.604404","latitude":"-4.849817","longitude":"-22.587413","speed":"10.828868"}, timestamp: 2024:07:31-12:08:58.119, type: location_info }
{ VID: FODRO03, command: 60053, data: {"accel":"100.000000","autoDrivingStatus":"2","brake":"0.000000","brakeStatus":"0","drivingDistance":"23","emergencyLight":"0","mdpsAngle":"152.000000","transmission":"3","turnSignal":"0","wheelSpeed":"20.053460","yawRate":"0.000000"}, timestamp: 2024:07:31-12:08:58.119, type: vehicle_info }
{ VID: FODRO03, command: 60121, data: {"acceleration":"-0.108699","handleAngle":"-455.539035","interVehicleDistance":"0","lateralAcceleration":"0.000000","latitude":"-4.849817","lngAcceleration":"0","longitude":"-22.587413","seq":"2","speed":"2.984347","steeringTireAngle":"-0.592804","steeringTireRotationRate":"-0.120024","ttc":"0.000000"}, timestamp: 2024:07:31-12:08:58.119, type: control_info }
{ VID: FODRO03, command: 60055, data: {"arrivalDistance":"150.452","arrivalId":"102","arrivalName":"고려대","latitude":"0.000000","longitude":"0.000000"}, timestamp: 2024:07:31-12:08:58.452, type: destination_info }
{ VID: FODRO03, command: 60051, data: {"heading":"-0.703375","latitude":"-4.515380","longitude":"-21.677660","speed":"10.695323"}, timestamp: 2024:07:31-12:08:58.452, type: location_info }
{ VID: FODRO03, command: 60053, data: {"accel":"100.000000","autoDrivingStatus":"2","brake":"0.000000","brakeStatus":"0","drivingDistance":"23","emergencyLight":"0","mdpsAngle":"174.000000","transmission":"3","turnSignal":"0","wheelSpeed":"19.806155","yawRate":"0.000000"}, timestamp: 2024:07:31-12:08:58.452, type: vehicle_info }
{ VID: FODRO03, command: 60121, data: {"acceleration":"-0.058696","handleAngle":"-521.677371","interVehicleDistance":"0","lateralAcceleration":"0.000000","latitude":"-4.515380","lngAcceleration":"0","longitude":"-21.677660","seq":"2","speed":"2.956613","steeringTireAngle":"-0.554097","steeringTireRotationRate":"-0.847931","ttc":"0.000000"}, timestamp: 2024:07:31-12:08:58.452, type: control_info }
{ VID: FODRO03, command: 60055, data: {"arrivalDistance":"150.452","arrivalId":"102","arrivalName":"고려대","latitude":"0.000000","longitude":"0.000000"}, timestamp: 2024:07:31-12:08:58.786, type: destination_info }
{ VID: FODRO03, command: 60051, data: {"heading":"0.000000","latitude":"-3.990665","longitude":"-20.874196","speed":"0.000000"}, timestamp: 2024:07:31-12:08:58.786, type: location_info }
{ VID: FODRO03, command: 60053, data: {"accel":"100.000000","autoDrivingStatus":"2","brake":"0.000000","brakeStatus":"0","drivingDistance":"23","emergencyLight":"0","mdpsAngle":"-0.000000","transmission":"2","turnSignal":"0","wheelSpeed":"0.000000","yawRate":"0.000000"}, timestamp: 2024:07:31-12:08:58.787, type: vehicle_info }
{ VID: FODRO03, command: 60121, data: {"acceleration":"-0.031020","handleAngle":"0.000000","interVehicleDistance":"0","lateralAcceleration":"0.000000","latitude":"-3.990665","lngAcceleration":"0","longitude":"-20.874196","seq":"2","speed":"2.941765","steeringTireAngle":"-0.628272","steeringTireRotationRate":"-0.181901","ttc":"0.000000"}, timestamp: 2024:07:31-12:08:58.787, type: control_info }
{ VID: FODRO03, command: 60055, data: {"arrivalDistance":"150.452","arrivalId":"102","arrivalName":"고려대","latitude":"0.000000","longitude":"0.000000"}, timestamp: 2024:07:31-12:08:59.119, type: destination_info }
{ VID: FODRO03, command: 60051, data: {"heading":"-0.763420","latitude":"-3.238986","longitude":"-20.173917","speed":"10.575363"}, timestamp: 2024:07:31-12:08:59.119, type: location_info }
{ VID: FODRO03, command: 60053, data: {"accel":"100.000000","autoDrivingStatus":"2","brake":"0.000000","brakeStatus":"0","drivingDistance":"23","emergencyLight":"0","mdpsAngle":"187.000000","transmission":"3","turnSignal":"0","wheelSpeed":"19.584006","yawRate":"0.000000"}, timestamp: 2024:07:31-12:08:59.119, type: vehicle_info }
{ VID: FODRO03, command: 60121, data: {"acceleration":"-0.028503","handleAngle":"-561.495245","interVehicleDistance":"0","lateralAcceleration":"0.000000","latitude":"-3.238986","lngAcceleration":"0","longitude":"-20.173917","seq":"2","speed":"2.932646","steeringTireAngle":"-0.620030","steeringTireRotationRate":"0.156850","ttc":"0.000000"}, timestamp: 2024:07:31-12:08:59.119, type: control_info }
{ VID: FODRO03, command: 60055, data: {"arrivalDistance":"150.452","arrivalId":"102","arrivalName":"고려대","latitude":"0.000000","longitude":"0.000000"}, timestamp: 2024:07:31-12:08:59.452, type: destination_info }
{ VID: FODRO03, command: 60051, data: {"heading":"-0.795601","latitude":"-2.401720","longitude":"-19.723572","speed":"10.544158"}, timestamp: 2024:07:31-12:08:59.452, type: location_info }
{ VID: FODRO03, command: 60053, data: {"accel":"100.000000","autoDrivingStatus":"2","brake":"0.000000","brakeStatus":"0","drivingDistance":"23","emergencyLight":"0","mdpsAngle":"194.000000","transmission":"3","turnSignal":"0","wheelSpeed":"19.526219","yawRate":"0.000000"}, timestamp: 2024:07:31-12:08:59.452, type: vehicle_info }
{ VID: FODRO03, command: 60121, data: {"acceleration":"0.002304","handleAngle":"-580.884619","interVehicleDistance":"0","lateralAcceleration":"0.000000","latitude":"-2.401720","lngAcceleration":"0","longitude":"-19.723572","seq":"2","speed":"2.927893","steeringTireAngle":"-0.579559","steeringTireRotationRate":"0.210321","ttc":"0..000000"}, timestamp: 2024:07:31-12:08:59.452, type: control_info }
{ VID: FODRO03, command: 60055, data: {"arrivalDistance":"150.452","arrivalId":"102","arrivalName":"고려대","latitude":"0.000000","longitude":"0.000000"}, timestamp: 2024:07:31-12:08:59.786, type: destination_info }
{ VID: FODRO03, command: 60051, data: {"heading":"0.000000","latitude":"-1.479792","longitude":"-19.499742","speed":"0.000000"}, timestamp: 2024:07:31-12:08:59.791, type: location_info }
{ VID: FODRO03, command: 60053, data: {"accel":"100.000000","autoDrivingStatus":"2","brake":"0.000000","brakeStatus":"0","drivingDistance":"23","emergencyLight":"0","mdpsAngle":"-0.000000","transmission":"2","turnSignal":"0","wheelSpeed":"0.000000","yawRate":"0.000000"}, timestamp: 2024:07:31-12:08:59.794, type: vehicle_info }
{ VID: FODRO03, command: 60121, data: {"acceleration":"0.045511","handleAngle":"0.000000","interVehicleDistance":"0","lateralAcceleration":"0.000000","latitude":"-1.479792","lngAcceleration":"0","longitude":"-19.499742","seq":"2","speed":"2.935439","steeringTireAngle":"-0.497037","steeringTireRotationRate":"-0.488195","ttc":"0.000000"}, timestamp: 2024:07:31-12:08:59.794, type: control_info }
{ VID: FODRO03, command: 60055, data: {"arrivalDistance":"150.452","arrivalId":"102","arrivalName":"고려대","latitude":"0.000000","longitude":"0.000000"}, timestamp: 2024:07:31-12:09:00.119, type: destination_info }
{ VID: FODRO03, command: 60051, data: {"heading":"-0.670470","latitude":"-0.455985","longitude":"-19.512460","speed":"10.591346"}, timestamp: 2024:07:31-12:09:00.119, type: location_info }
{ VID: FODRO03, command: 60053, data: {"accel":"100.000000","autoDrivingStatus":"2","brake":"0.000000","brakeStatus":"0","drivingDistance":"23","emergencyLight":"0","mdpsAngle":"169.000000","transmission":"3","turnSignal":"0","wheelSpeed":"19.613605","yawRate":"0.000000"}, timestamp: 2024:07:31-12:09:00.120, type: vehicle_info }
{ VID: FODRO03, command: 60121, data: {"acceleration":"0.122331","handleAngle":"-505.825182","interVehicleDistance":"0","lateralAcceleration":"0.000000","latitude":"-0.455985","lngAcceleration":"0","longitude":"-19.512460","seq":"2","speed":"2.966195","steeringTireAngle":"-0.410690","steeringTireRotationRate":"-0.497934","ttc":"0.000000"}, timestamp: 2024:07:31-12:09:00.122, type: control_info }
{ VID: FODRO03, command: 60055, data: {"arrivalDistance":"150.452","arrivalId":"102","arrivalName":"고려대","latitude":"0.000000","longitude":"0.000000"}, timestamp: 2024:07:31-12:09:00.452, type: destination_info }
{ VID: FODRO03, command: 60051, data: {"heading":"-0.579961","latitude":"0.476243","longitude":"-19.741196","speed":"10.718014"}, timestamp: 2024:07:31-12:09:00.452, type: location_info }
{ VID: FODRO03, command: 60053, data: {"accel":"100.000000","autoDrivingStatus":"2","brake":"0.000000","brakeStatus":"0","drivingDistance":"23","emergencyLight":"0","mdpsAngle":"148.000000","transmission":"3","turnSignal":"0","wheelSpeed":"19.848173","yawRate":"0.000000"}, timestamp: 2024:07:31-12:09:00.452, type: vehicle_info }
{ VID: FODRO03, command: 60121, data: {"acceleration":"0.198203","handleAngle":"-443.672563","interVehicleDistance":"0","lateralAcceleration":"0.000000","latitude":"0.476243","lngAcceleration":"0","longitude":"-19.741196","seq":"2","speed":"3.019644","steeringTireAngle":"-0.456933","steeringTireRotationRate":"0.162112","ttc":"0.000000"}, timestamp: 2024:07:31-12:09:00.453, type: control_info }
{ VID: FODRO03, command: 60055, data: {"arrivalDistance":"150.452","arrivalId":"102","arrivalName":"고려대","latitude":"0.000000","longitude":"0.000000"}, timestamp: 2024:07:31-12:09:00.785, type: destination_info }
{ VID: FODRO03, command: 60051, data: {"heading":"-0.566194","latitude":"1.426786","longitude":"-20.188945","speed":"10.957966"}, timestamp: 2024:07:31-12:09:00.788, type: location_info }
{ VID: FODRO03, command: 60053, data: {"accel":"100.000000","autoDrivingStatus":"2","brake":"0.000000","brakeStatus":"0","drivingDistance":"23","emergencyLight":"0","mdpsAngle":"142.000000","transmission":"3","turnSignal":"0","wheelSpeed":"20.292530","yawRate":"0.000000"}, timestamp: 2024:07:31-12:09:00.790, type: vehicle_info }
{ VID: FODRO03, command: 60121, data: {"acceleration":"0.295649","handleAngle":"-426.389657","interVehicleDistance":"0","lateralAcceleration":"0.000000","latitude":"1.426786","lngAcceleration":"0","longitude":"-20.188945","seq":"2","speed":"3.105281","steeringTireAngle":"-0.336453","steeringTireRotationRate":"-0.448910","ttc":"0..000000"}, timestamp: 2024:07:31-12:09:00.792, type: control_info }
{ VID: FODRO03, command: 60055, data: {"arrivalDistance":"150.452","arrivalId":"102","arrivalName":"고려대","latitude":"0.000000","longitude":"0.000000"}, timestamp: 2024:07:31-12:09:01.119, type: destination_info }
{ VID: FODRO03, command: 60051, data: {"heading":"-0.487905","latitude":"2.237635","longitude":"-20.778216","speed":"11.295132"}, timestamp: 2024:07:31-12:09:01.119, type: location_info }
{ VID: FODRO03, command: 60053, data: {"accel":"100.000000","autoDrivingStatus":"2","brake":"0.000000","brakeStatus":"0","drivingDistance":"23","emergencyLight":"0","mdpsAngle":"121.000000","transmission":"3","turnSignal":"0","wheelSpeed":"20.916912","yawRate":"0.000000"}, timestamp: 2024:07:31-12:09:01.119, type: vehicle_info }
{ VID: FODRO03, command: 60121, data: {"acceleration":"0.372691","handleAngle":"-363.927410","interVehicleDistance":"0","lateralAcceleration":"0.000000","latitude":"2.237635","lngAcceleration":"0","longitude":"-20.778216","seq":"2","speed":"3.226292","steeringTireAngle":"-0.323331","steeringTireRotationRate":"-0.356552","ttc":"0..000000"}, timestamp: 2024:07:31-12:09:01.119, type: control_info }
{ VID: FODRO03, command: 60055, data: {"arrivalDistance":"150.452","arrivalId":"102","arrivalName":"고려대","latitude":"0.000000","longitude":"0.000000"}, timestamp: 2024:07:31-12:09:01.453, type: destination_info }
{ VID: FODRO03, command: 60051, data: {"heading":"-0.449662","latitude":"2.968107","longitude":"-21.515372","speed":"11.738419"}, timestamp: 2024:07:31-12:09:01.457, type: location_info }
{ VID: FODRO03, command: 60053, data: {"accel":"100.000000","autoDrivingStatus":"2","brake":"0.000000","brakeStatus":"0","drivingDistance":"23","emergencyLight":"0","mdpsAngle":"109.000000","transmission":"3","turnSignal":"0","wheelSpeed":"21.737812","yawRate":"0.000000"}, timestamp: 2024:07:31-12:09:01.460, type: vehicle_info }
{ VID: FODRO03, command: 60121, data: {"acceleration":"0.531251","handleAngle":"-326.206126","interVehicleDistance":"0","lateralAcceleration":"0.000000","latitude":"2.968107","lngAcceleration":"0","longitude":"-21.515372","seq":"2","speed":"3.383274","steeringTireAngle":"-0.217340","steeringTireRotationRate":"-0.270515","ttc":"0..000000"}, timestamp: 2024:07:31-12:09:01.463, type: control_info }
{ VID: FODRO03, command: 60055, data: {"arrivalDistance":"150.452","arrivalId":"102","arrivalName":"고려대","latitude":"0.000000","longitude":"0.000000"}, timestamp: 2024:07:31-12:09:01.785, type: destination_info }
{ VID: FODRO03, command: 60051, data: {"heading":"-0.341214","latitude":"3.660614","longitude":"-22.459173","speed":"12.390995"}, timestamp: 2024:07:31-12:09:01.785, type: location_info }
{ VID: FODRO03, command: 60053, data: {"accel":"100.000000","autoDrivingStatus":"2","brake":"0.000000","brakeStatus":"0","drivingDistance":"23","emergencyLight":"0","mdpsAngle":"80.000000","transmission":"3","turnSignal":"0","wheelSpeed":"22.946286","yawRate":"0.000000"}, timestamp: 2024:07:31-12:09:01.786, type: vehicle_info }
{ VID: FODRO03, command: 60121, data: {"acceleration":"0.622870","handleAngle":"-239.183020","interVehicleDistance":"0","lateralAcceleration":"0.000000","latitude":"3.660614","lngAcceleration":"0","longitude":"-22.459173","seq":"2","speed":"3.570927","steeringTireAngle":"-0.099144","steeringTireRotationRate":"0.379015","ttc":"0.000000"}, timestamp: 2024:07:31-12:09:01.786, type: control_info }
{ VID: FODRO03, command: 60055, data: {"arrivalDistance":"150.452","arrivalId":"102","arrivalName":"고려대","latitude":"76.112844","longitude":"-215.589872"}, timestamp: 2024:07:31-12:09:02.119, type: destination_info }
{ VID: FODRO03, command: 60051, data: {"heading":"-0.207675","latitude":"4.231096","longitude":"-23.457844","speed":"13.114186"}, timestamp: 2024:07:31-12:09:02.119, type: location_info }
{ VID: FODRO03, command: 60053, data: {"accel":"100.000000","autoDrivingStatus":"2","brake":"0.000000","brakeStatus":"0","drivingDistance":"23","emergencyLight":"0","mdpsAngle":"47.000000","transmission":"3","turnSignal":"0","wheelSpeed":"24.285529","yawRate":"0.000000"}, timestamp: 2024:07:31-12:09:02.119, type: vehicle_info }
{ VID: FODRO03, command: 60121, data: {"acceleration":"0.696257","handleAngle":"-139.599628","interVehicleDistance":"0","lateralAcceleration":"0.000000","latitude":"4.231096","lngAcceleration":"0","longitude":"-23.457844","seq":"2","speed":"3.812402","steeringTireAngle":"-0.007936","steeringTireRotationRate":"0.285304","ttc":"0.000000"}, timestamp: 2024:07:31-12:09:02.119, type: control_info }
{ VID: FODRO03, command: 60055, data: {"arrivalDistance":"150.452","arrivalId":"102","arrivalName":"고려대","latitude":"76.112844","longitude":"-215.589872"}, timestamp: 2024:07:31-12:09:02.452, type: destination_info }
{ VID: FODRO03, command: 60051, data: {"heading":"-0.071137","latitude":"4.764817","longitude":"-24.554512","speed":"13.916244"}, timestamp: 2024:07:31-12:09:02.452, type: location_info }
{ VID: FODRO03, command: 60053, data: {"accel":"100.000000","autoDrivingStatus":"2","brake":"0.000000","brakeStatus":"0","drivingDistance":"23","emergencyLight":"0","mdpsAngle":"15.000000","transmission":"3","turnSignal":"0","wheelSpeed":"25.770822","yawRate":"0.000000"}, timestamp: 2024:07:31-12:09:02.453, type: vehicle_info }
{ VID: FODRO03, command: 60121, data: {"acceleration":"0.740735","handleAngle":"-45.367199","interVehicleDistance":"0","lateralAcceleration":"0.000000","latitude":"4.764817","lngAcceleration":"0","longitude":"-24.554512","seq":"2","speed":"4.038647","steeringTireAngle":"0.057044","steeringTireRotationRate":"0.179378","ttc":"0.000000"}, timestamp: 2024:07:31-12:09:02.453, type: control_info }
{ VID: FODRO03, command: 60055, data: {"arrivalDistance":"150.452","arrivalId":"102","arrivalName":"고려대","latitude":"76.112844","longitude":"-215.589872"}, timestamp: 2024:07:31-12:09:02.785, type: destination_info }
{ VID: FODRO03, command: 60051, data: {"heading":"0.032571","latitude":"5.347228","longitude":"-25.824746","speed":"14.840811"}, timestamp: 2024:07:31-12:09:02.786, type: location_info }
{ VID: FODRO03, command: 60053, data: {"accel":"100.000000","autoDrivingStatus":"2","brake":"0.000000","brakeStatus":"0","drivingDistance":"23","emergencyLight":"0","mdpsAngle":"-6.000000","transmission":"3","turnSignal":"0","wheelSpeed":"27.482983","yawRate":"0.000000"}, timestamp: 2024:07:31-12:09:02.786, type: vehicle_info }
{ VID: FODRO03, command: 60121, data: {"acceleration":"0.769210","handleAngle":"19.490512","interVehicleDistance":"0","lateralAcceleration":"0.000000","latitude":"5.347228","lngAcceleration":"0","longitude":"-25.824746","seq":"2","speed":"4.276501","steeringTireAngle":"0.032248","steeringTireRotationRate":"0.032948","ttc":"0.000000"}, timestamp: 2024:07:31-12:09:02.786, type: control_info }
{ VID: FODRO03, command: 60055, data: {"arrivalDistance":"150.452","arrivalId":"102","arrivalName":"고려대","latitude":"76.112844","longitude":"-215.589872"}, timestamp: 2024:07:31-12:09:03.119, type: destination_info }
{ VID: FODRO03, command: 60051, data: {"heading":"0.052382","latitude":"5.932019","longitude":"-27.074857","speed":"15.737026"}, timestamp: 2024:07:31-12:09:03.119, type: location_info }
{ VID: FODRO03, command: 60053, data: {"accel":"100.000000","autoDrivingStatus":"2","brake":"0.000000","brakeStatus":"0","drivingDistance":"23","emergencyLight":"0","mdpsAngle":"-10.000000","transmission":"3","turnSignal":"0","wheelSpeed":"29.142640","yawRate":"0.000000"}, timestamp: 2024:07:31-12:09:03.119, type: vehicle_info }
{ VID: FODRO03, command: 60121, data: {"acceleration":"0.786945","handleAngle":"29.554897","interVehicleDistance":"0","lateralAcceleration":"0.000000","latitude":"5.932019","lngAcceleration":"0","longitude":"-27.074857","seq":"2","speed":"4.541201","steeringTireAngle":"0.003075","steeringTireRotationRate":"0.001122","ttc":"0.000000"}, timestamp: 2024:07:31-12:09:03.119, type: control_info }
{ VID: FODRO03, command: 60055, data: {"arrivalDistance":"150.452","arrivalId":"102","arrivalName":"고려대","latitude":"76.112844","longitude":"-215.589872"}, timestamp: 2024:07:31-12:09:03.452, type: destination_info }
{ VID: FODRO03, command: 60051, data: {"heading":"0.030567","latitude":"6.572716","longitude":"-28.388945","speed":"16.654424"}, timestamp: 2024:07:31-12:09:03.452, type: location_info }
{ VID: FODRO03, command: 60053, data: {"accel":"100.000000","autoDrivingStatus":"2","brake":"0.000000","brakeStatus":"0","drivingDistance":"23","emergencyLight":"0","mdpsAngle":"-5.000000","transmission":"3","turnSignal":"0","wheelSpeed":"30.841525","yawRate":"0.000000"}, timestamp: 2024:07:31-12:09:03.452, type: vehicle_info }
{ VID: FODRO03, command: 60121, data: {"acceleration":"0.792810","handleAngle":"16.300188","interVehicleDistance":"0","lateralAcceleration":"0.000000","latitude":"6.572716","lngAcceleration":"0","longitude":"-28.388945","seq":"2","speed":"4.790613","steeringTireAngle":"-0.018328","steeringTireRotationRate":"-0.071334","ttc":"0.000000"}, timestamp: 2024:07:31-12:09:03.452, type: control_info }
{ VID: FODRO03, command: 60055, data: {"arrivalDistance":"150.452","arrivalId":"102","arrivalName":"고려대","latitude":"76.112844","longitude":"-215.589872"}, timestamp: 2024:07:31-12:09:03.785, type: destination_info }
{ VID: FODRO03, command: 60051, data: {"heading":"-0.006729","latitude":"7.322876","longitude":"-29.888814","speed":"17.657288"}, timestamp: 2024:07:31-12:09:03.785, type: location_info }
{ VID: FODRO03, command: 60053, data: {"accel":"100.000000","autoDrivingStatus":"2","brake":"0.000000","brakeStatus":"0","drivingDistance":"23","emergencyLight":"0","mdpsAngle":"1.000000","transmission":"3","turnSignal":"0","wheelSpeed":"32.698682","yawRate":"0.000000"}, timestamp: 2024:07:31-12:09:03.786, type: vehicle_info }
{ VID: FODRO03, command: 60121, data: {"acceleration":"0.789277","handleAngle":"-3.384825","interVehicleDistance":"0","lateralAcceleration":"0.000000","latitude":"7.322876","lngAcceleration":"0","longitude":"-29.888814","seq":"2","speed":"5.042707","steeringTireAngle":"-0.024050","steeringTireRotationRate":"-0.042210","ttc":"0.000000"}, timestamp: 2024:07:31-12:09:03.786, type: control_info }
{ VID: FODRO03, command: 60055, data: {"arrivalDistance":"150.452","arrivalId":"102","arrivalName":"고려대","latitude":"76.112844","longitude":"-215.589872"}, timestamp: 2024:07:31-12:09:04.119, type: destination_info }
{ VID: FODRO03, command: 60051, data: {"heading":"-0.032144","latitude":"8.048266","longitude":"-31.343923","speed":"18.575484"}, timestamp: 2024:07:31-12:09:04.119, type: location_info }
{ VID: FODRO03, command: 60053, data: {"accel":"100.000000","autoDrivingStatus":"2","brake":"0.000000","brakeStatus":"0","drivingDistance":"23","emergencyLight":"0","mdpsAngle":"5.000000","transmission":"3","turnSignal":"0","wheelSpeed":"34.399045","yawRate":"0.000000"}, timestamp: 2024:07:31-12:09:04.119, type: vehicle_info }
{ VID: FODRO03, command: 60121, data: {"acceleration":"0.778554","handleAngle":"-15.368810","interVehicleDistance":"0","lateralAcceleration":"0.000000","latitude":"8.048266","lngAcceleration":"0","longitude":"-31.343923","seq":"2","speed":"5.289409","steeringTireAngle":"-0.027561","steeringTireRotationRate":"-0.046620","ttc":"0.000000"}, timestamp: 2024:07:31-12:09:04.119, type: control_info }
{ VID: FODRO03, command: 60055, data: {"arrivalDistance":"150.452","arrivalId":"102","arrivalName":"고려대","latitude":"76.112844","longitude":"-215.589872"}, timestamp: 2024:07:31-12:09:04.452, type: destination_info }
{ VID: FODRO03, command: 60051, data: {"heading":"-0.048304","latitude":"8.799404","longitude":"-32.889333","speed":"19.487600"}, timestamp: 2024:07:31-12:09:04.452, type: location_info }
{ VID: FODRO03, command: 60053, data: {"accel":"100.000000","autoDrivingStatus":"2","brake":"0.000000","brakeStatus":"0","drivingDistance":"23","emergencyLight":"0","mdpsAngle":"7.000000","transmission":"3","turnSignal":"0","wheelSpeed":"36.088149","yawRate":"0.000000"}, timestamp: 2024:07:31-12:09:04.453, type: vehicle_info }
{ VID: FODRO03, command: 60121, data: {"acceleration":"0.762181","handleAngle":"-22.012039","interVehicleDistance":"0","lateralAcceleration":"0.000000","latitude":"8.799404","lngAcceleration":"0","longitude":"-32.889333","seq":"2","speed":"5.534552","steeringTireAngle":"-0.022328","steeringTireRotationRate":"-0.045184","ttc":"0.000000"}, timestamp: 2024:07:31-12:09:04.453, type: control_info }
{ VID: FODRO03, command: 60055, data: {"arrivalDistance":"150.452","arrivalId":"102","arrivalName":"고려대","latitude":"76.112844","longitude":"-215.589872"}, timestamp: 2024:07:31-12:09:04.786, type: destination_info }
{ VID: FODRO03, command: 60051, data: {"heading":"-0.046306","latitude":"9.625797","longitude":"-34.658436","speed":"20.454050"}, timestamp: 2024:07:31-12:09:04.786, type: location_info }
{ VID: FODRO03, command: 60053, data: {"accel":"100.000000","autoDrivingStatus":"2","brake":"0.000000","brakeStatus":"0","drivingDistance":"23","emergencyLight":"0","mdpsAngle":"7.000000","transmission":"2","turnSignal":"0","wheelSpeed":"37.877871","yawRate":"0.000000"}, timestamp: 2024:07:31-12:09:04.786, type: vehicle_info }
{ VID: FODRO03, command: 60121, data: {"acceleration":"0.740620","handleAngle":"-20.105049","interVehicleDistance":"0","lateralAcceleration":"0.000000","latitude":"9.625797","lngAcceleration":"0","longitude":"-34.658436","seq":"2","speed":"5.774546","steeringTireAngle":"-0.016352","steeringTireRotationRate":"0.039688","ttc":"0.000000"}, timestamp: 2024:07:31-12:09:04.786, type: control_info }
{ VID: FODRO03, command: 60055, data: {"arrivalDistance":"150.452","arrivalId":"102","arrivalName":"고려대","latitude":"76.112844","longitude":"-215.589872"}, timestamp: 2024:07:31-12:09:05.119, type: destination_info }
{ VID: FODRO03, command: 60051, data: {"heading":"-0.035362","latitude":"10.393634","longitude":"-36.368182","speed":"21.315624"}, timestamp: 2024:07:31-12:09:05.119, type: location_info }
{ VID: FODRO03, command: 60053, data: {"accel":"100.000000","autoDrivingStatus":"2","brake":"0.000000","brakeStatus":"0","drivingDistance":"23","emergencyLight":"0","mdpsAngle":"5.000000","transmission":"3","turnSignal":"0","wheelSpeed":"39.473378","yawRate":"0.000000"}, timestamp: 2024:07:31-12:09:05.119, type: vehicle_info }
{ VID: FODRO03, command: 60121, data: {"acceleration":"0.710608","handleAngle":"-14.733719","interVehicleDistance":"0","lateralAcceleration":"0.000000","latitude":"10.393634","lngAcceleration":"0","longitude":"-36.368182","seq":"2","speed":"6.043063","steeringTireAngle":"-0.004622","steeringTireRotationRate":"0.039259","ttc":"0.000000"}, timestamp: 2024:07:31-12:09:05.120, type: control_info }
{ VID: FODRO03, command: 60055, data: {"arrivalDistance":"150.452","arrivalId":"102","arrivalName":"고려대","latitude":"76.112844","longitude":"-215.589872"}, timestamp: 2024:07:31-12:09:05.452, type: destination_info }
{ VID: FODRO03, command: 60051, data: {"heading":"-0.020900","latitude":"11.177814","longitude":"-38.167137","speed":"22.152731"}, timestamp: 2024:07:31-12:09:05.452, type: location_info }
{ VID: FODRO03, command: 60053, data: {"accel":"100.000000","autoDrivingStatus":"2","brake":"0.000000","brakeStatus":"0","drivingDistance":"23","emergencyLight":"0","mdpsAngle":"3.000000","transmission":"3","turnSignal":"0","wheelSpeed":"41.023575","yawRate":"0.000000"}, timestamp: 2024:07:31-12:09:05.452, type: vehicle_info }
{ VID: FODRO03, command: 60121, data: {"acceleration":"0.683399","handleAngle":"-8.379540","interVehicleDistance":"0","lateralAcceleration":"0.000000","latitude":"11.177814","lngAcceleration":"0","longitude":"-38.167137","seq":"2","speed":"6.249793","steeringTireAngle":"-0.001554","steeringTireRotationRate":"0.027769","ttc":"0.000000"}, timestamp: 2024:07:31-12:09:05.453, type: control_info }
{ VID: FODRO03, command: 60055, data: {"arrivalDistance":"150.452","arrivalId":"102","arrivalName":"고려대","latitude":"76.112844","longitude":"-215.589872"}, timestamp: 2024:07:31-12:09:05.785, type: destination_info }
{ VID: FODRO03, command: 60051, data: {"heading":"-0.006999","latitude":"12.048533","longitude":"-40.201929","speed":"23.022491"}, timestamp: 2024:07:31-12:09:05.786, type: location_info }
{ VID: FODRO03, command: 60053, data: {"accel":"100.000000","autoDrivingStatus":"2","brake":"0.000000","brakeStatus":"0","drivingDistance":"23","emergencyLight":"0","mdpsAngle":"1.000000","transmission":"3","turnSignal":"0","wheelSpeed":"42.634242","yawRate":"0.000000"}, timestamp: 2024:07:31-12:09:05.786, type: vehicle_info }
{ VID: FODRO03, command: 60121, data: {"acceleration":"0.647758","handleAngle":"-2.700381","interVehicleDistance":"0","lateralAcceleration":"0.000000","latitude":"12.048533","lngAcceleration":"0","longitude":"-40.201929","seq":"2","speed":"6.481541","steeringTireAngle":"0.003059","steeringTireRotationRate":"0.002140","ttc":"0.000000"}, timestamp: 2024:07:31-12:09:05.786, type: control_info }
{ VID: FODRO03, command: 60055, data: {"arrivalDistance":"150.452","arrivalId":"102","arrivalName":"고려대","latitude":"76.112844","longitude":"-215.589872"}, timestamp: 2024:07:31-12:09:06.119, type: destination_info }
{ VID: FODRO03, command: 60051, data: {"heading":"0.001906","latitude":"12.868034","longitude":"-42.130330","speed":"23.778168"}, timestamp: 2024:07:31-12:09:06.119, type: location_info }
{ VID: FODRO03, command: 60053, data: {"accel":"100.000000","autoDrivingStatus":"2","brake":"0.000000","brakeStatus":"0","drivingDistance":"23","emergencyLight":"0","mdpsAngle":"-0.000000","transmission":"3","turnSignal":"0","wheelSpeed":"44.033645","yawRate":"0.000000"}, timestamp: 2024:07:31-12:09:06.120, type: vehicle_info }
{ VID: FODRO03, command: 60121, data: {"acceleration":"0.610436","handleAngle":"0.711906","interVehicleDistance":"0","lateralAcceleration":"0.000000","latitude":"12.868034","lngAcceleration":"0","longitude":"-42.130330","seq":"2","speed":"6.699440","steeringTireAngle":"0.002767","steeringTireRotationRate":"0.003357","ttc":"0.000000"}, timestamp: 2024:07:31-12:09:06.120, type: control_info }
{ VID: FODRO03, command: 60055, data: {"arrivalDistance":"150.452","arrivalId":"102","arrivalName":"고려대","latitude":"76.112844","longitude":"-215.589872"}, timestamp: 2024:07:31-12:09:06.452, type: destination_info }
{ VID: FODRO03, command: 60051, data: {"heading":"0.005548","latitude":"13.721409","longitude":"-44.135856","speed":"24.499797"}, timestamp: 2024:07:31-12:09:06.453, type: location_info }
{ VID: FODRO03, command: 60053, data: {"accel":"100.000000","autoDrivingStatus":"2","brake":"0.000000","brakeStatus":"0","drivingDistance":"23","emergencyLight":"0","mdpsAngle":"-1.000000","transmission":"3","turnSignal":"0","wheelSpeed":"45.369994","yawRate":"0.000000"}, timestamp: 2024:07:31-12:09:06.453, type: vehicle_info }
{ VID: FODRO03, command: 60121, data: {"acceleration":"0.573194","handleAngle":"2.011227","interVehicleDistance":"0","lateralAcceleration":"0.000000","latitude":"13.721409","lngAcceleration":"0","longitude":"-44.135856","seq":"2","speed":"6.891346","steeringTireAngle":"0.001322","steeringTireRotationRate":"-0.004730","ttc":"0.000000"}, timestamp: 2024:07:31-12:09:06.454, type: control_info }
{ VID: FODRO03, command: 60055, data: {"arrivalDistance":"150.452","arrivalId":"102","arrivalName":"고려대","latitude":"76.112844","longitude":"-215.589872"}, timestamp: 2024:07:31-12:09:06.785, type: destination_info }
{ VID: FODRO03, command: 60051, data: {"heading":"0.000000","latitude":"14.683153","longitude":"-46.385074","speed":"0.000000"}, timestamp: 2024:07:31-12:09:06.786, type: location_info }
{ VID: FODRO03, command: 60053, data: {"accel":"100.000000","autoDrivingStatus":"2","brake":"0.000000","brakeStatus":"0","drivingDistance":"23","emergencyLight":"0","mdpsAngle":"-0.000000","transmission":"2","turnSignal":"0","wheelSpeed":"0.000000","yawRate":"0.000000"}, timestamp: 2024:07:31-12:09:06.786, type: vehicle_info }
{ VID: FODRO03, command: 60121, data: {"acceleration":"0.534710","handleAngle":"0.000000","interVehicleDistance":"0","lateralAcceleration":"0.000000","latitude":"14.683153","lngAcceleration":"0","longitude":"-46.385074","seq":"2","speed":"7.071040","steeringTireAngle":"0.000035","steeringTireRotationRate":"0.000704","ttc":"0.000000"}, timestamp: 2024:07:31-12:09:06.786, type: control_info }
{ VID: FODRO03, command: 60055, data: {"arrivalDistance":"150.452","arrivalId":"102","arrivalName":"고려대","latitude":"76.112844","longitude":"-215.589872"}, timestamp: 2024:07:31-12:09:07.119, type: destination_info }
{ VID: FODRO03, command: 60051, data: {"heading":"0.001902","latitude":"15.583717","longitude":"-48.482302","speed":"25.858982"}, timestamp: 2024:07:31-12:09:07.119, type: location_info }
{ VID: FODRO03, command: 60053, data: {"accel":"100.000000","autoDrivingStatus":"2","brake":"0.000000","brakeStatus":"0","drivingDistance":"23","emergencyLight":"0","mdpsAngle":"-0.000000","transmission":"3","turnSignal":"0","wheelSpeed":"47.887004","yawRate":"0.000000"}, timestamp: 2024:07:31-12:09:07.119, type: vehicle_info }
{ VID: FODRO03, command: 60121, data: {"acceleration":"0.495145","handleAngle":"0.653445","interVehicleDistance":"0","lateralAcceleration":"0.000000","latitude":"15.583717","lngAcceleration":"0","longitude":"-48.482302","seq":"2","speed":"7.239027","steeringTireAngle":"-0.000947","steeringTireRotationRate":"-0.000538","ttc":"0.000000"}, timestamp: 2024:07:31-12:09:07.119, type: control_info }
{ VID: FODRO03, command: 60055, data: {"arrivalDistance":"150.452","arrivalId":"102","arrivalName":"고려대","latitude":"76.112844","longitude":"-215.589872"}, timestamp: 2024:07:31-12:09:07.452, type: destination_info }
{ VID: FODRO03, command: 60051, data: {"heading":"-0.000915","latitude":"16.514750","longitude":"-50.646895","speed":"26.441699"}, timestamp: 2024:07:31-12:09:07.453, type: location_info }
{ VID: FODRO03, command: 60053, data: {"accel":"100.000000","autoDrivingStatus":"2","brake":"0.000000","brakeStatus":"0","drivingDistance":"23","emergencyLight":"0","mdpsAngle":"0.000000","transmission":"3","turnSignal":"0","wheelSpeed":"48.966109","yawRate":"0.000000"}, timestamp: 2024:07:31-12:09:07.453, type: vehicle_info }
{ VID: FODRO03, command: 60121, data: {"acceleration":"0.454870","handleAngle":"-0.307460","interVehicleDistance":"0","lateralAcceleration":"0.000000","latitude":"16.514750","lngAcceleration":"0","longitude":"-50.646895","seq":"2","speed":"7.394310","steeringTireAngle":"-0.001042","steeringTireRotationRate":"-0.001450","ttc":"0.000000"}, timestamp: 2024:07:31-12:09:07.453, type: control_info }
{ VID: FODRO03, command: 60055, data: {"arrivalDistance":"150.452","arrivalId":"102","arrivalName":"고려대","latitude":"76.112844","longitude":"-215.589872"}, timestamp: 2024:07:31-12:09:07.785, type: destination_info }
{ VID: FODRO03, command: 60051, data: {"heading":"-0.002310","latitude":"17.546902","longitude":"-53.048407","speed":"27.021198"}, timestamp: 2024:07:31-12:09:07.785, type: location_info }
{ VID: FODRO03, command: 60053, data: {"accel":"100.000000","autoDrivingStatus":"2","brake":"0.000000","brakeStatus":"0","drivingDistance":"23","emergencyLight":"0","mdpsAngle":"0.000000","transmission":"3","turnSignal":"0","wheelSpeed":"50.039256","yawRate":"0.000000"}, timestamp: 2024:07:31-12:09:07.786, type: vehicle_info }
{ VID: FODRO03, command: 60121, data: {"acceleration":"0.414509","handleAngle":"-0.759393","interVehicleDistance":"0","lateralAcceleration":"0.000000","latitude":"17.546902","lngAcceleration":"0","longitude":"-53.048407","seq":"2","speed":"7.536819","steeringTireAngle":"-0.000812","steeringTireRotationRate":"0.001083","ttc":"0.000000"}, timestamp: 2024:07:31-12:09:07.786, type: control_info }
{ VID: FODRO03, command: 60055, data: {"arrivalDistance":"150.452","arrivalId":"102","arrivalName":"고려대","latitude":"76.112844","longitude":"-215.589872"}, timestamp: 2024:07:31-12:09:08.119, type: destination_info }
{ VID: FODRO03, command: 60051, data: {"heading":"-0.002250","latitude":"18.511489","longitude":"-55.297192","speed":"27.504837"}, timestamp: 2024:07:31-12:09:08.119, type: location_info }
{ VID: FODRO03, command: 60053, data: {"accel":"100.000000","autoDrivingStatus":"2","brake":"0.000000","brakeStatus":"0","drivingDistance":"23","emergencyLight":"0","mdpsAngle":"0.000000","transmission":"3","turnSignal":"0","wheelSpeed":"50.934884","yawRate":"0.000000"}, timestamp: 2024:07:31-12:09:08.120, type: vehicle_info }
{ VID: FODRO03, command: 60121, data: {"acceleration":"0.370723","handleAngle":"-0.726634","interVehicleDistance":"0","lateralAcceleration":"0.000000","latitude":"18.511489","lngAcceleration":"0","longitude":"-55.297192","seq":"2","speed":"7.675940","steeringTireAngle":"-0.000461","steeringTireRotationRate":"0.001464","ttc":"0.000000"}, timestamp: 2024:07:31-12:09:08.120, type: control_info }
{ VID: FODRO03, command: 60055, data: {"arrivalDistance":"150.452","arrivalId":"102","arrivalName":"고려대","latitude":"76.112844","longitude":"-215.589872"}, timestamp: 2024:07:31-12:09:08.452, type: destination_info }
{ VID: FODRO03, command: 60051, data: {"heading":"-0.001475","latitude":"19.496677","longitude":"-57.598380","speed":"27.943556"}, timestamp: 2024:07:31-12:09:08.453, type: location_info }
{ VID: FODRO03, command: 60053, data: {"accel":"100.000000","autoDrivingStatus":"2","brake":"0.000000","brakeStatus":"0","drivingDistance":"23","emergencyLight":"0","mdpsAngle":"0.000000","transmission":"3","turnSignal":"0","wheelSpeed":"51.747325","yawRate":"0.000000"}, timestamp: 2024:07:31-12:09:08.454, type: vehicle_info }
{ VID: FODRO03, command: 60121, data: {"acceleration":"0.327515","handleAngle":"-0.468929","interVehicleDistance":"0","lateralAcceleration":"0.000000","latitude":"19.496677","lngAcceleration":"0","longitude":"-57.598380","seq":"2","speed":"7.800251","steeringTireAngle":"-0.000052","steeringTireRotationRate":"0.001369","ttc":"0.000000"}, timestamp: 2024:07:31-12:09:08.454, type: control_info }
{ VID: FODRO03, command: 60055, data: {"arrivalDistance":"150.452","arrivalId":"102","arrivalName":"고려대","latitude":"76.112844","longitude":"-215.589872"}, timestamp: 2024:07:31-12:09:08.785, type: destination_info }
{ VID: FODRO03, command: 60051, data: {"heading":"-0.000650","latitude":"20.572765","longitude":"-60.115206","speed":"28.363094"}, timestamp: 2024:07:31-12:09:08.787, type: location_info }
{ VID: FODRO03, command: 60053, data: {"accel":"100.000000","autoDrivingStatus":"2","brake":"0.000000","brakeStatus":"0","drivingDistance":"23","emergencyLight":"0","mdpsAngle":"0.000000","transmission":"3","turnSignal":"0","wheelSpeed":"52.524249","yawRate":"0.000000"}, timestamp: 2024:07:31-12:09:08.787, type: vehicle_info }
{ VID: FODRO03, command: 60121, data: {"acceleration":"0.287961","handleAngle":"-0.203608","interVehicleDistance":"0","lateralAcceleration":"0.000000","latitude":"20.572765","lngAcceleration":"0","longitude":"-60.115206","seq":"2","speed":"7.902581","steeringTireAngle":"0.000142","steeringTireRotationRate":"-0.000012","ttc":"0.000000"}, timestamp: 2024:07:31-12:09:08.787, type: control_info }
{ VID: FODRO03, command: 60055, data: {"arrivalDistance":"150.452","arrivalId":"102","arrivalName":"고려대","latitude":"76.112844","longitude":"-215.589872"}, timestamp: 2024:07:31-12:09:09.119, type: destination_info }
{ VID: FODRO03, command: 60051, data: {"heading":"-0.000077","latitude":"21.585121","longitude":"-62.484521","speed":"28.704568"}, timestamp: 2024:07:31-12:09:09.119, type: location_info }
{ VID: FODRO03, command: 60053, data: {"accel":"100.000000","autoDrivingStatus":"2","brake":"0.000000","brakeStatus":"0","drivingDistance":"23","emergencyLight":"0","mdpsAngle":"0.000000","transmission":"3","turnSignal":"0","wheelSpeed":"53.156608","yawRate":"0.000000"}, timestamp: 2024:07:31-12:09:09.119, type: vehicle_info }
{ VID: FODRO03, command: 60121, data: {"acceleration":"0.246684","handleAngle":"-0.023945","interVehicleDistance":"0","lateralAcceleration":"0.000000","latitude":"21.585121","lngAcceleration":"0","longitude":"-62.484521","seq":"2","speed":"7.998636","steeringTireAngle":"0.000139","steeringTireRotationRate":"0.000158","ttc":"0.000000"}, timestamp: 2024:07:31-12:09:09.119, type: control_info }
{ VID: FODRO03, command: 60055, data: {"arrivalDistance":"150.452","arrivalId":"102","arrivalName":"고려대","latitude":"76.112844","longitude":"-215.589872"}, timestamp: 2024:07:31-12:09:09.452, type: destination_info }
{ VID: FODRO03, command: 60051, data: {"heading":"0.000220","latitude":"22.608670","longitude":"-64.880300","speed":"29.000895"}, timestamp: 2024:07:31-12:09:09.453, type: location_info }
{ VID: FODRO03, command: 60053, data: {"accel":"100.000000","autoDrivingStatus":"2","brake":"0.000000","brakeStatus":"0","drivingDistance":"23","emergencyLight":"0","mdpsAngle":"-0.000000","transmission":"3","turnSignal":"0","wheelSpeed":"53.705362","yawRate":"0.000000"}, timestamp: 2024:07:31-12:09:09.453, type: vehicle_info }
{ VID: FODRO03, command: 60121, data: {"acceleration":"0.209908","handleAngle":"0.067434","interVehicleDistance":"0","lateralAcceleration":"0.000000","latitude":"22.608670","lngAcceleration":"0","longitude":"-64.880300","seq":"2","speed":"8.075309","steeringTireAngle":"0.000089","steeringTireRotationRate":"-0.000111","ttc":"0.000000"}, timestamp: 2024:07:31-12:09:09.454, type: control_info }
{ VID: FODRO03, command: 60055, data: {"arrivalDistance":"150.452","arrivalId":"102","arrivalName":"고려대","latitude":"76.112844","longitude":"-215.589872"}, timestamp: 2024:07:31-12:09:09.785, type: destination_info }
{ VID: FODRO03, command: 60051, data: {"heading":"0.000274","latitude":"23.729048","longitude":"-67.502242","speed":"29.273799"}, timestamp: 2024:07:31-12:09:09.787, type: location_info }
{ VID: FODRO03, command: 60053, data: {"accel":"100.000000","autoDrivingStatus":"2","brake":"0.000000","brakeStatus":"0","drivingDistance":"23","emergencyLight":"0","mdpsAngle":"-0.000000","transmission":"2","turnSignal":"0","wheelSpeed":"54.210739","yawRate":"0.000000"}, timestamp: 2024:07:31-12:09:09.788, type: vehicle_info }
{ VID: FODRO03, command: 60121, data: {"acceleration":"0.174458","handleAngle":"0.083116","interVehicleDistance":"0","lateralAcceleration":"0.000000","latitude":"23.729048","lngAcceleration":"0","longitude":"-67.502242","seq":"2","speed":"8.140510","steeringTireAngle":"0.000029","steeringTireRotationRate":"0.000080","ttc":"0.000000"}, timestamp: 2024:07:31-12:09:09.788, type: control_info }
{ VID: FODRO03, command: 60055, data: {"arrivalDistance":"150.452","arrivalId":"102","arrivalName":"고려대","latitude":"76.112844","longitude":"-215.589872"}, timestamp: 2024:07:31-12:09:10.119, type: destination_info }
{ VID: FODRO03, command: 60051, data: {"heading":"0.000169","latitude":"24.764316","longitude":"-69.924418","speed":"29.481128"}, timestamp: 2024:07:31-12:09:10.119, type: location_info }
{ VID: FODRO03, command: 60053, data: {"accel":"100.000000","autoDrivingStatus":"2","brake":"0.000000","brakeStatus":"0","drivingDistance":"23","emergencyLight":"0","mdpsAngle":"-0.000000","transmission":"3","turnSignal":"0","wheelSpeed":"54.594682","yawRate":"0.000000"}, timestamp: 2024:07:31-12:09:10.120, type: vehicle_info }
{ VID: FODRO03, command: 60121, data: {"acceleration":"0.141084","handleAngle":"0.050856","interVehicleDistance":"0","lateralAcceleration":"0.000000","latitude":"24.764316","lngAcceleration":"0","longitude":"-69.924418","seq":"2","speed":"8.194608","steeringTireAngle":"-0.000026","steeringTireRotationRate":"0.000006","ttc":"0.000000"}, timestamp: 2024:07:31-12:09:10.120, type: control_info }
{ VID: FODRO03, command: 60055, data: {"arrivalDistance":"150.452","arrivalId":"102","arrivalName":"고려대","latitude":"76.112844","longitude":"-215.589872"}, timestamp: 2024:07:31-12:09:10.457, type: destination_info }
{ VID: FODRO03, command: 60051, data: {"heading":"0.000018","latitude":"25.813675","longitude":"-72.379197","speed":"29.650998"}, timestamp: 2024:07:31-12:09:10.459, type: location_info }
{ VID: FODRO03, command: 60053, data: {"accel":"100.000000","autoDrivingStatus":"2","brake":"0.000000","brakeStatus":"0","drivingDistance":"23","emergencyLight":"0","mdpsAngle":"-0.000000","transmission":"3","turnSignal":"0","wheelSpeed":"54.909255","yawRate":"0.000000"}, timestamp: 2024:07:31-12:09:10.462, type: vehicle_info }
{ VID: FODRO03, command: 60121, data: {"acceleration":"0.110375","handleAngle":"0.005509","interVehicleDistance":"0","lateralAcceleration":"0.000000","latitude":"25.813675","lngAcceleration":"0","longitude":"-72.379197","seq":"2","speed":"8.237750","steeringTireAngle":"-0.000039","steeringTireRotationRate":"-0.000049","ttc":"0.000000"}, timestamp: 2024:07:31-12:09:10.462, type: control_info }
{ VID: FODRO03, command: 60055, data: {"arrivalDistance":"150.452","arrivalId":"102","arrivalName":"고려대","latitude":"76.112844","longitude":"-215.589872"}, timestamp: 2024:07:31-12:09:10.785, type: destination_info }
{ VID: FODRO03, command: 60051, data: {"heading":"-0.000085","latitude":"26.949559","longitude":"-75.036335","speed":"29.792848"}, timestamp: 2024:07:31-12:09:10.786, type: location_info }
{ VID: FODRO03, command: 60053, data: {"accel":"100.000000","autoDrivingStatus":"2","brake":"0.000000","brakeStatus":"0","drivingDistance":"23","emergencyLight":"0","mdpsAngle":"0.000000","transmission":"3","turnSignal":"0","wheelSpeed":"55.171941","yawRate":"0.000000"}, timestamp: 2024:07:31-12:09:10.786, type: vehicle_info }
{ VID: FODRO03, command: 60121, data: {"acceleration":"0.081304","handleAngle":"-0.025229","interVehicleDistance":"0","lateralAcceleration":"0.000000","latitude":"26.949559","lngAcceleration":"0","longitude":"-75.036335","seq":"2","speed":"8.271502","steeringTireAngle":"-0.000045","steeringTireRotationRate":"0.000020","ttc":"0.000000"}, timestamp: 2024:07:31-12:09:10.786, type: control_info }
{ VID: FODRO03, command: 60055, data: {"arrivalDistance":"150.452","arrivalId":"102","arrivalName":"고려대","latitude":"76.112844","longitude":"-215.589872"}, timestamp: 2024:07:31-12:09:11.119, type: destination_info }
{ VID: FODRO03, command: 60051, data: {"heading":"-0.000116","latitude":"28.008472","longitude":"-77.513599","speed":"29.889078"}, timestamp: 2024:07:31-12:09:11.119, type: location_info }
{ VID: FODRO03, command: 60053, data: {"accel":"100.000000","autoDrivingStatus":"2","brake":"0.000000","brakeStatus":"0","drivingDistance":"23","emergencyLight":"0","mdpsAngle":"0.000000","transmission":"3","turnSignal":"0","wheelSpeed":"55.350145","yawRate":"0.000000"}, timestamp: 2024:07:31-12:09:11.119, type: vehicle_info }
{ VID: FODRO03, command: 60121, data: {"acceleration":"0.052468","handleAngle":"-0.034596","interVehicleDistance":"0","lateralAcceleration":"0.000000","latitude":"28.008472","lngAcceleration":"0","longitude":"-77.513599","seq":"2","speed":"8.299374","steeringTireAngle":"-0.000025","steeringTireRotationRate":"0.000075","ttc":"0.000000"}, timestamp: 2024:07:31-12:09:11.119, type: control_info }
{ VID: FODRO03, command: 60055, data: {"arrivalDistance":"150.452","arrivalId":"102","arrivalName":"고려대","latitude":"76.112844","longitude":"-215.589872"}, timestamp: 2024:07:31-12:09:11.452, type: destination_info }
{ VID: FODRO03, command: 60051, data: {"heading":"-0.000093","latitude":"29.070356","longitude":"-79.998059","speed":"29.955810"}, timestamp: 2024:07:31-12:09:11.453, type: location_info }
{ VID: FODRO03, command: 60053, data: {"accel":"100.000000","autoDrivingStatus":"2","brake":"0.000000","brakeStatus":"0","drivingDistance":"23","emergencyLight":"0","mdpsAngle":"0.000000","transmission":"3","turnSignal":"0","wheelSpeed":"55.473722","yawRate":"0.000000"}, timestamp: 2024:07:31-12:09:11.455, type: vehicle_info }
{ VID: FODRO03, command: 60121, data: {"acceleration":"0.033337","handleAngle":"-0.027567","interVehicleDistance":"0","lateralAcceleration":"0.000000","latitude":"29.070356","lngAcceleration":"0","longitude":"-79.998059","seq":"2","speed":"8.314376","steeringTireAngle":"-0.000012","steeringTireRotationRate":"0.000082","ttc":"0.000000"}, timestamp: 2024:07:31-12:09:11.457, type: control_info }
{ VID: FODRO03, command: 60055, data: {"arrivalDistance":"150.452","arrivalId":"102","arrivalName":"고려대","latitude":"76.112844","longitude":"-215.589872"}, timestamp: 2024:07:31-12:09:11.785, type: destination_info }
{ VID: FODRO03, command: 60051, data: {"heading":"-0.000052","latitude":"30.215675","longitude":"-82.677953","speed":"30.000222"}, timestamp: 2024:07:31-12:09:11.785, type: location_info }
{ VID: FODRO03, command: 60053, data: {"accel":"100.000000","autoDrivingStatus":"2","brake":"0.000000","brakeStatus":"0","drivingDistance":"23","emergencyLight":"0","mdpsAngle":"0.000000","transmission":"3","turnSignal":"0","wheelSpeed":"55.555967","yawRate":"0.000000"}, timestamp: 2024:07:31-12:09:11.785, type: vehicle_info }
{ VID: FODRO03, command: 60121, data: {"acceleration":"0.015882","handleAngle":"-0.015250","interVehicleDistance":"0","lateralAcceleration":"0.000000","latitude":"30.215675","lngAcceleration":"0","longitude":"-82.677953","seq":"2","speed":"8.325333","steeringTireAngle":"0.000005","steeringTireRotationRate":"-0.000019","ttc":"0.000000"}, timestamp: 2024:07:31-12:09:11.785, type: control_info }
{ VID: FODRO03, command: 60055, data: {"arrivalDistance":"150.452","arrivalId":"102","arrivalName":"고려대","latitude":"76.112844","longitude":"-215.589872"}, timestamp: 2024:07:31-12:09:12.119, type: destination_info }
{ VID: FODRO03, command: 60051, data: {"heading":"-0.000014","latitude":"31.280474","longitude":"-85.169567","speed":"30.021288"}, timestamp: 2024:07:31-12:09:12.119, type: location_info }
{ VID: FODRO03, command: 60053, data: {"accel":"100.000000","autoDrivingStatus":"2","brake":"0.000000","brakeStatus":"0","drivingDistance":"23","emergencyLight":"0","mdpsAngle":"0.000000","transmission":"3","turnSignal":"0","wheelSpeed":"55.594978","yawRate":"0.000000"}, timestamp: 2024:07:31-12:09:12.119, type: vehicle_info }
{ VID: FODRO03, command: 60121, data: {"acceleration":"0.004165","handleAngle":"-0.004085","interVehicleDistance":"0","lateralAcceleration":"0.000000","latitude":"31.280474","lngAcceleration":"0","longitude":"-85.169567","seq":"2","speed":"8.330742","steeringTireAngle":"0.000004","steeringTireRotationRate":"0.000004","ttc":"0.000000"}, timestamp: 2024:07:31-12:09:12.119, type: control_info }
{ VID: FODRO03, command: 60055, data: {"arrivalDistance":"150.452","arrivalId":"102","arrivalName":"고려대","latitude":"76.112844","longitude":"-215.589872"}, timestamp: 2024:07:31-12:09:12.452, type: destination_info }
{ VID: FODRO03, command: 60051, data: {"heading":"-0.000001","latitude":"32.345611","longitude":"-87.662010","speed":"30.028632"}, timestamp: 2024:07:31-12:09:12.453, type: location_info }
{ VID: FODRO03, command: 60053, data: {"accel":"100.000000","autoDrivingStatus":"2","brake":"0.000000","brakeStatus":"0","drivingDistance":"23","emergencyLight":"0","mdpsAngle":"0.000000","transmission":"3","turnSignal":"0","wheelSpeed":"55.608578","yawRate":"0.000000"}, timestamp: 2024:07:31-12:09:12.453, type: vehicle_info }
{ VID: FODRO03, command: 60121, data: {"acceleration":"-0.001668","handleAngle":"-0.000298","interVehicleDistance":"0","lateralAcceleration":"0.000000","latitude":"32.345611","lngAcceleration":"0","longitude":"-87.662010","seq":"2","speed":"8.332727","steeringTireAngle":"0.000002","steeringTireRotationRate":"0.000002","ttc":"0.000000"}, timestamp: 2024:07:31-12:09:12.453, type: control_info }
{ VID: FODRO03, command: 60055, data: {"arrivalDistance":"150.452","arrivalId":"102","arrivalName":"고려대","latitude":"76.112844","longitude":"-215.589872"}, timestamp: 2024:07:31-12:09:12.785, type: destination_info }
{ VID: FODRO03, command: 60051, data: {"heading":"0.000005","latitude":"33.493309","longitude":"-90.347655","speed":"30.027763"}, timestamp: 2024:07:31-12:09:12.786, type: location_info }
{ VID: FODRO03, command: 60053, data: {"accel":"100.000000","autoDrivingStatus":"2","brake":"0.000000","brakeStatus":"0","drivingDistance":"23","emergencyLight":"0","mdpsAngle":"-0.000000","transmission":"3","turnSignal":"0","wheelSpeed":"55.606969","yawRate":"0.000000"}, timestamp: 2024:07:31-12:09:12.786, type: vehicle_info }
{ VID: FODRO03, command: 60121, data: {"acceleration":"-0.003760","handleAngle":"0.001490","interVehicleDistance":"0","lateralAcceleration":"0.000000","latitude":"33.493309","lngAcceleration":"0","longitude":"-90.347655","seq":"2","speed":"8.333256","steeringTireAngle":"0.000001","steeringTireRotationRate":"0.000003","ttc":"0.000000"}, timestamp: 2024:07:31-12:09:12.786, type: control_info }
{ VID: FODRO03, command: 60055, data: {"arrivalDistance":"150.452","arrivalId":"102","arrivalName":"고려대","latitude":"76.112844","longitude":"-215.589872"}, timestamp: 2024:07:31-12:09:13.119, type: destination_info }
{ VID: FODRO03, command: 60051, data: {"heading":"0.000004","latitude":"34.558106","longitude":"-92.839298","speed":"30.023716"}, timestamp: 2024:07:31-12:09:13.119, type: location_info }
{ VID: FODRO03, command: 60053, data: {"accel":"100.000000","autoDrivingStatus":"2","brake":"0.000000","brakeStatus":"0","drivingDistance":"23","emergencyLight":"0","mdpsAngle":"-0.000000","transmission":"3","turnSignal":"0","wheelSpeed":"55.599473","yawRate":"0.000000"}, timestamp: 2024:07:31-12:09:13.119, type: vehicle_info }
{ VID: FODRO03, command: 60121, data: {"acceleration":"-0.003976","handleAngle":"0.001287","interVehicleDistance":"0","lateralAcceleration":"0.000000","latitude":"34.558106","lngAcceleration":"0","longitude":"-92.839298","seq":"2","speed":"8.333325","steeringTireAngle":"0.000002","steeringTireRotationRate":"0.000006","ttc":"0.000000"}, timestamp: 2024:07:31-12:09:13.119, type: control_info }
{ VID: FODRO03, command: 60055, data: {"arrivalDistance":"150.452","arrivalId":"102","arrivalName":"고려대","latitude":"76.112844","longitude":"-215.589872"}, timestamp: 2024:07:31-12:09:13.452, type: destination_info }
{ VID: FODRO03, command: 60051, data: {"heading":"0.000005","latitude":"35.623169","longitude":"-95.331551","speed":"30.019105"}, timestamp: 2024:07:31-12:09:13.452, type: location_info }
{ VID: FODRO03, command: 60053, data: {"accel":"100.000000","autoDrivingStatus":"2","brake":"0.000000","brakeStatus":"0","drivingDistance":"23","emergencyLight":"0","mdpsAngle":"-0.000000","transmission":"3","turnSignal":"0","wheelSpeed":"55.590935","yawRate":"0.000000"}, timestamp: 2024:07:31-12:09:13.452, type: vehicle_info }
{ VID: FODRO03, command: 60121, data: {"acceleration":"-0.003836","handleAngle":"0.001506","interVehicleDistance":"0","lateralAcceleration":"0.000000","latitude":"35.623169","lngAcceleration":"0","longitude":"-95.331551","seq":"2","speed":"8.333331","steeringTireAngle":"0.000005","steeringTireRotationRate":"0.000013","ttc":"0.000000"}, timestamp: 2024:07:31-12:09:13.453, type: control_info }
{ VID: FODRO03, command: 60055, data: {"arrivalDistance":"150.452","arrivalId":"102","arrivalName":"고려대","latitude":"76.112844","longitude":"-215.589872"}, timestamp: 2024:07:31-12:09:13.785, type: destination_info }
{ VID: FODRO03, command: 60051, data: {"heading":"0.000012","latitude":"36.770991","longitude":"-98.017450","speed":"30.014254"}, timestamp: 2024:07:31-12:09:13.785, type: location_info }
{ VID: FODRO03, command: 60053, data: {"accel":"100.000000","autoDrivingStatus":"2","brake":"0.000000","brakeStatus":"0","drivingDistance":"23","emergencyLight":"0","mdpsAngle":"-0.000000","transmission":"3","turnSignal":"0","wheelSpeed":"55.581951","yawRate":"0.000000"}, timestamp: 2024:07:31-12:09:13.786, type: vehicle_info }
{ VID: FODRO03, command: 60121, data: {"acceleration":"-0.003633","handleAngle":"0.003547","interVehicleDistance":"0","lateralAcceleration":"0.000000","latitude":"36.770991","lngAcceleration":"0","longitude":"-98.017450","seq":"2","speed":"8.333331","steeringTireAngle":"0.000011","steeringTireRotationRate":"0.000012","ttc":"0.000000"}, timestamp: 2024:07:31-12:09:13.786, type: control_info }
{ VID: FODRO03, command: 60055, data: {"arrivalDistance":"150.452","arrivalId":"102","arrivalName":"고려대","latitude":"76.112844","longitude":"-215.589872"}, timestamp: 2024:07:31-12:09:14.119, type: destination_info }
{ VID: FODRO03, command: 60051, data: {"heading":"0.000025","latitude":"37.834740","longitude":"-100.506588","speed":"30.010000"}, timestamp: 2024:07:31-12:09:14.119, type: location_info }
{ VID: FODRO03, command: 60053, data: {"accel":"100.000000","autoDrivingStatus":"2","brake":"0.000000","brakeStatus":"0","drivingDistance":"23","emergencyLight":"0","mdpsAngle":"-0.000000","transmission":"3","turnSignal":"0","wheelSpeed":"55.574074","yawRate":"0.000000"}, timestamp: 2024:07:31-12:09:14.119, type: vehicle_info }
{ VID: FODRO03, command: 60121, data: {"acceleration":"-0.003364","handleAngle":"0.007447","interVehicleDistance":"0","lateralAcceleration":"0.000000","latitude":"37.834740","lngAcceleration":"0","longitude":"-100.506588","seq":"2","speed":"8.333331","steeringTireAngle":"0.000017","steeringTireRotationRate":"0.000010","ttc":"0.000000"}, timestamp: 2024:07:31-12:09:14.119, type: control_info }
{ VID: FODRO03, command: 60055, data: {"arrivalDistance":"150.452","arrivalId":"102","arrivalName":"고려대","latitude":"76.112844","longitude":"-215.589872"}, timestamp: 2024:07:31-12:09:14.452, type: destination_info }
{ VID: FODRO03, command: 60051, data: {"heading":"0.000043","latitude":"38.899313","longitude":"-102.997599","speed":"30.006017"}, timestamp: 2024:07:31-12:09:14.452, type: location_info }
{ VID: FODRO03, command: 60053, data: {"accel":"100.000000","autoDrivingStatus":"2","brake":"0.000000","brakeStatus":"0","drivingDistance":"23","emergencyLight":"0","mdpsAngle":"-0.000000","transmission":"3","turnSignal":"0","wheelSpeed":"55.566699","yawRate":"0.000000"}, timestamp: 2024:07:31-12:09:14.452, type: vehicle_info }
{ VID: FODRO03, command: 60121, data: {"acceleration":"-0.003106","handleAngle":"0.012607","interVehicleDistance":"0","lateralAcceleration":"0.000000","latitude":"38.899313","lngAcceleration":"0","longitude":"-102.997599","seq":"2","speed":"8.333331","steeringTireAngle":"0.000023","steeringTireRotationRate":"-0.000001","ttc":"0.000000"}, timestamp: 2024:07:31-12:09:14.452, type: control_info }
{ VID: FODRO03, command: 60055, data: {"arrivalDistance":"150.452","arrivalId":"102","arrivalName":"고려대","latitude":"76.112844","longitude":"-215.589872"}, timestamp: 2024:07:31-12:09:14.786, type: destination_info }
{ VID: FODRO03, command: 60051, data: {"heading":"0.000062","latitude":"40.045713","longitude":"-105.679969","speed":"30.002059"}, timestamp: 2024:07:31-12:09:14.786, type: location_info }
{ VID: FODRO03, command: 60053, data: {"accel":"100.000000","autoDrivingStatus":"2","brake":"0.000000","brakeStatus":"0","drivingDistance":"23","emergencyLight":"0","mdpsAngle":"-0.000000","transmission":"2","turnSignal":"0","wheelSpeed":"55.559368","yawRate":"0.000000"}, timestamp: 2024:07:31-12:09:14.786, type: vehicle_info }
{ VID: FODRO03, command: 60121, data: {"acceleration":"-0.002834","handleAngle":"0.018449","interVehicleDistance":"0","lateralAcceleration":"0.000000","latitude":"40.045713","lngAcceleration":"0","longitude":"-105.679969","seq":"2","speed":"8.333331","steeringTireAngle":"0.000020","steeringTireRotationRate":"0.000054","ttc":"0.000000"}, timestamp: 2024:07:31-12:09:14.786, type: control_info }
{ VID: FODRO03, command: 60055, data: {"arrivalDistance":"150.452","arrivalId":"102","arrivalName":"고려대","latitude":"76.112844","longitude":"-215.589872"}, timestamp: 2024:07:31-12:09:15.119, type: destination_info }
{ VID: FODRO03, command: 60051, data: {"heading":"0.000069","latitude":"41.110080","longitude":"-108.170253","speed":"29.998708"}, timestamp: 2024:07:31-12:09:15.119, type: location_info }
{ VID: FODRO03, command: 60053, data: {"accel":"100.000000","autoDrivingStatus":"2","brake":"0.000000","brakeStatus":"0","drivingDistance":"23","emergencyLight":"0","mdpsAngle":"-0.000000","transmission":"3","turnSignal":"0","wheelSpeed":"55.553163","yawRate":"0.000000"}, timestamp: 2024:07:31-12:09:15.119, type: vehicle_info }
{ VID: FODRO03, command: 60121, data: {"acceleration":"-0.002551","handleAngle":"0.020539","interVehicleDistance":"0","lateralAcceleration":"0.000000","latitude":"41.110080","lngAcceleration":"0","longitude":"-108.170253","seq":"2","speed":"8.333331","steeringTireAngle":"0.000018","steeringTireRotationRate":"-0.000029","ttc":"0.000000"}, timestamp: 2024:07:31-12:09:15.119, type: control_info }
{ VID: FODRO03, command: 60055, data: {"arrivalDistance":"150.452","arrivalId":"102","arrivalName":"고려대","latitude":"76.112844","longitude":"-215.589872"}, timestamp: 2024:07:31-12:09:15.452, type: destination_info }
{ VID: FODRO03, command: 60051, data: {"heading":"0.000069","latitude":"42.174442","longitude":"-110.660365","speed":"29.995676"}, timestamp: 2024:07:31-12:09:15.452, type: location_info }
{ VID: FODRO03, command: 60053, data: {"accel":"100.000000","autoDrivingStatus":"2","brake":"0.000000","brakeStatus":"0","drivingDistance":"23","emergencyLight":"0","mdpsAngle":"-0.000000","transmission":"3","turnSignal":"0","wheelSpeed":"55.547549","yawRate":"0.000000"}, timestamp: 2024:07:31-12:09:15.452, type: vehicle_info }
{ VID: FODRO03, command: 60121, data: {"acceleration":"-0.002275","handleAngle":"0.020442","interVehicleDistance":"0","lateralAcceleration":"0.000000","latitude":"42.174442","lngAcceleration":"0","longitude":"-110.660365","seq":"2","speed":"8.333331","steeringTireAngle":"0.000019","steeringTireRotationRate":"-0.000031","ttc":"0.000000"}, timestamp: 2024:07:31-12:09:15.452, type: control_info }
{ VID: FODRO03, command: 60055, data: {"arrivalDistance":"150.452","arrivalId":"102","arrivalName":"고려대","latitude":"76.112844","longitude":"-215.589872"}, timestamp: 2024:07:31-12:09:15.785, type: destination_info }
{ VID: FODRO03, command: 60051, data: {"heading":"0.000065","latitude":"43.327384","longitude":"-113.357534","speed":"29.992758"}, timestamp: 2024:07:31-12:09:15.786, type: location_info }
{ VID: FODRO03, command: 60053, data: {"accel":"100.000000","autoDrivingStatus":"2","brake":"0.000000","brakeStatus":"0","drivingDistance":"23","emergencyLight":"0","mdpsAngle":"-0.000000","transmission":"3","turnSignal":"0","wheelSpeed":"55.542145","yawRate":"0.000000"}, timestamp: 2024:07:31-12:09:15.786, type: vehicle_info }
{ VID: FODRO03, command: 60121, data: {"acceleration":"-0.001989","handleAngle":"0.019274","interVehicleDistance":"0","lateralAcceleration":"0.000000","latitude":"43.327384","lngAcceleration":"0","longitude":"-113.357534","seq":"2","speed":"8.333331","steeringTireAngle":"0.000015","steeringTireRotationRate":"0.000042","ttc":"0.000000"}, timestamp: 2024:07:31-12:09:15.786, type: control_info }
{ VID: FODRO03, command: 60055, data: {"arrivalDistance":"150.452","arrivalId":"102","arrivalName":"고려대","latitude":"76.112844","longitude":"-215.589872"}, timestamp: 2024:07:31-12:09:16.119, type: destination_info }
{ VID: FODRO03, command: 60051, data: {"heading":"0.000053","latitude":"44.385068","longitude":"-115.831709","speed":"29.990417"}, timestamp: 2024:07:31-12:09:16.119, type: location_info }
{ VID: FODRO03, command: 60053, data: {"accel":"100.000000","autoDrivingStatus":"2","brake":"0.000000","brakeStatus":"0","drivingDistance":"23","emergencyLight":"0","mdpsAngle":"-0.000000","transmission":"3","turnSignal":"0","wheelSpeed":"55.537809","yawRate":"0.000000"}, timestamp: 2024:07:31-12:09:16.119, type: vehicle_info }
{ VID: FODRO03, command: 60121, data: {"acceleration":"-0.001709","handleAngle":"0.015689","interVehicleDistance":"0","lateralAcceleration":"0.000000","latitude":"44.385068","lngAcceleration":"0","longitude":"-115.831709","seq":"2","speed":"8.333331","steeringTireAngle":"0.000009","steeringTireRotationRate":"0.000026","ttc":"0.000000"}, timestamp: 2024:07:31-12:09:16.119, type: control_info }
{ VID: FODRO03, command: 60055, data: {"arrivalDistance":"150.452","arrivalId":"102","arrivalName":"고려대","latitude":"76.112844","longitude":"-215.589872"}, timestamp: 2024:07:31-12:09:16.452, type: destination_info }
{ VID: FODRO03, command: 60051, data: {"heading":"0.000037","latitude":"45.482801","longitude":"-118.399450","speed":"29.988319"}, timestamp: 2024:07:31-12:09:16.452, type: location_info }
{ VID: FODRO03, command: 60053, data: {"accel":"100.000000","autoDrivingStatus":"2","brake":"0.000000","brakeStatus":"0","drivingDistance":"23","emergencyLight":"0","mdpsAngle":"-0.000000","transmission":"2","turnSignal":"0","wheelSpeed":"55.533924","yawRate":"0.000000"}, timestamp: 2024:07:31-12:09:16.452, type: vehicle_info }
{ VID: FODRO03, command: 60121, data: {"acceleration":"-0.001433","handleAngle":"0.011102","interVehicleDistance":"0","lateralAcceleration":"0.000000","latitude":"45.482801","lngAcceleration":"0","longitude":"-118.399450","seq":"2","speed":"8.333331","steeringTireAngle":"0.000001","steeringTireRotationRate":"-0.000026","ttc":"0.000000"}, timestamp: 2024:07:31-12:09:16.452, type: control_info }
{ VID: FODRO03, command: 60055, data: {"arrivalDistance":"150.452","arrivalId":"102","arrivalName":"고려대","latitude":"76.112844","longitude":"-215.589872"}, timestamp: 2024:07:31-12:09:16.785, type: destination_info }
{ VID: FODRO03, command: 60051, data: {"heading":"0.000014","latitude":"46.595380","longitude":"-121.001829","speed":"29.986534"}, timestamp: 2024:07:31-12:09:16.786, type: location_info }
{ VID: FODRO03, command: 60053, data: {"accel":"100.000000","autoDrivingStatus":"2","brake":"0.000000","brakeStatus":"0","drivingDistance":"23","emergencyLight":"0","mdpsAngle":"-0.000000","transmission":"3","turnSignal":"0","wheelSpeed":"55.530618","yawRate":"0.000000"}, timestamp: 2024:07:31-12:09:16.786, type: vehicle_info }
{ VID: FODRO03, command: 60121, data: {"acceleration":"-0.001175","handleAngle":"0.004052","interVehicleDistance":"0","lateralAcceleration":"0.000000","latitude":"46.595380","lngAcceleration":"0","longitude":"-121.001829","seq":"2","speed":"8.333331","steeringTireAngle":"0.000001","steeringTireRotationRate":"-0.000023","ttc":"0.000000"}, timestamp: 2024:07:31-12:09:16.786, type: control_info }
{ VID: FODRO03, command: 60055, data: {"arrivalDistance":"150.452","arrivalId":"102","arrivalName":"고려대","latitude":"76.112844","longitude":"-215.589872"}, timestamp: 2024:07:31-12:09:17.119, type: destination_info }
{ VID: FODRO03, command: 60051, data: {"heading":"0.000004","latitude":"47.659449","longitude":"-123.490707","speed":"29.985143"}, timestamp: 2024:07:31-12:09:17.119, type: location_info }
{ VID: FODRO03, command: 60053, data: {"accel":"100.000000","autoDrivingStatus":"2","brake":"0.000000","brakeStatus":"0","drivingDistance":"23","emergencyLight":"0","mdpsAngle":"-0.000000","transmission":"3","turnSignal":"0","wheelSpeed":"55.528043","yawRate":"0.000000"}, timestamp: 2024:07:31-12:09:17.119, type: vehicle_info }
{ VID: FODRO03, command: 60121, data: {"acceleration":"-0.000899","handleAngle":"0.001252","interVehicleDistance":"0","lateralAcceleration":"0.000000","latitude":"47.659449","lngAcceleration":"0","longitude":"-123.490707","seq":"2","speed":"8.333331","steeringTireAngle":"-0.000006","steeringTireRotationRate":"-0.000015","ttc":"0..000000"}, timestamp: 2024:07:31-12:09:17.119, type: control_info }
{ VID: FODRO03, command: 60055, data: {"arrivalDistance":"150.452","arrivalId":"102","arrivalName":"고려대","latitude":"76.112844","longitude":"-215.589872"}, timestamp: 2024:07:31-12:09:17.452, type: destination_info }
{ VID: FODRO03, command: 60051, data: {"heading":"-0.000010","latitude":"48.723941","longitude":"-125.980567","speed":"29.984041"}, timestamp: 2024:07:31-12:09:17.452, type: location_info }
{ VID: FODRO03, command: 60053, data: {"accel":"100.000000","autoDrivingStatus":"2","brake":"0.000000","brakeStatus":"0","drivingDistance":"23","emergencyLight":"0","mdpsAngle":"0.000000","transmission":"3","turnSignal":"0","wheelSpeed":"55.526002","yawRate":"0.000000"}, timestamp: 2024:07:31-12:09:17.452, type: vehicle_info }
{ VID: FODRO03, command: 60121, data: {"acceleration":"-0.000665","handleAngle":"-0.003085","interVehicleDistance":"0","lateralAcceleration":"0.000000","latitude":"48.723941","lngAcceleration":"0","longitude":"-125.980567","seq":"2","speed":"8.333331","steeringTireAngle":"-0.000010","steeringTireRotationRate":"-0.000007","ttc":"0.000000"}, timestamp: 2024:07:31-12:09:17.452, type: control_info }
{ VID: FODRO03, command: 60055, data: {"arrivalDistance":"150.452","arrivalId":"102","arrivalName":"고려대","latitude":"76.112844","longitude":"-215.589872"}, timestamp: 2024:07:31-12:09:17.786, type: destination_info }
{ VID: FODRO03, command: 60051, data: {"heading":"-0.000023","latitude":"49.869525","longitude":"-128.660128","speed":"29.983162"}, timestamp: 2024:07:31-12:09:17.788, type: location_info }
{ VID: FODRO03, command: 60053, data: {"accel":"100.000000","autoDrivingStatus":"2","brake":"0.000000","brakeStatus":"0","drivingDistance":"23","emergencyLight":"0","mdpsAngle":"0.000000","transmission":"3","turnSignal":"0","wheelSpeed":"55.524375","yawRate":"0.000000"}, timestamp: 2024:07:31-12:09:17.789, type: vehicle_info }
{ VID: FODRO03, command: 60121, data: {"acceleration":"-0.000438","handleAngle":"-0.006937","interVehicleDistance":"0","lateralAcceleration":"0.000000","latitude":"49.869525","lngAcceleration":"0","longitude":"-128.660128","seq":"2","speed":"8.333331","steeringTireAngle":"-0.000011","steeringTireRotationRate":"-0.000027","ttc":"0.000000"}, timestamp: 2024:07:31-12:09:17.790, type: control_info }
{ VID: FODRO03, command: 60055, data: {"arrivalDistance":"150.452","arrivalId":"102","arrivalName":"고려대","latitude":"76.112844","longitude":"-215.589872"}, timestamp: 2024:07:31-12:09:18.119, type: destination_info }
{ VID: FODRO03, command: 60051, data: {"heading":"-0.000033","latitude":"50.933566","longitude":"-131.149013","speed":"29.982620"}, timestamp: 2024:07:31-12:09:18.119, type: location_info }
{ VID: FODRO03, command: 60053, data: {"accel":"100.000000","autoDrivingStatus":"2","brake":"0.000000","brakeStatus":"0","drivingDistance":"23","emergencyLight":"0","mdpsAngle":"0.000000","transmission":"3","turnSignal":"0","wheelSpeed":"55.523370","yawRate":"0.000000"}, timestamp: 2024:07:31-12:09:18.119, type: vehicle_info }
{ VID: FODRO03, command: 60121, data: {"acceleration":"-0.000234","handleAngle":"-0.009762","interVehicleDistance":"0","lateralAcceleration":"0.000000","latitude":"50.933566","lngAcceleration":"0","longitude":"-131.149013","seq":"2","speed":"8.333331","steeringTireAngle":"-0.000014","steeringTireRotationRate":"-0.000036","ttc":"0.000000"}, timestamp: 2024:07:31-12:09:18.119, type: control_info }
{ VID: FODRO03, command: 60055, data: {"arrivalDistance":"150.452","arrivalId":"102","arrivalName":"고려대","latitude":"76.112844","longitude":"-215.589872"}, timestamp: 2024:07:31-12:09:18.452, type: destination_info }
{ VID: FODRO03, command: 60051, data: {"heading":"-0.000043","latitude":"52.017457","longitude":"-133.684408","speed":"29.982311"}, timestamp: 2024:07:31-12:09:18.452, type: location_info }
{ VID: FODRO03, command: 60053, data: {"accel":"100.000000","autoDrivingStatus":"2","brake":"0.000000","brakeStatus":"0","drivingDistance":"23","emergencyLight":"0","mdpsAngle":"0.000000","transmission":"3","turnSignal":"0","wheelSpeed":"55.522798","yawRate":"0.000000"}, timestamp: 2024:07:31-12:09:18.452, type: vehicle_info }
{ VID: FODRO03, command: 60121, data: {"acceleration":"-0.000039","handleAngle":"-0.012859","interVehicleDistance":"0","lateralAcceleration":"0.000000","latitude":"52.017457","lngAcceleration":"0","longitude":"-133.684408","seq":"2","speed":"8.333331","steeringTireAngle":"-0.000015","steeringTireRotationRate":"-0.000045","ttc":"0.000000"}, timestamp: 2024:07:31-12:09:18.452, type: control_info }
{ VID: FODRO03, command: 60055, data: {"arrivalDistance":"150.452","arrivalId":"102","arrivalName":"고려대","latitude":"76.112844","longitude":"-215.589872"}, timestamp: 2024:07:31-12:09:18.785, type: destination_info }
{ VID: FODRO03, command: 60051, data: {"heading":"-0.000050","latitude":"53.149740","longitude":"-136.333107","speed":"29.982239"}, timestamp: 2024:07:31-12:09:18.786, type: location_info }
{ VID: FODRO03, command: 60053, data: {"accel":"100.000000","autoDrivingStatus":"2","brake":"0.000000","brakeStatus":"0","drivingDistance":"23","emergencyLight":"0","mdpsAngle":"0.000000","transmission":"3","turnSignal":"0","wheelSpeed":"55.522664","yawRate":"0.000000"}, timestamp: 2024:07:31-12:09:18.786, type: vehicle_info }
{ VID: FODRO03, command: 60121, data: {"acceleration":"0.000138","handleAngle":"-0.014841","interVehicleDistance":"0","lateralAcceleration":"0.000000","latitude":"53.149740","lngAcceleration":"0","longitude":"-136.333107","seq":"2","speed":"8.333331","steeringTireAngle":"-0.000018","steeringTireRotationRate":"-0.000045","ttc":"0..000000"}, timestamp: 2024:07:31-12:09:18.786, type: control_info }
{ VID: FODRO03, command: 60055, data: {"arrivalDistance":"150.452","arrivalId":"102","arrivalName":"고려대","latitude":"76.112844","longitude":"-215.589872"}, timestamp: 2024:07:31-12:09:19.119, type: destination_info }
{ VID: FODRO03, command: 60051, data: {"heading":"-0.000055","latitude":"54.207307","longitude":"-138.807141","speed":"29.982383"}, timestamp: 2024:07:31-12:09:19.119, type: location_info }
{ VID: FODRO03, command: 60053, data: {"accel":"100.000000","autoDrivingStatus":"2","brake":"0.000000","brakeStatus":"0","drivingDistance":"23","emergencyLight":"0","mdpsAngle":"0.000000","transmission":"3","turnSignal":"0","wheelSpeed":"55.522931","yawRate":"0.000000"}, timestamp: 2024:07:31-12:09:19.119, type: vehicle_info }
{ VID: FODRO03, command: 60121, data: {"acceleration":"0.000296","handleAngle":"-0.016189","interVehicleDistance":"0","lateralAcceleration":"0.000000","latitude":"54.207307","lngAcceleration":"0","longitude":"-138.807141","seq":"2","speed":"8.333331","steeringTireAngle":"-0.000017","steeringTireRotationRate":"-0.000039","ttc":"0..000000"}, timestamp: 2024:07:31-12:09:19.119, type: control_info }
{ VID: FODRO03, command: 60055, data: {"arrivalDistance":"150.452","arrivalId":"102","arrivalName":"고려대","latitude":"76.112844","longitude":"-215.589872"}, timestamp: 2024:07:31-12:09:19.452, type: destination_info }
{ VID: FODRO03, command: 60051, data: {"heading":"-0.000052","latitude":"55.271165","longitude":"-141.296012","speed":"29.982709"}, timestamp: 2024:07:31-12:09:19.452, type: location_info }
{ VID: FODRO03, command: 60053, data: {"accel":"100.000000","autoDrivingStatus":"2","brake":"0.000000","brakeStatus":"0","drivingDistance":"23","emergencyLight":"0","mdpsAngle":"0.000000","transmission":"3","turnSignal":"0","wheelSpeed":"55.523535","yawRate":"0.000000"}, timestamp: 2024:07:31-12:09:19.452, type: vehicle_info }
{ VID: FODRO03, command: 60121, data: {"acceleration":"0.000435","handleAngle":"-0.015434","interVehicleDistance":"0","lateralAcceleration":"0.000000","latitude":"55.271165","lngAcceleration":"0","longitude":"-141.296012","seq":"2","speed":"8.333331","steeringTireAngle":"-0.000016","steeringTireRotationRate":"-0.000035","ttc":"0..000000"}, timestamp: 2024:07:31-12:09:19.452, type: control_info }
{ VID: FODRO03, command: 60055, data: {"arrivalDistance":"150.452","arrivalId":"102","arrivalName":"고려대","latitude":"76.112844","longitude":"-215.589872"}, timestamp: 2024:07:31-12:09:19.785, type: destination_info }
{ VID: FODRO03, command: 60051, data: {"heading":"-0.000044","latitude":"56.416803","longitude":"-143.976329","speed":"29.983241"}, timestamp: 2024:07:31-12:09:19.786, type: location_info }
{ VID: FODRO03, command: 60053, data: {"accel":"100.000000","autoDrivingStatus":"2","brake":"0.000000","brakeStatus":"0","drivingDistance":"23","emergencyLight":"0","mdpsAngle":"0.000000","transmission":"3","turnSignal":"0","wheelSpeed":"55.524521","yawRate":"0.000000"}, timestamp: 2024:07:31-12:09:19.786, type: vehicle_info }
{ VID: FODRO03, command: 60121, data: {"acceleration":"0.000555","handleAngle":"-0.012996","interVehicleDistance":"0","lateralAcceleration":"0.000000","latitude":"56.416803","lngAcceleration":"0","longitude":"-143.976329","seq":"2","speed":"8.333331","steeringTireAngle":"-0.000011","steeringTireRotationRate":"0.000029","ttc":"0.000000"}, timestamp: 2024:07:31-12:09:19.786, type: control_info }
{ VID: FODRO03, command: 60055, data: {"arrivalDistance":"150.452","arrivalId":"102","arrivalName":"고려대","latitude":"76.112844","longitude":"-215.589872"}, timestamp: 2024:07:31-12:09:20.120, type: destination_info }
{ VID: FODRO03, command: 60051, data: {"heading":"-0.000030","latitude":"57.480792","longitude":"-146.465715","speed":"29.983880"}, timestamp: 2024:07:31-12:09:20.122, type: location_info }
{ VID: FODRO03, command: 60053, data: {"accel":"100.000000","autoDrivingStatus":"2","brake":"0.000000","brakeStatus":"0","drivingDistance":"23","emergencyLight":"0","mdpsAngle":"0.000000","transmission":"3","turnSignal":"0","wheelSpeed":"55.525703","yawRate":"0.000000"}, timestamp: 2024:07:31-12:09:20.124, type: vehicle_info }
{ VID: FODRO03, command: 60121, data: {"acceleration":"0.000661","handleAngle":"-0.008973","interVehicleDistance":"0","lateralAcceleration":"0.000000","latitude":"57.480792","lngAcceleration":"0","longitude":"-146.465715","seq":"2","speed":"8.333331","steeringTireAngle":"-0.000005","steeringTireRotationRate":"0.000026","ttc":"0.000000"}, timestamp: 2024:07:31-12:09:20.125, type: control_info }
{ VID: FODRO03, command: 60055, data: {"arrivalDistance":"150.452","arrivalId":"102","arrivalName":"고려대","latitude":"76.112844","longitude":"-215.589872"}, timestamp: 2024:07:31-12:09:20.454, type: destination_info }
{ VID: FODRO03, command: 60051, data: {"heading":"-0.000017","latitude":"58.544555","longitude":"-148.954639","speed":"29.984642"}, timestamp: 2024:07:31-12:09:20.458, type: location_info }
{ VID: FODRO03, command: 60053, data: {"accel":"100.000000","autoDrivingStatus":"2","brake":"0.000000","brakeStatus":"0","drivingDistance":"23","emergencyLight":"0","mdpsAngle":"0.000000","transmission":"3","turnSignal":"0","wheelSpeed":"55.527115","yawRate":"0.000000"}, timestamp: 2024:07:31-12:09:20.460, type: vehicle_info }
{ VID: FODRO03, command: 60121, data: {"acceleration":"0.000741","handleAngle":"-0.004923","interVehicleDistance":"0","lateralAcceleration":"0.000000","latitude":"58.544555","lngAcceleration":"0","longitude":"-148.954639","seq":"2","speed":"8.333331","steeringTireAngle":"-0.000001","steeringTireRotationRate":"0.000017","ttc":"0.000000"}, timestamp: 2024:07:31-12:09:20.462, type: control_info }
{ VID: FODRO03, command: 60055, data: {"arrivalDistance":"150.452","arrivalId":"102","arrivalName":"고려대","latitude":"76.112844","longitude":"-215.589872"}, timestamp: 2024:07:31-12:09:20.785, type: destination_info }
{ VID: FODRO03, command: 60051, data: {"heading":"-0.000006","latitude":"59.690287","longitude":"-151.635387","speed":"29.985572"}, timestamp: 2024:07:31-12:09:20.786, type: location_info }
{ VID: FODRO03, command: 60053, data: {"accel":"100.000000","autoDrivingStatus":"2","brake":"0.000000","brakeStatus":"0","drivingDistance":"23","emergencyLight":"0","mdpsAngle":"0.000000","transmission":"3","turnSignal":"0","wheelSpeed":"55.528838","yawRate":"0.000000"}, timestamp: 2024:07:31-12:09:20.786, type: vehicle_info }
{ VID: FODRO03, command: 60121, data: {"acceleration":"0.000824","handleAngle":"-0.001799","interVehicleDistance":"0","lateralAcceleration":"0.000000","latitude":"59.690287","lngAcceleration":"0","longitude":"-151.635387","seq":"2","speed":"8.333331","steeringTireAngle":"0.000002","steeringTireRotationRate":"0.000000","ttc":"0.000000"}, timestamp: 2024:07:31-12:09:20.786, type: control_info }
{ VID: FODRO03, command: 60055, data: {"arrivalDistance":"150.452","arrivalId":"102","arrivalName":"고려대","latitude":"76.112844","longitude":"-215.589872"}, timestamp: 2024:07:31-12:09:21.119, type: destination_info }
{ VID: FODRO03, command: 60051, data: {"heading":"0.000001","latitude":"60.754068","longitude":"-154.124405","speed":"29.986523"}, timestamp: 2024:07:31-12:09:21.119, type: location_info }
{ VID: FODRO03, command: 60053, data: {"accel":"100.000000","autoDrivingStatus":"2","brake":"0.000000","brakeStatus":"0","drivingDistance":"23","emergencyLight":"0","mdpsAngle":"-0.000000","transmission":"3","turnSignal":"0","wheelSpeed":"55.530599","yawRate":"0.000000"}, timestamp: 2024:07:31-12:09:21.119, type: vehicle_info }
{ VID: FODRO03, command: 60121, data: {"acceleration":"0.000870","handleAngle":"0.000305","interVehicleDistance":"0","lateralAcceleration":"0.000000","latitude":"60.754068","lngAcceleration":"0","longitude":"-154.124405","seq":"2","speed":"8.333331","steeringTireAngle":"0.000001","steeringTireRotationRate":"0.000002","ttc":"0.000000"}, timestamp: 2024:07:31-12:09:21.119, type: control_info }
{ VID: FODRO03, command: 60055, data: {"arrivalDistance":"150.452","arrivalId":"102","arrivalName":"고려대","latitude":"76.112844","longitude":"-215.589872"}, timestamp: 2024:07:31-12:09:21.452, type: destination_info }
{ VID: FODRO03, command: 60051, data: {"heading":"0.000003","latitude":"61.818049","longitude":"-156.613889","speed":"29.987536"}, timestamp: 2024:07:31-12:09:21.452, type: location_info }
{ VID: FODRO03, command: 60053, data: {"accel":"100.000000","autoDrivingStatus":"2","brake":"0.000000","brakeStatus":"0","drivingDistance":"23","emergencyLight":"0","mdpsAngle":"-0.000000","transmission":"3","turnSignal":"0","wheelSpeed":"55.532475","yawRate":"0.000000"}, timestamp: 2024:07:31-12:09:21.452, type: vehicle_info }
{ VID: FODRO03, command: 60121, data: {"acceleration":"0.000910","handleAngle":"0.000994","interVehicleDistance":"0","lateralAcceleration":"0.000000","latitude":"61.818049","lngAcceleration":"0","longitude":"-156.613889","seq":"2","speed":"8.333331","steeringTireAngle":"0.000001","steeringTireRotationRate":"-0.000003","ttc":"0.000000"}, timestamp: 2024:07:31-12:09:21.452, type: control_info }
{ VID: FODRO03, command: 60055, data: {"arrivalDistance":"150.452","arrivalId":"102","arrivalName":"고려대","latitude":"76.112844","longitude":"-215.589872"}, timestamp: 2024:07:31-12:09:21.786, type: destination_info }
{ VID: FODRO03, command: 60051, data: {"heading":"0.000002","latitude":"62.963770","longitude":"-159.294619","speed":"29.988680"}, timestamp: 2024:07:31-12:09:21.789, type: location_info }
{ VID: FODRO03, command: 60053, data: {"accel":"100.000000","autoDrivingStatus":"2","brake":"0.000000","brakeStatus":"0","drivingDistance":"23","emergencyLight":"0","mdpsAngle":"-0.000000","transmission":"3","turnSignal":"0","wheelSpeed":"55.534592","yawRate":"0.000000"}, timestamp: 2024:07:31-12:09:21.789, type: vehicle_info }
{ VID: FODRO03, command: 60121, data: {"acceleration":"0.000933","handleAngle":"0.000739","interVehicleDistance":"0","lateralAcceleration":"0.000000","latitude":"62.963770","lngAcceleration":"0","longitude":"-159.294619","seq":"2","speed":"8.333331","steeringTireAngle":"-0.000000","steeringTireRotationRate":"0.000001","ttc":"0.000000"}, timestamp: 2024:07:31-12:09:21.789, type: control_info }
{ VID: FODRO03, command: 60055, data: {"arrivalDistance":"150.452","arrivalId":"102","arrivalName":"고려대","latitude":"76.112844","longitude":"-215.589872"}, timestamp: 2024:07:31-12:09:22.119, type: destination_info }
{ VID: FODRO03, command: 60051, data: {"heading":"0.000001","latitude":"64.027845","longitude":"-161.784310","speed":"29.989771"}, timestamp: 2024:07:31-12:09:22.119, type: location_info }
{ VID: FODRO03, command: 60053, data: {"accel":"100.000000","autoDrivingStatus":"2","brake":"0.000000","brakeStatus":"0","drivingDistance":"23","emergencyLight":"0","mdpsAngle":"-0.000000","transmission":"3","turnSignal":"0","wheelSpeed":"55.536613","yawRate":"0.000000"}, timestamp: 2024:07:31-12:09:22.119, type: vehicle_info }
{ VID: FODRO03, command: 60121, data: {"acceleration":"0.000948","handleAngle":"0.000256","interVehicleDistance":"0","lateralAcceleration":"0.000000","latitude":"64.027845","lngAcceleration":"0","longitude":"-161.784310","seq":"2","speed":"8.333331","steeringTireAngle":"-0.000000","steeringTireRotationRate":"-0.000000","ttc":"0.000000"}, timestamp: 2024:07:31-12:09:22.119, type: control_info }
{ VID: FODRO03, command: 60055, data: {"arrivalDistance":"150.452","arrivalId":"102","arrivalName":"고려대","latitude":"76.112844","longitude":"-215.589872"}, timestamp: 2024:07:31-12:09:22.452, type: destination_info }
{ VID: FODRO03, command: 60051, data: {"heading":"-0.000000","latitude":"65.091839","longitude":"-164.273810","speed":"29.990877"}, timestamp: 2024:07:31-12:09:22.453, type: location_info }
{ VID: FODRO03, command: 60053, data: {"accel":"100.000000","autoDrivingStatus":"2","brake":"0.000000","brakeStatus":"0","drivingDistance":"23","emergencyLight":"0","mdpsAngle":"0.000000","transmission":"3","turnSignal":"0","wheelSpeed":"55.538661","yawRate":"0.000000"}, timestamp: 2024:07:31-12:09:22.453, type: vehicle_info }
{ VID: FODRO03, command: 60121, data: {"acceleration":"0.000943","handleAngle":"-0.000085","interVehicleDistance":"0","lateralAcceleration":"0.000000","latitude":"65.091839","lngAcceleration":"0","longitude":"-164.273810","seq":"2","speed":"8.333331","steeringTireAngle":"-0.000000","steeringTireRotationRate":"-0.000000","ttc":"0..000000"}, timestamp: 2024:07:31-12:09:22.453, type: control_info }
{ VID: FODRO03, command: 60055, data: {"arrivalDistance":"150.452","arrivalId":"102","arrivalName":"고려대","latitude":"76.112844","longitude":"-215.589872"}, timestamp: 2024:07:31-12:09:22.785, type: destination_info }
{ VID: FODRO03, command: 60051, data: {"heading":"-0.000001","latitude":"66.237851","longitude":"-166.955213","speed":"29.992068"}, timestamp: 2024:07:31-12:09:22.786, type: location_info }
{ VID: FODRO03, command: 60053, data: {"accel":"100.000000","autoDrivingStatus":"2","brake":"0.000000","brakeStatus":"0","drivingDistance":"23","emergencyLight":"0","mdpsAngle":"0.000000","transmission":"3","turnSignal":"0","wheelSpeed":"55.540867","yawRate":"0.000000"}, timestamp: 2024:07:31-12:09:22.786, type: vehicle_info }
{ VID: FODRO03, command: 60121, data: {"acceleration":"0.000932","handleAngle":"-0.000245","interVehicleDistance":"0","lateralAcceleration":"0.000000","latitude":"66.237851","lngAcceleration":"0","longitude":"-166.955213","seq":"2","speed":"8.333331","steeringTireAngle":"-0.000000","steeringTireRotationRate":"0.000001","ttc":"0.000000"}, timestamp: 2024:07:31-12:09:22.786, type: control_info }
{ VID: FODRO03, command: 60055, data: {"arrivalDistance":"150.452","arrivalId":"102","arrivalName":"고려대","latitude":"76.112844","longitude":"-215.589872"}, timestamp: 2024:07:31-12:09:23.119, type: destination_info }
{ VID: FODRO03, command: 60051, data: {"heading":"-0.000001","latitude":"67.301941","longitude":"-169.444941","speed":"29.993160"}, timestamp: 2024:07:31-12:09:23.119, type: location_info }
{ VID: FODRO03, command: 60053, data: {"accel":"100.000000","autoDrivingStatus":"2","brake":"0.000000","brakeStatus":"0","drivingDistance":"23","emergencyLight":"0","mdpsAngle":"0.000000","transmission":"3","turnSignal":"0","wheelSpeed":"55.542889","yawRate":"0.000000"}, timestamp: 2024:07:31-12:09:23.119, type: vehicle_info }
{ VID: FODRO03, command: 60121, data: {"acceleration":"0.000914","handleAngle":"-0.000201","interVehicleDistance":"0","lateralAcceleration":"0.000000","latitude":"67.301941","lngAcceleration":"0","longitude":"-169.444941","seq":"2","speed":"8.333331","steeringTireAngle":"0.000000","steeringTireRotationRate":"0.000001","ttc":"0.000000"}, timestamp: 2024:07:31-12:09:23.119, type: control_info }
{ VID: FODRO03, command: 60055, data: {"arrivalDistance":"150.452","arrivalId":"102","arrivalName":"고려대","latitude":"76.112844","longitude":"-215.589872"}, timestamp: 2024:07:31-12:09:23.452, type: destination_info }
{ VID: FODRO03, command: 60051, data: {"heading":"-0.000000","latitude":"68.366017","longitude":"-171.934637","speed":"29.994231"}, timestamp: 2024:07:31-12:09:23.452, type: location_info }
{ VID: FODRO03, command: 60053, data: {"accel":"100.000000","autoDrivingStatus":"2","brake":"0.000000","brakeStatus":"0","drivingDistance":"23","emergencyLight":"0","mdpsAngle":"0.000000","transmission":"3","turnSignal":"0","wheelSpeed":"55.544872","yawRate":"0.000000"}, timestamp: 2024:07:31-12:09:23.452, type: vehicle_info }
{ VID: FODRO03, command: 60121, data: {"acceleration":"0.000878","handleAngle":"-0.000036","interVehicleDistance":"0","lateralAcceleration":"0.000000","latitude":"68.366017","lngAcceleration":"0","longitude":"-171.934637","seq":"2","speed":"8.333331","steeringTireAngle":"0.000000","steeringTireRotationRate":"0.000000","ttc":"0.000000"}, timestamp: 2024:07:31-12:09:23.452, type: control_info }
{ VID: FODRO03, command: 60055, data: {"arrivalDistance":"150.452","arrivalId":"102","arrivalName":"고려대","latitude":"76.112844","longitude":"-215.589872"}, timestamp: 2024:07:31-12:09:23.786, type: destination_info }
{ VID: FODRO03, command: 60051, data: {"heading":"0.000000","latitude":"69.512160","longitude":"-174.616348","speed":"29.995347"}, timestamp: 2024:07:31-12:09:23.786, type: location_info }
{ VID: FODRO03, command: 60053, data: {"accel":"100.000000","autoDrivingStatus":"2","brake":"0.000000","brakeStatus":"0","drivingDistance":"23","emergencyLight":"0","mdpsAngle":"-0.000000","transmission":"3","turnSignal":"0","wheelSpeed":"55.546939","yawRate":"0.000000"}, timestamp: 2024:07:31-12:09:23.786, type: vehicle_info }
{ VID: FODRO03, command: 60121, data: {"acceleration":"0.000841","handleAngle":"0.000128","interVehicleDistance":"0","lateralAcceleration":"0.000000","latitude":"69.512160","lngAcceleration":"0","longitude":"-174.616348","seq":"2","speed":"8.333331","steeringTireAngle":"0.000000","steeringTireRotationRate":"0.000000","ttc":"0.000000"}, timestamp: 2024:07:31-12:09:23.786, type: control_info }
{ VID: FODRO03, command: 60055, data: {"arrivalDistance":"150.452","arrivalId":"102","arrivalName":"고려대","latitude":"76.112844","longitude":"-215.589872"}, timestamp: 2024:07:31-12:09:24.119, type: destination_info }
{ VID: FODRO03, command: 60051, data: {"heading":"0.000001","latitude":"70.576425","longitude":"-177.106485","speed":"29.996339"}, timestamp: 2024:07:31-12:09:24.119, type: location_info }
{ VID: FODRO03, command: 60053, data: {"accel":"100.000000","autoDrivingStatus":"2","brake":"0.000000","brakeStatus":"0","drivingDistance":"23","emergencyLight":"0","mdpsAngle":"-0.000000","transmission":"3","turnSignal":"0","wheelSpeed":"55.548776","yawRate":"0.000000"}, timestamp: 2024:07:31-12:09:24.119, type: vehicle_info }
{ VID: FODRO03, command: 60121, data: {"acceleration":"0.000803","handleAngle":"0.000234","interVehicleDistance":"0","lateralAcceleration":"0.000000","latitude":"70.576425","lngAcceleration":"0","longitude":"-177.106485","seq":"2","speed":"8.333331","steeringTireAngle":"0.000000","steeringTireRotationRate":"0.000000","ttc":"0.000000"}, timestamp: 2024:07:31-12:09:24.119, type: control_info }
{ VID: FODRO03, command: 60055, data: {"arrivalDistance":"150.452","arrivalId":"102","arrivalName":"고려대","latitude":"76.112844","longitude":"-215.589872"}, timestamp: 2024:07:31-12:09:24.452, type: destination_info }
{ VID: FODRO03, command: 60051, data: {"heading":"0.000001","latitude":"71.640678","longitude":"-179.596593","speed":"29.997280"}, timestamp: 2024:07:31-12:09:24.452, type: location_info }
{ VID: FODRO03, command: 60053, data: {"accel":"100.000000","autoDrivingStatus":"2","brake":"0.000000","brakeStatus":"0","drivingDistance":"23","emergencyLight":"0","mdpsAngle":"-0.000000","transmission":"3","turnSignal":"0","wheelSpeed":"55.550518","yawRate":"0.000000"}, timestamp: 2024:07:31-12:09:24.452, type: vehicle_info }
{ VID: FODRO03, command: 60121, data: {"acceleration":"0.000748","handleAngle":"0.000243","interVehicleDistance":"0","lateralAcceleration":"0.000000","latitude":"71.640678","lngAcceleration":"0","longitude":"-179.596593","seq":"2","speed":"8.333331","steeringTireAngle":"-0.000001","steeringTireRotationRate":"-0.000002","ttc":"0.000000"}, timestamp: 2024:07:31-12:09:24.452, type: control_info }
{ VID: FODRO03, command: 60055, data: {"arrivalDistance":"150.452","arrivalId":"102","arrivalName":"고려대","latitude":"76.112844","longitude":"-215.589872"}, timestamp: 2024:07:31-12:09:24.786, type: destination_info }
{ VID: FODRO03, command: 60051, data: {"heading":"-0.000001","latitude":"72.786815","longitude":"-182.278287","speed":"29.998231"}, timestamp: 2024:07:31-12:09:24.786, type: location_info }
{ VID: FODRO03, command: 60053, data: {"accel":"100.000000","autoDrivingStatus":"2","brake":"0.000000","brakeStatus":"0","drivingDistance":"23","emergencyLight":"0","mdpsAngle":"0.000000","transmission":"3","turnSignal":"0","wheelSpeed":"55.552279","yawRate":"0.000000"}, timestamp: 2024:07:31-12:09:24.786, type: vehicle_info }
{ VID: FODRO03, command: 60121, data: {"acceleration":"0.000696","handleAngle":"-0.000295","interVehicleDistance":"0","lateralAcceleration":"0.000000","latitude":"72.786815","lngAcceleration":"0","longitude":"-182.278287","seq":"2","speed":"8.333331","steeringTireAngle":"-0.000002","steeringTireRotationRate":"-0.000003","ttc":"0..000000"}, timestamp: 2024:07:31-12:09:24.787, type: control_info }
{ VID: FODRO03, command: 60055, data: {"arrivalDistance":"150.452","arrivalId":"102","arrivalName":"고려대","latitude":"76.112844","longitude":"-215.589872"}, timestamp: 2024:07:31-12:09:25.119, type: destination_info }
{ VID: FODRO03, command: 60051, data: {"heading":"-0.000005","latitude":"73.851210","longitude":"-184.768727","speed":"29.999051"}, timestamp: 2024:07:31-12:09:25.119, type: location_info }
{ VID: FODRO03, command: 60053, data: {"accel":"100.000000","autoDrivingStatus":"2","brake":"0.000000","brakeStatus":"0","drivingDistance":"23","emergencyLight":"0","mdpsAngle":"0.000000","transmission":"3","turnSignal":"0","wheelSpeed":"55.553799","yawRate":"0.000000"}, timestamp: 2024:07:31-12:09:25.119, type: vehicle_info }
{ VID: FODRO03, command: 60121, data: {"acceleration":"0.000640","handleAngle":"-0.001452","interVehicleDistance":"0","lateralAcceleration":"0.000000","latitude":"73.851210","lngAcceleration":"0","longitude":"-184.768727","seq":"2","speed":"8.333331","steeringTireAngle":"-0.000003","steeringTireRotationRate":"-0.000004","ttc":"0..000000"}, timestamp: 2024:07:31-12:09:25.119, type: control_info }
{ VID: FODRO03, command: 60055, data: {"arrivalDistance":"150.452","arrivalId":"102","arrivalName":"고려대","latitude":"76.112844","longitude":"-215.589872"}, timestamp: 2024:07:31-12:09:25.452, type: destination_info }
{ VID: FODRO03, command: 60051, data: {"heading":"-0.000008","latitude":"74.915485","longitude":"-187.258898","speed":"29.999807"}, timestamp: 2024:07:31-12:09:25.452, type: location_info }
{ VID: FODRO03, command: 60053, data: {"accel":"100.000000","autoDrivingStatus":"2","brake":"0.000000","brakeStatus":"0","drivingDistance":"23","emergencyLight":"0","mdpsAngle":"0.000000","transmission":"3","turnSignal":"0","wheelSpeed":"55.555197","yawRate":"0.000000"}, timestamp: 2024:07:31-12:09:25.452, type: vehicle_info }
{ VID: FODRO03, command: 60121, data: {"acceleration":"0.000578","handleAngle":"-0.002237","interVehicleDistance":"0","lateralAcceleration":"0.000000","latitude":"74.915485","lngAcceleration":"0","longitude":"-187.258898","seq":"2","speed":"8.333331","steeringTireAngle":"-0.000002","steeringTireRotationRate":"-0.000002","ttc":"0..000000"}, timestamp: 2024:07:31-12:09:25.452, type: control_info }
{ VID: FODRO03, command: 60055, data: {"arrivalDistance":"150.452","arrivalId":"102","arrivalName":"고려대","latitude":"76.112844","longitude":"-215.589872"}, timestamp: 2024:07:31-12:09:25.786, type: destination_info }
{ VID: FODRO03, command: 60051, data: {"heading":"0.000000","latitude":"76.075702","longitude":"-189.973569","speed":"0.000000"}, timestamp: 2024:07:31-12:09:25.788, type: location_info }
{ VID: FODRO03, command: 60053, data: {"accel":"100.000000","autoDrivingStatus":"2","brake":"0.000000","brakeStatus":"0","drivingDistance":"23","emergencyLight":"0","mdpsAngle":"-0.000000","transmission":"2","turnSignal":"0","wheelSpeed":"0.000000","yawRate":"0.000000"}, timestamp: 2024:07:31-12:09:25.788, type: vehicle_info }
{ VID: FODRO03, command: 60121, data: {"acceleration":"0.000519","handleAngle":"0.000000","interVehicleDistance":"0","lateralAcceleration":"0.000000","latitude":"76.075702","lngAcceleration":"0","longitude":"-189.973569","seq":"2","speed":"8.333333","steeringTireAngle":"0.000001","steeringTireRotationRate":"0.000010","ttc":"0.000000"}, timestamp: 2024:07:31-12:09:25.788, type: control_info }
{ VID: FODRO03, command: 60055, data: {"arrivalDistance":"150.452","arrivalId":"102","arrivalName":"고려대","latitude":"76.112844","longitude":"-215.589872"}, timestamp: 2024:07:31-12:09:26.119, type: destination_info }
{ VID: FODRO03, command: 60051, data: {"heading":"0.000000","latitude":"77.126391","longitude":"-192.431981","speed":"30.001159"}, timestamp: 2024:07:31-12:09:26.119, type: location_info }
{ VID: FODRO03, command: 60053, data: {"accel":"100.000000","autoDrivingStatus":"2","brake":"0.000000","brakeStatus":"0","drivingDistance":"23","emergencyLight":"0","mdpsAngle":"-0.000000","transmission":"3","turnSignal":"0","wheelSpeed":"55.557702","yawRate":"0.000000"}, timestamp: 2024:07:31-12:09:26.119, type: vehicle_info }
{ VID: FODRO03, command: 60121, data: {"acceleration":"0.000455","handleAngle":"0.000031","interVehicleDistance":"0","lateralAcceleration":"0.000000","latitude":"77.126391","lngAcceleration":"0","longitude":"-192.431981","seq":"2","speed":"8.333332","steeringTireAngle":"0.000004","steeringTireRotationRate":"0.000006","ttc":"0.000000"}, timestamp: 2024:07:31-12:09:26.119, type: control_info }
{ VID: FODRO03, command: 60055, data: {"arrivalDistance":"150.452","arrivalId":"102","arrivalName":"고려대","latitude":"76.112844","longitude":"-215.589872"}, timestamp: 2024:07:31-12:09:26.452, type: destination_info }
{ VID: FODRO03, command: 60051, data: {"heading":"0.000008","latitude":"78.190609","longitude":"-194.922045","speed":"30.001702"}, timestamp: 2024:07:31-12:09:26.452, type: location_info }
{ VID: FODRO03, command: 60053, data: {"accel":"100.000000","autoDrivingStatus":"2","brake":"0.000000","brakeStatus":"0","drivingDistance":"23","emergencyLight":"0","mdpsAngle":"-0.000000","transmission":"3","turnSignal":"0","wheelSpeed":"55.558707","yawRate":"0.000000"}, timestamp: 2024:07:31-12:09:26.452, type: vehicle_info }
{ VID: FODRO03, command: 60121, data: {"acceleration":"0.000393","handleAngle":"0.002268","interVehicleDistance":"0","lateralAcceleration":"0.000000","latitude":"78.190609","lngAcceleration":"0","longitude":"-194.922045","seq":"2","speed":"8.333333","steeringTireAngle":"0.000004","steeringTireRotationRate":"-0.000001","ttc":"0.000000"}, timestamp: 2024:07:31-12:09:26.453, type: control_info }
{ VID: FODRO03, command: 60055, data: {"arrivalDistance":"150.452","arrivalId":"102","arrivalName":"고려대","latitude":"76.112844","longitude":"-215.589872"}, timestamp: 2024:07:31-12:09:26.785, type: destination_info }
{ VID: FODRO03, command: 60051, data: {"heading":"0.000012","latitude":"79.336878","longitude":"-197.604074","speed":"30.002210"}, timestamp: 2024:07:31-12:09:26.785, type: location_info }
{ VID: FODRO03, command: 60053, data: {"accel":"100.000000","autoDrivingStatus":"2","brake":"0.000000","brakeStatus":"0","drivingDistance":"23","emergencyLight":"0","mdpsAngle":"-0.000000","transmission":"3","turnSignal":"0","wheelSpeed":"55.559648","yawRate":"0.000000"}, timestamp: 2024:07:31-12:09:26.785, type: vehicle_info }
{ VID: FODRO03, command: 60121, data: {"acceleration":"0.000322","handleAngle":"0.003576","interVehicleDistance":"0","lateralAcceleration":"0.000000","latitude":"79.336878","lngAcceleration":"0","longitude":"-197.604074","seq":"2","speed":"8.333333","steeringTireAngle":"0.000002","steeringTireRotationRate":"0.000006","ttc":"0.000000"}, timestamp: 2024:07:31-12:09:26.786, type: control_info }
{ VID: FODRO03, command: 60055, data: {"arrivalDistance":"150.452","arrivalId":"102","arrivalName":"고려대","latitude":"76.112844","longitude":"-215.589872"}, timestamp: 2024:07:31-12:09:27.119, type: destination_info }
{ VID: FODRO03, command: 60051, data: {"heading":"0.000012","latitude":"80.401426","longitude":"-200.094865","speed":"30.002615"}, timestamp: 2024:07:31-12:09:27.119, type: location_info }
{ VID: FODRO03, command: 60053, data: {"accel":"100.000000","autoDrivingStatus":"2","brake":"0.000000","brakeStatus":"0","drivingDistance":"23","emergencyLight":"0","mdpsAngle":"-0.000000","transmission":"3","turnSignal":"0","wheelSpeed":"55.560398","yawRate":"0.000000"}, timestamp: 2024:07:31-12:09:27.119, type: vehicle_info }
{ VID: FODRO03, command: 60121, data: {"acceleration":"0.000284","handleAngle":"0.003436","interVehicleDistance":"0","lateralAcceleration":"0.000000","latitude":"80.401426","lngAcceleration":"0","longitude":"-200.094865","seq":"2","speed":"8.333331","steeringTireAngle":"0.000000","steeringTireRotationRate":"-0.000010","ttc":"0.000000"}, timestamp: 2024:07:31-12:09:27.119, type: control_info }
{ VID: FODRO03, command: 60055, data: {"arrivalDistance":"150.452","arrivalId":"102","arrivalName":"고려대","latitude":"76.112844","longitude":"-215.589872"}, timestamp: 2024:07:31-12:09:27.452, type: destination_info }
{ VID: FODRO03, command: 60051, data: {"heading":"0.000007","latitude":"81.465839","longitude":"-202.585313","speed":"30.002951"}, timestamp: 2024:07:31-12:09:27.452, type: location_info }
{ VID: FODRO03, command: 60053, data: {"accel":"100.000000","autoDrivingStatus":"2","brake":"0.000000","brakeStatus":"0","drivingDistance":"23","emergencyLight":"0","mdpsAngle":"-0.000000","transmission":"3","turnSignal":"0","wheelSpeed":"55.561021","yawRate":"0.000000"}, timestamp: 2024:07:31-12:09:27.453, type: vehicle_info }
{ VID: FODRO03, command: 60121, data: {"acceleration":"0.000230","handleAngle":"0.001982","interVehicleDistance":"0","lateralAcceleration":"0.000000","latitude":"81.465839","lngAcceleration":"0","longitude":"-202.585313","seq":"2","speed":"8.333332","steeringTireAngle":"-0.000001","steeringTireRotationRate":"0.000001","ttc":"0.000000"}, timestamp: 2024:07:31-12:09:27.453, type: control_info }
{ VID: FODRO03, command: 60055, data: {"arrivalDistance":"150.452","arrivalId":"102","arrivalName":"고려대","latitude":"76.112844","longitude":"-215.589872"}, timestamp: 2024:07:31-12:09:27.786, type: destination_info }
{ VID: FODRO03, command: 60051, data: {"heading":"0.000001","latitude":"82.619058","longitude":"-205.283529","speed":"30.003243"}, timestamp: 2024:07:31-12:09:27.786, type: location_info }
{ VID: FODRO03, command: 60053, data: {"accel":"100.000000","autoDrivingStatus":"2","brake":"0.000000","brakeStatus":"0","drivingDistance":"23","emergencyLight":"0","mdpsAngle":"-0.000000","transmission":"2","turnSignal":"0","wheelSpeed":"55.561562","yawRate":"0.000000"}, timestamp: 2024:07:31-12:09:27.787, type: vehicle_info }
{ VID: FODRO03, command: 60121, data: {"acceleration":"0.000170","handleAngle":"0.000382","interVehicleDistance":"0","lateralAcceleration":"0.000000","latitude":"82.619058","lngAcceleration":"0","longitude":"-205.283529","seq":"2","speed":"8.333333","steeringTireAngle":"-0.000002","steeringTireRotationRate":"-0.000001","ttc":"0.000000"}, timestamp: 2024:07:31-12:09:27.787, type: control_info }
{ VID: FODRO03, command: 60055, data: {"arrivalDistance":"150.452","arrivalId":"102","arrivalName":"고려대","latitude":"76.112844","longitude":"-215.589872"}, timestamp: 2024:07:31-12:09:28.119, type: destination_info }
{ VID: FODRO03, command: 60051, data: {"heading":"-0.000002","latitude":"83.676803","longitude":"-207.758356","speed":"30.003449"}, timestamp: 2024:07:31-12:09:28.119, type: location_info }
{ VID: FODRO03, command: 60053, data: {"accel":"100.000000","autoDrivingStatus":"2","brake":"0.000000","brakeStatus":"0","drivingDistance":"23","emergencyLight":"0","mdpsAngle":"0.000000","transmission":"3","turnSignal":"0","wheelSpeed":"55.561943","yawRate":"0.000000"}, timestamp: 2024:07:31-12:09:28.119, type: vehicle_info }
{ VID: FODRO03, command: 60121, data: {"acceleration":"0.000124","handleAngle":"-0.000733","interVehicleDistance":"0","lateralAcceleration":"0.000000","latitude":"83.676803","lngAcceleration":"0","longitude":"-207.758356","seq":"2","speed":"8.333332","steeringTireAngle":"-0.000001","steeringTireRotationRate":"-0.000002","ttc":"0..000000"}, timestamp: 2024:07:31-12:09:28.119, type: control_info }
{ VID: FODRO03, command: 60055, data: {"arrivalDistance":"150.452","arrivalId":"102","arrivalName":"고려대","latitude":"76.112844","longitude":"-215.589872"}, timestamp: 2024:07:31-12:09:28.452, type: destination_info }
{ VID: FODRO03, command: 60051, data: {"heading":"-0.000004","latitude":"84.741311","longitude":"-210.249013","speed":"30.003604"}, timestamp: 2024:07:31-12:09:28.452, type: location_info }
{ VID: FODRO03, command: 60053, data: {"accel":"100.000000","autoDrivingStatus":"2","brake":"0.000000","brakeStatus":"0","drivingDistance":"23","emergencyLight":"0","mdpsAngle":"0.000000","transmission":"3","turnSignal":"0","wheelSpeed":"55.562229","yawRate":"0.000000"}, timestamp: 2024:07:31-12:09:28.452, type: vehicle_info }
{ VID: FODRO03, command: 60121, data: {"acceleration":"0.000072","handleAngle":"-0.001118","interVehicleDistance":"0","lateralAcceleration":"0.000000","latitude":"84.741311","lngAcceleration":"0","longitude":"-210.249013","seq":"2","speed":"8.333333","steeringTireAngle":"-0.000001","steeringTireRotationRate":"-0.000002","ttc":"0..000000"}, timestamp: 2024:07:31-12:09:28.453, type: control_info }
{ VID: FODRO03, command: 60055, data: {"arrivalDistance":"150.452","arrivalId":"102","arrivalName":"고려대","latitude":"76.112844","longitude":"-215.589872"}, timestamp: 2024:07:31-12:09:28.786, type: destination_info }
{ VID: FODRO03, command: 60051, data: {"heading":"-0.000003","latitude":"85.887715","longitude":"-212.931291","speed":"30.003703"}, timestamp: 2024:07:31-12:09:28.786, type: location_info }
{ VID: FODRO03, command: 60053, data: {"accel":"100.000000","autoDrivingStatus":"2","brake":"0.000000","brakeStatus":"0","drivingDistance":"23","emergencyLight":"0","mdpsAngle":"0.000000","transmission":"3","turnSignal":"0","wheelSpeed":"55.562414","yawRate":"0.000000"}, timestamp: 2024:07:31-12:09:28.787, type: vehicle_info }
{ VID: FODRO03, command: 60121, data: {"acceleration":"0.000038","handleAngle":"-0.000823","interVehicleDistance":"0","lateralAcceleration":"0.000000","latitude":"85.887715","lngAcceleration":"0","longitude":"-212.931291","seq":"2","speed":"8.333332","steeringTireAngle":"-0.000000","steeringTireRotationRate":"0.000003","ttc":"0.000000"}, timestamp: 2024:07:31-12:09:28.787, type: control_info }
{ VID: FODRO03, command: 60055, data: {"arrivalDistance":"150.452","arrivalId":"102","arrivalName":"고려대","latitude":"76.112844","longitude":"-215.589872"}, timestamp: 2024:07:31-12:09:29.119, type: destination_info }
{ VID: FODRO03, command: 60051, data: {"heading":"-0.000001","latitude":"86.952240","longitude":"-215.422002","speed":"30.003748"}, timestamp: 2024:07:31-12:09:29.119, type: location_info }
{ VID: FODRO03, command: 60053, data: {"accel":"100.000000","autoDrivingStatus":"2","brake":"0.000000","brakeStatus":"0","drivingDistance":"23","emergencyLight":"0","mdpsAngle":"0.000000","transmission":"3","turnSignal":"0","wheelSpeed":"55.562496","yawRate":"0.000000"}, timestamp: 2024:07:31-12:09:29.119, type: vehicle_info }
{ VID: FODRO03, command: 60121, data: {"acceleration":"-0.000005","handleAngle":"-0.000290","interVehicleDistance":"0","lateralAcceleration":"0.000000","latitude":"86.952240","lngAcceleration":"0","longitude":"-215.422002","seq":"2","speed":"8.333332","steeringTireAngle":"0.000001","steeringTireRotationRate":"0.000002","ttc":"0.000000"}, timestamp: 2024:07:31-12:09:29.119, type: control_info }
{ VID: FODRO03, command: 60055, data: {"arrivalDistance":"150.452","arrivalId":"102","arrivalName":"고려대","latitude":"76.112844","longitude":"-215.589872"}, timestamp: 2024:07:31-12:09:29.452, type: destination_info }
{ VID: FODRO03, command: 60051, data: {"heading":"0.000001","latitude":"88.016790","longitude":"-217.912772","speed":"30.003748"}, timestamp: 2024:07:31-12:09:29.452, type: location_info }
{ VID: FODRO03, command: 60053, data: {"accel":"100.000000","autoDrivingStatus":"2","brake":"0.000000","brakeStatus":"0","drivingDistance":"23","emergencyLight":"0","mdpsAngle":"-0.000000","transmission":"3","turnSignal":"0","wheelSpeed":"55.562496","yawRate":"0.000000"}, timestamp: 2024:07:31-12:09:29.452, type: vehicle_info }
{ VID: FODRO03, command: 60121, data: {"acceleration":"-0.000041","handleAngle":"0.000239","interVehicleDistance":"0","lateralAcceleration":"0.000000","latitude":"88.016790","lngAcceleration":"0","longitude":"-217.912772","seq":"2","speed":"8.333332","steeringTireAngle":"0.000000","steeringTireRotationRate":"-0.000000","ttc":"0.000000"}, timestamp: 2024:07:31-12:09:29.452, type: control_info }
{ VID: FODRO03, command: 60055, data: {"arrivalDistance":"150.452","arrivalId":"102","arrivalName":"고려대","latitude":"76.112844","longitude":"-215.589872"}, timestamp: 2024:07:31-12:09:29.785, type: destination_info }
{ VID: FODRO03, command: 60051, data: {"heading":"0.000001","latitude":"89.163193","longitude":"-220.595056","speed":"30.003700"}, timestamp: 2024:07:31-12:09:29.786, type: location_info }
{ VID: FODRO03, command: 60053, data: {"accel":"100.000000","autoDrivingStatus":"2","brake":"0.000000","brakeStatus":"0","drivingDistance":"23","emergencyLight":"0","mdpsAngle":"-0.000000","transmission":"3","turnSignal":"0","wheelSpeed":"55.562407","yawRate":"0.000000"}, timestamp: 2024:07:31-12:09:29.786, type: vehicle_info }
{ VID: FODRO03, command: 60121, data: {"acceleration":"-0.000071","handleAngle":"0.000390","interVehicleDistance":"0","lateralAcceleration":"0.000000","latitude":"89.163193","lngAcceleration":"0","longitude":"-220.595056","seq":"2","speed":"8.333332","steeringTireAngle":"-0.000000","steeringTireRotationRate":"-0.000000","ttc":"0..000000"}, timestamp: 2024:07:31-12:09:29.786, type: control_info }
{ VID: FODRO03, command: 60055, data: {"arrivalDistance":"150.452","arrivalId":"102","arrivalName":"고려대","latitude":"76.112844","longitude":"-215.589872"}, timestamp: 2024:07:31-12:09:30.119, type: destination_info }
{ VID: FODRO03, command: 60051, data: {"heading":"0.000000","latitude":"90.227773","longitude":"-223.085893","speed":"30.003617"}, timestamp: 2024:07:31-12:09:30.119, type: location_info }
{ VID: FODRO03, command: 60053, data: {"accel":"100.000000","autoDrivingStatus":"2","brake":"0.000000","brakeStatus":"0","drivingDistance":"23","emergencyLight":"0","mdpsAngle":"-0.000000","transmission":"3","turnSignal":"0","wheelSpeed":"55.562255","yawRate":"0.000000"}, timestamp: 2024:07:31-12:09:30.119, type: vehicle_info }
{ VID: FODRO03, command: 60121, data: {"acceleration":"-0.000100","handleAngle":"0.000056","interVehicleDistance":"0","lateralAcceleration":"0.000000","latitude":"90.227773","lngAcceleration":"0","longitude":"-223.085893","seq":"2","speed":"8.333332","steeringTireAngle":"-0.000001","steeringTireRotationRate":"-0.000002","ttc":"0..000000"}, timestamp: 2024:07:31-12:09:30.119, type: control_info }
{ VID: FODRO03, command: 60055, data: {"arrivalDistance":"150.452","arrivalId":"102","arrivalName":"고려대","latitude":"76.112844","longitude":"-215.589872"}, timestamp: 2024:07:31-12:09:30.452, type: destination_info }
{ VID: FODRO03, command: 60051, data: {"heading":"-0.000002","latitude":"91.292314","longitude":"-225.576639","speed":"30.003504"}, timestamp: 2024:07:31-12:09:30.452, type: location_info }
{ VID: FODRO03, command: 60053, data: {"accel":"100.000000","autoDrivingStatus":"2","brake":"0.000000","brakeStatus":"0","drivingDistance":"23","emergencyLight":"0","mdpsAngle":"0.000000","transmission":"3","turnSignal":"0","wheelSpeed":"55.562045","yawRate":"0.000000"}, timestamp: 2024:07:31-12:09:30.452, type: vehicle_info }
{ VID: FODRO03, command: 60121, data: {"acceleration":"-0.000130","handleAngle":"-0.000535","interVehicleDistance":"0","lateralAcceleration":"0.000000","latitude":"91.292314","lngAcceleration":"0","longitude":"-225.576639","seq":"2","speed":"8.333333","steeringTireAngle":"-0.000001","steeringTireRotationRate":"-0.000001","ttc":"0.000000"}, timestamp: 2024:07:31-12:09:30.452, type: control_info }
{ VID: FODRO03, command: 60055, data: {"arrivalDistance":"150.452","arrivalId":"102","arrivalName":"고려대","latitude":"76.112844","longitude":"-215.589872"}, timestamp: 2024:07:31-12:09:30.785, type: destination_info }
{ VID: FODRO03, command: 60051, data: {"heading":"-0.000004","latitude":"92.438652","longitude":"-228.258770","speed":"30.003343"}, timestamp: 2024:07:31-12:09:30.786, type: location_info }
{ VID: FODRO03, command: 60053, data: {"accel":"100.000000","autoDrivingStatus":"2","brake":"0.000000","brakeStatus":"0","drivingDistance":"23","emergencyLight":"0","mdpsAngle":"0.000000","transmission":"3","turnSignal":"0","wheelSpeed":"55.561746","yawRate":"0.000000"}, timestamp: 2024:07:31-12:09:30.786, type: vehicle_info }
{ VID: FODRO03, command: 60121, data: {"acceleration":"-0.000144","handleAngle":"-0.001100","interVehicleDistance":"0","lateralAcceleration":"0.000000","latitude":"92.438652","lngAcceleration":"0","longitude":"-228.258770","seq":"2","speed":"8.333332","steeringTireAngle":"-0.000002","steeringTireRotationRate":"-0.000003","ttc":"0.000000"}, timestamp: 2024:07:31-12:09:30.786, type: control_info }
{ VID: FODRO03, command: 60055, data: {"arrivalDistance":"150.452","arrivalId":"102","arrivalName":"고려대","latitude":"76.112844","longitude":"-215.589872"}, timestamp: 2024:07:31-12:09:31.119, type: destination_info }
{ VID: FODRO03, command: 60051, data: {"heading":"-0.000005","latitude":"93.516872","longitude":"-230.781534","speed":"30.003171"}, timestamp: 2024:07:31-12:09:31.120, type: location_info }
{ VID: FODRO03, command: 60053, data: {"accel":"100.000000","autoDrivingStatus":"2","brake":"0.000000","brakeStatus":"0","drivingDistance":"23","emergencyLight":"0","mdpsAngle":"0.000000","transmission":"3","turnSignal":"0","wheelSpeed":"55.561428","yawRate":"0.000000"}, timestamp: 2024:07:31-12:09:31.120, type: vehicle_info }
{ VID: FODRO03, command: 60121, data: {"acceleration":"-0.000162","handleAngle":"-0.001447","interVehicleDistance":"0","lateralAcceleration":"0.000000","latitude":"93.516872","lngAcceleration":"0","longitude":"-230.781534","seq":"2","speed":"8.333332","steeringTireAngle":"-0.000002","steeringTireRotationRate":"0.000002","ttc":"0..000000"}, timestamp: 2024:07:31-12:09:31.120, type: control_info }
{ VID: FODRO03, command: 60055, data: {"arrivalDistance":"150.452","arrivalId":"102","arrivalName":"고려대","latitude":"76.112844","longitude":"-215.589872"}, timestamp: 2024:07:31-12:09:31.452, type: destination_info }
{ VID: FODRO03, command: 60051, data: {"heading":"-0.000005","latitude":"94.567705","longitude":"-233.240229","speed":"30.002986"}, timestamp: 2024:07:31-12:09:31.452, type: location_info }
{ VID: FODRO03, command: 60053, data: {"accel":"100.000000","autoDrivingStatus":"2","brake":"0.000000","brakeStatus":"0","drivingDistance":"23","emergencyLight":"0","mdpsAngle":"0.000000","transmission":"3","turnSignal":"0","wheelSpeed":"55.561085","yawRate":"0.000000"}, timestamp: 2024:07:31-12:09:31.452, type: vehicle_info }
{ VID: FODRO03, command: 60121, data: {"acceleration":"-0.000178","handleAngle":"-0.001597","interVehicleDistance":"0","lateralAcceleration":"0.000000","latitude":"94.567705","lngAcceleration":"0","longitude":"-233.240229","seq":"2","speed":"8.333332","steeringTireAngle":"-0.000001","steeringTireRotationRate":"-0.000003","ttc":"0.000000"}, timestamp: 2024:07:31-12:09:31.452, type: control_info }
{ VID: FODRO03, command: 60055, data: {"arrivalDistance":"150.452","arrivalId":"102","arrivalName":"고려대","latitude":"76.112844","longitude":"-215.589872"}, timestamp: 2024:07:31-12:09:31.786, type: destination_info }
{ VID: FODRO03, command: 60051, data: {"heading":"-0.000004","latitude":"95.714079","longitude":"-235.922480","speed":"30.002759"}, timestamp: 2024:07:31-12:09:31.787, type: location_info }
{ VID: FODRO03, command: 60053, data: {"accel":"100.000000","autoDrivingStatus":"2","brake":"0.000000","brakeStatus":"0","drivingDistance":"23","emergencyLight":"0","mdpsAngle":"0.000000","transmission":"3","turnSignal":"0","wheelSpeed":"55.560665","yawRate":"0.000000"}, timestamp: 2024:07:31-12:09:31.787, type: vehicle_info }
{ VID: FODRO03, command: 60121, data: {"acceleration":"-0.000185","handleAngle":"-0.001232","interVehicleDistance":"0","lateralAcceleration":"0.000000","latitude":"95.714079","lngAcceleration":"0","longitude":"-235.922480","seq":"2","speed":"8.333332","steeringTireAngle":"-0.000001","steeringTireRotationRate":"0.000004","ttc":"0..000000"}, timestamp: 2024:07:31-12:09:31.787, type: control_info }
{ VID: FODRO03, command: 60055, data: {"arrivalDistance":"150.452","arrivalId":"102","arrivalName":"고려대","latitude":"76.112844","longitude":"-215.589872"}, timestamp: 2024:07:31-12:09:32.119, type: destination_info }
{ VID: FODRO03, command: 60051, data: {"heading":"-0.000002","latitude":"96.779086","longitude":"-238.414357","speed":"30.002539"}, timestamp: 2024:07:31-12:09:32.119, type: location_info }
{ VID: FODRO03, command: 60053, data: {"accel":"100.000000","autoDrivingStatus":"2","brake":"0.000000","brakeStatus":"0","drivingDistance":"23","emergencyLight":"0","mdpsAngle":"0.000000","transmission":"3","turnSignal":"0","wheelSpeed":"55.560258","yawRate":"0.000000"}, timestamp: 2024:07:31-12:09:32.119, type: vehicle_info }
{ VID: FODRO03, command: 60121, data: {"acceleration":"-0.000194","handleAngle":"-0.000644","interVehicleDistance":"0","lateralAcceleration":"0.000000","latitude":"96.779086","lngAcceleration":"0","longitude":"-238.414357","seq":"2","speed":"8.333333","steeringTireAngle":"0.000001","steeringTireRotationRate":"0.000004","ttc":"0.000000"}, timestamp: 2024:07:31-12:09:32.119, type: control_info }
{ VID: FODRO03, command: 60055, data: {"arrivalDistance":"150.452","arrivalId":"102","arrivalName":"고려대","latitude":"76.112844","longitude":"-215.589872"}, timestamp: 2024:07:31-12:09:32.452, type: destination_info }
{ VID: FODRO03, command: 60051, data: {"heading":"0.000002","latitude":"97.843036","longitude":"-240.903768","speed":"30.002309"}, timestamp: 2024:07:31-12:09:32.452, type: location_info }
{ VID: FODRO03, command: 60053, data: {"accel":"100.000000","autoDrivingStatus":"2","brake":"0.000000","brakeStatus":"0","drivingDistance":"23","emergencyLight":"0","mdpsAngle":"-0.000000","transmission":"3","turnSignal":"0","wheelSpeed":"55.559832","yawRate":"0.000000"}, timestamp: 2024:07:31-12:09:32.452, type: vehicle_info }
{ VID: FODRO03, command: 60121, data: {"acceleration":"-0.000200","handleAngle":"0.000467","interVehicleDistance":"0","lateralAcceleration":"0.000000","latitude":"97.843036","lngAcceleration":"0","longitude":"-240.903768","seq":"2","speed":"8.333333","steeringTireAngle":"0.000004","steeringTireRotationRate":"0.000004","ttc":"0.000000"}, timestamp: 2024:07:31-12:09:32.452, type: control_info }
{ VID: FODRO03, command: 60055, data: {"arrivalDistance":"150.452","arrivalId":"102","arrivalName":"고려대","latitude":"76.112844","longitude":"-215.589872"}, timestamp: 2024:07:31-12:09:32.790, type: destination_info }
{ VID: FODRO03, command: 60051, data: {"heading":"0.000008","latitude":"98.989305","longitude":"-243.585782","speed":"30.002059"}, timestamp: 2024:07:31-12:09:32.791, type: location_info }
{ VID: FODRO03, command: 60053, data: {"accel":"100.000000","autoDrivingStatus":"2","brake":"0.000000","brakeStatus":"0","drivingDistance":"23","emergencyLight":"0","mdpsAngle":"-0.000000","transmission":"2","turnSignal":"0","wheelSpeed":"55.559368","yawRate":"0.000000"}, timestamp: 2024:07:31-12:09:32.791, type: vehicle_info }
{ VID: FODRO03, command: 60121, data: {"acceleration":"-0.000203","handleAngle":"0.000000","interVehicleDistance":"0","lateralAcceleration":"0.000000","latitude":"98.989305","lngAcceleration":"0","longitude":"-243.585782","seq":"2","speed":"8.333333","steeringTireAngle":"0.000006","steeringTireRotationRate":"0.000009","ttc":"0.000000"}, timestamp: 2024:07:31-12:09:32.791, type: control_info }
{ VID: FODRO03, command: 60055, data: {"arrivalDistance":"150.452","arrivalId":"102","arrivalName":"고려대","latitude":"76.112844","longitude":"-215.589872"}, timestamp: 2024:07:31-12:09:33.119, type: destination_info }
{ VID: FODRO03, command: 60051, data: {"heading":"0.000015","latitude":"100.053831","longitude":"-246.076517","speed":"30.001822"}, timestamp: 2024:07:31-12:09:33.119, type: location_info }
{ VID: FODRO03, command: 60053, data: {"accel":"100.000000","autoDrivingStatus":"2","brake":"0.000000","brakeStatus":"0","drivingDistance":"23","emergencyLight":"0","mdpsAngle":"-0.000000","transmission":"3","turnSignal":"0","wheelSpeed":"55.558929","yawRate":"0.000000"}, timestamp: 2024:07:31-12:09:33.119, type: vehicle_info }
{ VID: FODRO03, command: 60121, data: {"acceleration":"-0.000201","handleAngle":"0.004396","interVehicleDistance":"0","lateralAcceleration":"0.000000","latitude":"100.053831","lngAcceleration":"0","longitude":"-246.076517","seq":"2","speed":"8.333332","steeringTireAngle":"0.000008","steeringTireRotationRate":"0.000013","ttc":"0.000000"}, timestamp: 2024:07:31-12:09:33.119, type: control_info }
{ VID: FODRO03, command: 60055, data: {"arrivalDistance":"150.452","arrivalId":"102","arrivalName":"고려대","latitude":"76.112844","longitude":"-215.589872"}, timestamp: 2024:07:31-12:09:33.452, type: destination_info }
{ VID: FODRO03, command: 60051, data: {"heading":"0.000021","latitude":"101.118296","longitude":"-248.567076","speed":"30.001588"}, timestamp: 2024:07:31-12:09:33.452, type: location_info }
{ VID: FODRO03, command: 60053, data: {"accel":"100.000000","autoDrivingStatus":"2","brake":"0.000000","brakeStatus":"0","drivingDistance":"23","emergencyLight":"0","mdpsAngle":"-0.000000","transmission":"3","turnSignal":"0","wheelSpeed":"55.558497","yawRate":"0.000000"}, timestamp: 2024:07:31-12:09:33.452, type: vehicle_info }
{ VID: FODRO03, command: 60121, data: {"acceleration":"-0.000193","handleAngle":"0.006111","interVehicleDistance":"0","lateralAcceleration":"0.000000","latitude":"101.118296","lngAcceleration":"0","longitude":"-248.567076","seq":"2","speed":"8.333332","steeringTireAngle":"0.000010","steeringTireRotationRate":"-0.000006","ttc":"0..000000"}, timestamp: 2024:07:31-12:09:33.452, type: control_info }
{ VID: FODRO03, command: 60055, data: {"arrivalDistance":"150.452","arrivalId":"102","arrivalName":"고려대","latitude":"76.112844","longitude":"-215.589872"}, timestamp: 2024:07:31-12:09:33.786, type: destination_info }
{ VID: FODRO03, command: 60051, data: {"heading":"0.000028","latitude":"102.268725","longitude":"-251.258716","speed":"30.001341"}, timestamp: 2024:07:31-12:09:33.786, type: location_info }
{ VID: FODRO03, command: 60053, data: {"accel":"100.000000","autoDrivingStatus":"2","brake":"0.000000","brakeStatus":"0","drivingDistance":"23","emergencyLight":"0","mdpsAngle":"-0.000000","transmission":"3","turnSignal":"0","wheelSpeed":"55.558039","yawRate":"0.000000"}, timestamp: 2024:07:31-12:09:33.787, type: vehicle_info }
{ VID: FODRO03, command: 60121, data: {"acceleration":"-0.000184","handleAngle":"0.008429","interVehicleDistance":"0","lateralAcceleration":"0.000000","latitude":"102.268725","lngAcceleration":"0","longitude":"-251.258716","seq":"2","speed":"8.333331","steeringTireAngle":"0.000012","steeringTireRotationRate":"0.000024","ttc":"0.000000"}, timestamp: 2024:07:31-12:09:33.787, type: control_info }
{ VID: FODRO03, command: 60055, data: {"arrivalDistance":"150.452","arrivalId":"102","arrivalName":"고려대","latitude":"76.112844","longitude":"-215.589872"}, timestamp: 2024:07:31-12:09:34.119, type: destination_info }
{ VID: FODRO03, command: 60051, data: {"heading":"0.000035","latitude":"103.329119","longitude":"-253.739636","speed":"30.001118"}, timestamp: 2024:07:31-12:09:34.119, type: location_info }
{ VID: FODRO03, command: 60053, data: {"accel":"100.000000","autoDrivingStatus":"2","brake":"0.000000","brakeStatus":"0","drivingDistance":"23","emergencyLight":"0","mdpsAngle":"-0.000000","transmission":"3","turnSignal":"0","wheelSpeed":"55.557626","yawRate":"0.000000"}, timestamp: 2024:07:31-12:09:34.119, type: vehicle_info }
{ VID: FODRO03, command: 60121, data: {"acceleration":"-0.000181","handleAngle":"0.010271","interVehicleDistance":"0","lateralAcceleration":"0.000000","latitude":"103.329119","lngAcceleration":"0","longitude":"-253.739636","seq":"2","speed":"8.333332","steeringTireAngle":"0.000016","steeringTireRotationRate":"0.000030","ttc":"0.000000"}, timestamp: 2024:07:31-12:09:34.119, type: control_info }
{ VID: FODRO03, command: 60055, data: {"arrivalDistance":"150.452","arrivalId":"102","arrivalName":"고려대","latitude":"76.112844","longitude":"-215.589872"}, timestamp: 2024:07:31-12:09:34.452, type: destination_info }
{ VID: FODRO03, command: 60051, data: {"heading":"0.000043","latitude":"104.393553","longitude":"-256.229931","speed":"30.000902"}, timestamp: 2024:07:31-12:09:34.452, type: location_info }
{ VID: FODRO03, command: 60053, data: {"accel":"100.000000","autoDrivingStatus":"2","brake":"0.000000","brakeStatus":"0","drivingDistance":"23","emergencyLight":"0","mdpsAngle":"-0.000000","transmission":"3","turnSignal":"0","wheelSpeed":"55.557226","yawRate":"0.000000"}, timestamp: 2024:07:31-12:09:34.452, type: vehicle_info }
{ VID: FODRO03, command: 60121, data: {"acceleration":"-0.000171","handleAngle":"0.012804","interVehicleDistance":"0","lateralAcceleration":"0.000000","latitude":"104.393553","lngAcceleration":"0","longitude":"-256.229931","seq":"2","speed":"8.333332","steeringTireAngle":"0.000021","steeringTireRotationRate":"0.000030","ttc":"0.000000"}, timestamp: 2024:07:31-12:09:34.453, type: control_info }
{ VID: FODRO03, command: 60055, data: {"arrivalDistance":"150.452","arrivalId":"102","arrivalName":"고려대","latitude":"76.112844","longitude":"-215.589872"}, timestamp: 2024:07:31-12:09:34.785, type: destination_info }
{ VID: FODRO03, command: 60051, data: {"heading":"0.000056","latitude":"105.552487","longitude":"-258.941204","speed":"30.000682"}, timestamp: 2024:07:31-12:09:34.787, type: location_info }
{ VID: FODRO03, command: 60053, data: {"accel":"100.000000","autoDrivingStatus":"2","brake":"0.000000","brakeStatus":"0","drivingDistance":"23","emergencyLight":"0","mdpsAngle":"-0.000000","transmission":"2","turnSignal":"0","wheelSpeed":"55.556819","yawRate":"0.000000"}, timestamp: 2024:07:31-12:09:34.787, type: vehicle_info }
{ VID: FODRO03, command: 60121, data: {"acceleration":"-0.000167","handleAngle":"0.000000","interVehicleDistance":"0","lateralAcceleration":"0.000000","latitude":"105.552487","lngAcceleration":"0","longitude":"-258.941204","seq":"2","speed":"8.333333","steeringTireAngle":"-0.000056","steeringTireRotationRate":"-0.000268","ttc":"0.000000"}, timestamp: 2024:07:31-12:09:34.787, type: control_info }
{ VID: FODRO03, command: 60055, data: {"arrivalDistance":"150.452","arrivalId":"102","arrivalName":"고려대","latitude":"76.112844","longitude":"-215.589872"}, timestamp: 2024:07:31-12:09:35.119, type: destination_info }
{ VID: FODRO03, command: 60051, data: {"heading":"-0.000069","latitude":"106.604674","longitude":"-261.402636","speed":"30.000490"}, timestamp: 2024:07:31-12:09:35.119, type: location_info }
{ VID: FODRO03, command: 60053, data: {"accel":"100.000000","autoDrivingStatus":"2","brake":"0.000000","brakeStatus":"0","drivingDistance":"23","emergencyLight":"0","mdpsAngle":"0.000000","transmission":"3","turnSignal":"0","wheelSpeed":"55.556463","yawRate":"0.000000"}, timestamp: 2024:07:31-12:09:35.119, type: vehicle_info }
{ VID: FODRO03, command: 60121, data: {"acceleration":"-0.000153","handleAngle":"-0.020568","interVehicleDistance":"0","lateralAcceleration":"0.000000","latitude":"106.604674","lngAcceleration":"0","longitude":"-261.402636","seq":"2","speed":"8.333332","steeringTireAngle":"-0.000234","steeringTireRotationRate":"-0.000268","ttc":"0.000000"}, timestamp: 2024:07:31-12:09:35.119, type: control_info }
{ VID: FODRO03, command: 60055, data: {"arrivalDistance":"150.452","arrivalId":"102","arrivalName":"고려대","latitude":"76.112844","longitude":"-215.589872"}, timestamp: 2024:07:31-12:09:35.452, type: destination_info }
{ VID: FODRO03, command: 60051, data: {"heading":"-0.000470","latitude":"107.669072","longitude":"-263.892853","speed":"30.000308"}, timestamp: 2024:07:31-12:09:35.452, type: location_info }
{ VID: FODRO03, command: 60053, data: {"accel":"100.000000","autoDrivingStatus":"2","brake":"0.000000","brakeStatus":"0","drivingDistance":"23","emergencyLight":"0","mdpsAngle":"0.000000","transmission":"3","turnSignal":"0","wheelSpeed":"55.556126","yawRate":"0.000000"}, timestamp: 2024:07:31-12:09:35.452, type: vehicle_info }
{ VID: FODRO03, command: 60121, data: {"acceleration":"-0.000145","handleAngle":"-0.139114","interVehicleDistance":"0","lateralAcceleration":"0.000000","latitude":"107.669072","lngAcceleration":"0","longitude":"-263.892853","seq":"2","speed":"8.333333","steeringTireAngle":"-0.000220","steeringTireRotationRate":"0.000131","ttc":"0.000000"}, timestamp: 2024:07:31-12:09:35.452, type: control_info }
{ VID: FODRO03, command: 60055, data: {"arrivalDistance":"150.452","arrivalId":"102","arrivalName":"고려대","latitude":"76.112844","longitude":"-215.589872"}, timestamp: 2024:07:31-12:09:35.785, type: destination_info }
{ VID: FODRO03, command: 60051, data: {"heading":"-0.000670","latitude":"108.818551","longitude":"-266.583273","speed":"30.000122"}, timestamp: 2024:07:31-12:09:35.785, type: location_info }
{ VID: FODRO03, command: 60053, data: {"accel":"100.000000","autoDrivingStatus":"2","brake":"0.000000","brakeStatus":"0","drivingDistance":"23","emergencyLight":"0","mdpsAngle":"0.000000","transmission":"3","turnSignal":"0","wheelSpeed":"55.555782","yawRate":"0.000000"}, timestamp: 2024:07:31-12:09:35.786, type: vehicle_info }
{ VID: FODRO03, command: 60121, data: {"acceleration":"-0.000132","handleAngle":"-0.198417","interVehicleDistance":"0","lateralAcceleration":"0.000000","latitude":"108.818551","lngAcceleration":"0","longitude":"-266.583273","seq":"2","speed":"8.333333","steeringTireAngle":"-0.000131","steeringTireRotationRate":"-0.000195","ttc":"0.000000"}, timestamp: 2024:07:31-12:09:35.786, type: control_info }
{ VID: FODRO03, command: 60055, data: {"arrivalDistance":"150.452","arrivalId":"102","arrivalName":"고려대","latitude":"76.112844","longitude":"-215.589872"}, timestamp: 2024:07:31-12:09:36.119, type: destination_info }
{ VID: FODRO03, command: 60051, data: {"heading":"-0.000579","latitude":"109.878553","longitude":"-269.065782","speed":"29.999971"}, timestamp: 2024:07:31-12:09:36.120, type: location_info }
{ VID: FODRO03, command: 60053, data: {"accel":"100.000000","autoDrivingStatus":"2","brake":"0.000000","brakeStatus":"0","drivingDistance":"23","emergencyLight":"0","mdpsAngle":"0.000000","transmission":"3","turnSignal":"0","wheelSpeed":"55.555503","yawRate":"0.000000"}, timestamp: 2024:07:31-12:09:36.121, type: vehicle_info }
{ VID: FODRO03, command: 60121, data: {"acceleration":"-0.000117","handleAngle":"-0.171282","interVehicleDistance":"0","lateralAcceleration":"0.000000","latitude":"109.878553","lngAcceleration":"0","longitude":"-269.065782","seq":"2","speed":"8.333332","steeringTireAngle":"0.000081","steeringTireRotationRate":"-0.000053","ttc":"0.000000"}, timestamp: 2024:07:31-12:09:36.121, type: control_info }
{ VID: FODRO03, command: 60055, data: {"arrivalDistance":"150.452","arrivalId":"102","arrivalName":"고려대","latitude":"76.112844","longitude":"-215.589872"}, timestamp: 2024:07:31-12:09:36.452, type: destination_info }
{ VID: FODRO03, command: 60051, data: {"heading":"-0.000117","latitude":"110.941543","longitude":"-271.556514","speed":"29.999831"}, timestamp: 2024:07:31-12:09:36.452, type: location_info }
{ VID: FODRO03, command: 60053, data: {"accel":"100.000000","autoDrivingStatus":"2","brake":"0.000000","brakeStatus":"0","drivingDistance":"23","emergencyLight":"0","mdpsAngle":"0.000000","transmission":"3","turnSignal":"0","wheelSpeed":"55.555242","yawRate":"0.000000"}, timestamp: 2024:07:31-12:09:36.452, type: vehicle_info }
{ VID: FODRO03, command: 60121, data: {"acceleration":"-0.000103","handleAngle":"-0.034641","interVehicleDistance":"0","lateralAcceleration":"0.000000","latitude":"110.941543","lngAcceleration":"0","longitude":"-271.556514","seq":"2","speed":"8.333333","steeringTireAngle":"0.000192","steeringTireRotationRate":"0.000449","ttc":"0..000000"}, timestamp: 2024:07:31-12:09:36.452, type: control_info }
{ VID: FODRO03, command: 60055, data: {"arrivalDistance":"150.452","arrivalId":"102","arrivalName":"고려대","latitude":"76.112844","longitude":"-215.589872"}, timestamp: 2024:07:31-12:09:36.788, type: destination_info }
{ VID: FODRO03, command: 60051, data: {"heading":"0.000329","latitude":"112.086367","longitude":"-274.239323","speed":"29.999693"}, timestamp: 2024:07:31-12:09:36.789, type: location_info }
{ VID: FODRO03, command: 60053, data: {"accel":"100.000000","autoDrivingStatus":"2","brake":"0.000000","brakeStatus":"0","drivingDistance":"23","emergencyLight":"0","mdpsAngle":"-0.000000","transmission":"3","turnSignal":"0","wheelSpeed":"55.554988","yawRate":"0.000000"}, timestamp: 2024:07:31-12:09:36.789, type: vehicle_info }
{ VID: FODRO03, command: 60121, data: {"acceleration":"-0.000095","handleAngle":"0.097314","interVehicleDistance":"0","lateralAcceleration":"0.000000","latitude":"112.086367","lngAcceleration":"0","longitude":"-274.239323","seq":"2","speed":"8.333333","steeringTireAngle":"0.000222","steeringTireRotationRate":"0.000372","ttc":"0.000000"}, timestamp: 2024:07:31-12:09:36.790, type: control_info }
{ VID: FODRO03, command: 60055, data: {"arrivalDistance":"150.452","arrivalId":"102","arrivalName":"고려대","latitude":"76.112844","longitude":"-215.589872"}, timestamp: 2024:07:31-12:09:37.120, type: destination_info }
{ VID: FODRO03, command: 60051, data: {"heading":"0.000580","latitude":"113.149512","longitude":"-276.730038","speed":"29.999583"}, timestamp: 2024:07:31-12:09:37.121, type: location_info }
{ VID: FODRO03, command: 60053, data: {"accel":"100.000000","autoDrivingStatus":"2","brake":"0.000000","brakeStatus":"0","drivingDistance":"23","emergencyLight":"0","mdpsAngle":"-0.000000","transmission":"3","turnSignal":"0","wheelSpeed":"55.554784","yawRate":"0.000000"}, timestamp: 2024:07:31-12:09:37.121, type: vehicle_info }
{ VID: FODRO03, command: 60121, data: {"acceleration":"-0.000079","handleAngle":"0.171683","interVehicleDistance":"0","lateralAcceleration":"0.000000","latitude":"113.149512","lngAcceleration":"0","longitude":"-276.730038","seq":"2","speed":"8.333333","steeringTireAngle":"0.000184","steeringTireRotationRate":"0.000361","ttc":"0.000000"}, timestamp: 2024:07:31-12:09:37.121, type: control_info }
{ VID: FODRO03, command: 60055, data: {"arrivalDistance":"150.452","arrivalId":"102","arrivalName":"고려대","latitude":"76.112844","longitude":"-215.589872"}, timestamp: 2024:07:31-12:09:37.452, type: destination_info }
{ VID: FODRO03, command: 60051, data: {"heading":"0.000588","latitude":"114.213181","longitude":"-279.220744","speed":"29.999491"}, timestamp: 2024:07:31-12:09:37.452, type: location_info }
{ VID: FODRO03, command: 60053, data: {"accel":"100.000000","autoDrivingStatus":"2","brake":"0.000000","brakeStatus":"0","drivingDistance":"23","emergencyLight":"0","mdpsAngle":"-0.000000","transmission":"3","turnSignal":"0","wheelSpeed":"55.554612","yawRate":"0.000000"}, timestamp: 2024:07:31-12:09:37.452, type: vehicle_info }
{ VID: FODRO03, command: 60121, data: {"acceleration":"-0.000069","handleAngle":"0.174091","interVehicleDistance":"0","lateralAcceleration":"0.000000","latitude":"114.213181","lngAcceleration":"0","longitude":"-279.220744","seq":"2","speed":"8.333333","steeringTireAngle":"0.000114","steeringTireRotationRate":"0.000256","ttc":"0.000000"}, timestamp: 2024:07:31-12:09:37.452, type: control_info }
{ VID: FODRO03, command: 60055, data: {"arrivalDistance":"150.452","arrivalId":"102","arrivalName":"고려대","latitude":"76.112844","longitude":"-215.589872"}, timestamp: 2024:07:31-12:09:37.787, type: destination_info }
{ VID: FODRO03, command: 60051, data: {"heading":"0.000000","latitude":"115.369710","longitude":"-281.927502","speed":"0.000000"}, timestamp: 2024:07:31-12:09:37.789, type: location_info }
{ VID: FODRO03, command: 60053, data: {"accel":"100.000000","autoDrivingStatus":"2","brake":"0.000000","brakeStatus":"0","drivingDistance":"23","emergencyLight":"0","mdpsAngle":"-0.000000","transmission":"2","turnSignal":"0","wheelSpeed":"0.000000","yawRate":"0.000000"}, timestamp: 2024:07:31-12:09:37.790, type: vehicle_info }
{ VID: FODRO03, command: 60121, data: {"acceleration":"-0.000057","handleAngle":"0.000000","interVehicleDistance":"0","lateralAcceleration":"0.000000","latitude":"115.369710","lngAcceleration":"0","longitude":"-281.927502","seq":"2","speed":"8.333333","steeringTireAngle":"0.000037","steeringTireRotationRate":"-0.000378","ttc":"0..000000"}, timestamp: 2024:07:31-12:09:37.790, type: control_info }
{ VID: FODRO03, command: 60055, data: {"arrivalDistance":"150.452","arrivalId":"102","arrivalName":"고려대","latitude":"76.112844","longitude":"-215.589872"}, timestamp: 2024:07:31-12:09:38.119, type: destination_info }
{ VID: FODRO03, command: 60051, data: {"heading":"0.000142","latitude":"116.424335","longitude":"-284.394926","speed":"29.999336"}, timestamp: 2024:07:31-12:09:38.124, type: location_info }
{ VID: FODRO03, command: 60053, data: {"accel":"100.000000","autoDrivingStatus":"2","brake":"0.000000","brakeStatus":"0","drivingDistance":"23","emergencyLight":"0","mdpsAngle":"-0.000000","transmission":"3","turnSignal":"0","wheelSpeed":"55.554326","yawRate":"0.000000"}, timestamp: 2024:07:31-12:09:38.124, type: vehicle_info }
{ VID: FODRO03, command: 60121, data: {"acceleration":"-0.000713","handleAngle":"0.042041","interVehicleDistance":"0","lateralAcceleration":"0.000000","latitude":"116.424335","lngAcceleration":"0","longitude":"-284.394926","seq":"2","speed":"8.333333","steeringTireAngle":"-0.000021","steeringTireRotationRate":"-0.000006","ttc":"0.000000"}, timestamp: 2024:07:31-12:09:38.124, type: control_info }
{ VID: FODRO03, command: 60055, data: {"arrivalDistance":"150.452","arrivalId":"102","arrivalName":"고려대","latitude":"76.112844","longitude":"-215.589872"}, timestamp: 2024:07:31-12:09:38.452, type: destination_info }
{ VID: FODRO03, command: 60051, data: {"heading":"-0.000026","latitude":"117.488059","longitude":"-286.883338","speed":"29.998605"}, timestamp: 2024:07:31-12:09:38.452, type: location_info }
{ VID: FODRO03, command: 60053, data: {"accel":"100.000000","autoDrivingStatus":"2","brake":"0.000000","brakeStatus":"0","drivingDistance":"23","emergencyLight":"0","mdpsAngle":"0.000000","transmission":"3","turnSignal":"0","wheelSpeed":"55.552972","yawRate":"0.000000"}, timestamp: 2024:07:31-12:09:38.452, type: vehicle_info }
{ VID: FODRO03, command: 60121, data: {"acceleration":"-0.011461","handleAngle":"-0.007574","interVehicleDistance":"0","lateralAcceleration":"0.000000","latitude":"117.488059","lngAcceleration":"0","longitude":"-286.883338","seq":"2","speed":"8.332736","steeringTireAngle":"-0.000043","steeringTireRotationRate":"-0.000023","ttc":"0.000000"}, timestamp: 2024:07:31-12:09:38.453, type: control_info }
{ VID: FODRO03, command: 60055, data: {"arrivalDistance":"150.452","arrivalId":"102","arrivalName":"고려대","latitude":"76.112844","longitude":"-215.589872"}, timestamp: 2024:07:31-12:09:38.785, type: destination_info }
{ VID: FODRO03, command: 60051, data: {"heading":"-0.000109","latitude":"118.634405","longitude":"-289.565097","speed":"29.987371"}, timestamp: 2024:07:31-12:09:38.786, type: location_info }
{ VID: FODRO03, command: 60053, data: {"accel":"100.000000","autoDrivingStatus":"2","brake":"0.000000","brakeStatus":"0","drivingDistance":"23","emergencyLight":"0","mdpsAngle":"0.000000","transmission":"3","turnSignal":"0","wheelSpeed":"55.532169","yawRate":"0.000000"}, timestamp: 2024:07:31-12:09:38.786, type: vehicle_info }
{ VID: FODRO03, command: 60121, data: {"acceleration":"-0.024994","handleAngle":"-0.032232","interVehicleDistance":"0","lateralAcceleration":"0.000000","latitude":"118.634405","lngAcceleration":"0","longitude":"-289.565097","seq":"2","speed":"8.327442","steeringTireAngle":"-0.000024","steeringTireRotationRate":"-0.000059","ttc":"0.000000"}, timestamp: 2024:07:31-12:09:38.786, type: control_info }
{ VID: FODRO03, command: 60055, data: {"arrivalDistance":"150.452","arrivalId":"102","arrivalName":"고려대","latitude":"76.112844","longitude":"-215.589872"}, timestamp: 2024:07:31-12:09:39.119, type: destination_info }
{ VID: FODRO03, command: 60051, data: {"heading":"-0.000105","latitude":"119.697850","longitude":"-292.053157","speed":"29.957894"}, timestamp: 2024:07:31-12:09:39.119, type: location_info }
{ VID: FODRO03, command: 60053, data: {"accel":"100.000000","autoDrivingStatus":"2","brake":"0.000000","brakeStatus":"0","drivingDistance":"23","emergencyLight":"0","mdpsAngle":"0.000000","transmission":"3","turnSignal":"0","wheelSpeed":"55.477581","yawRate":"0.000000"}, timestamp: 2024:07:31-12:09:39.120, type: vehicle_info }
{ VID: FODRO03, command: 60121, data: {"acceleration":"-0.056606","handleAngle":"-0.031208","interVehicleDistance":"0","lateralAcceleration":"0.000000","latitude":"119.697850","lngAcceleration":"0","longitude":"-292.053157","seq":"2","speed":"8.314703","steeringTireAngle":"-0.000017","steeringTireRotationRate":"-0.000043","ttc":"0.000000"}, timestamp: 2024:07:31-12:09:39.120, type: control_info }
{ VID: FODRO03, command: 60055, data: {"arrivalDistance":"150.452","arrivalId":"102","arrivalName":"고려대","latitude":"76.112844","longitude":"-215.589872"}, timestamp: 2024:07:31-12:09:39.452, type: destination_info }
{ VID: FODRO03, command: 60051, data: {"heading":"-0.000084","latitude":"120.759856","longitude":"-294.538092","speed":"29.898564"}, timestamp: 2024:07:31-12:09:39.452, type: location_info }
{ VID: FODRO03, command: 60053, data: {"accel":"100.000000","autoDrivingStatus":"2","brake":"0.000000","brakeStatus":"0","drivingDistance":"23","emergencyLight":"0","mdpsAngle":"0.000000","transmission":"3","turnSignal":"0","wheelSpeed":"55.367711","yawRate":"0.000000"}, timestamp: 2024:07:31-12:09:39.452, type: vehicle_info }
{ VID: FODRO03, command: 60121, data: {"acceleration":"-0.078552","handleAngle":"-0.024815","interVehicleDistance":"0","lateralAcceleration":"0.000000","latitude":"120.759856","lngAcceleration":"0","longitude":"-294.538092","seq":"2","speed":"8.294160","steeringTireAngle":"-0.000018","steeringTireRotationRate":"0.000036","ttc":"0.000000"}, timestamp: 2024:07:31-12:09:39.452, type: control_info }
{ VID: FODRO03, command: 60055, data: {"arrivalDistance":"150.452","arrivalId":"102","arrivalName":"고려대","latitude":"76.112844","longitude":"-215.589872"}, timestamp: 2024:07:31-12:09:39.786, type: destination_info }
{ VID: FODRO03, command: 60051, data: {"heading":"0.000000","latitude":"121.818999","longitude":"-297.016519","speed":"0.000000"}, timestamp: 2024:07:31-12:09:39.789, type: location_info }
{ VID: FODRO03, command: 60053, data: {"accel":"100.000000","autoDrivingStatus":"2","brake":"0.000000","brakeStatus":"0","drivingDistance":"23","emergencyLight":"0","mdpsAngle":"-0.000000","transmission":"3","turnSignal":"0","wheelSpeed":"0.000000","yawRate":"0.000000"}, timestamp: 2024:07:31-12:09:39.790, type: vehicle_info }
{ VID: FODRO03, command: 60121, data: {"acceleration":"-0.117132","handleAngle":"0.000000","interVehicleDistance":"0","lateralAcceleration":"0.000000","latitude":"121.818999","lngAcceleration":"0","longitude":"-297.016519","seq":"2","speed":"8.266751","steeringTireAngle":"-0.000030","steeringTireRotationRate":"-0.000006","ttc":"0.000000"}, timestamp: 2024:07:31-12:09:39.791, type: control_info }
{ VID: FODRO03, command: 60055, data: {"arrivalDistance":"150.452","arrivalId":"102","arrivalName":"고려대","latitude":"76.112844","longitude":"-215.589872"}, timestamp: 2024:07:31-12:09:40.119, type: destination_info }
{ VID: FODRO03, command: 60051, data: {"heading":"-0.000088","latitude":"122.955394","longitude":"-299.675898","speed":"29.668826"}, timestamp: 2024:07:31-12:09:40.119, type: location_info }
{ VID: FODRO03, command: 60053, data: {"accel":"100.000000","autoDrivingStatus":"2","brake":"0.000000","brakeStatus":"0","drivingDistance":"23","emergencyLight":"0","mdpsAngle":"0.000000","transmission":"3","turnSignal":"0","wheelSpeed":"54.942271","yawRate":"0.000000"}, timestamp: 2024:07:31-12:09:40.119, type: vehicle_info }
{ VID: FODRO03, command: 60121, data: {"acceleration":"-0.156386","handleAngle":"-0.026418","interVehicleDistance":"0","lateralAcceleration":"0.000000","latitude":"122.955394","lngAcceleration":"0","longitude":"-299.675898","seq":"2","speed":"8.221959","steeringTireAngle":"-0.000061","steeringTireRotationRate":"-0.000140","ttc":"0.000000"}, timestamp: 2024:07:31-12:09:40.119, type: control_info }
{ VID: FODRO03, command: 60055, data: {"arrivalDistance":"150.452","arrivalId":"102","arrivalName":"고려대","latitude":"76.112844","longitude":"-215.589872"}, timestamp: 2024:07:31-12:09:40.452, type: destination_info }
{ VID: FODRO03, command: 60051, data: {"heading":"-0.000147","latitude":"124.004656","longitude":"-302.131579","speed":"29.492242"}, timestamp: 2024:07:31-12:09:40.452, type: location_info }
{ VID: FODRO03, command: 60053, data: {"accel":"100.000000","autoDrivingStatus":"2","brake":"0.000000","brakeStatus":"0","drivingDistance":"23","emergencyLight":"0","mdpsAngle":"0.000000","transmission":"3","turnSignal":"0","wheelSpeed":"54.615262","yawRate":"0.000000"}, timestamp: 2024:07:31-12:09:40.452, type: vehicle_info }
{ VID: FODRO03, command: 60121, data: {"acceleration":"-0.195439","handleAngle":"-0.044130","interVehicleDistance":"0","lateralAcceleration":"0.000000","latitude":"124.004656","lngAcceleration":"0","longitude":"-302.131579","seq":"2","speed":"8.166245","steeringTireAngle":"-0.000095","steeringTireRotationRate":"-0.000199","ttc":"0.000000"}, timestamp: 2024:07:31-12:09:40.452, type: control_info }
{ VID: FODRO03, command: 60055, data: {"arrivalDistance":"150.452","arrivalId":"102","arrivalName":"고려대","latitude":"76.112844","longitude":"-215.589872"}, timestamp: 2024:07:31-12:09:40.785, type: destination_info }
{ VID: FODRO03, command: 60051, data: {"heading":"-0.000230","latitude":"125.126699","longitude":"-304.757953","speed":"29.245351"}, timestamp: 2024:07:31-12:09:40.786, type: location_info }
{ VID: FODRO03, command: 60053, data: {"accel":"100.000000","autoDrivingStatus":"2","brake":"0.000000","brakeStatus":"0","drivingDistance":"23","emergencyLight":"0","mdpsAngle":"0.000000","transmission":"3","turnSignal":"0","wheelSpeed":"54.158058","yawRate":"0.000000"}, timestamp: 2024:07:31-12:09:40.787, type: vehicle_info }
{ VID: FODRO03, command: 60121, data: {"acceleration":"-0.247186","handleAngle":"-0.069922","interVehicleDistance":"0","lateralAcceleration":"0.000000","latitude":"125.126699","lngAcceleration":"0","longitude":"-304.757953","seq":"2","speed":"8.095968","steeringTireAngle":"-0.000126","steeringTireRotationRate":"0.000006","ttc":"0.000000"}, timestamp: 2024:07:31-12:09:40.787, type: control_info }
{ VID: FODRO03, command: 60055, data: {"arrivalDistance":"150.452","arrivalId":"102","arrivalName":"고려대","latitude":"76.112844","longitude":"-215.589872"}, timestamp: 2024:07:31-12:09:41.119, type: destination_info }
{ VID: FODRO03, command: 60051, data: {"heading":"-0.000300","latitude":"126.158789","longitude":"-307.174277","speed":"28.958183"}, timestamp: 2024:07:31-12:09:41.119, type: location_info }
{ VID: FODRO03, command: 60053, data: {"accel":"100.000000","autoDrivingStatus":"2","brake":"0.000000","brakeStatus":"0","drivingDistance":"23","emergencyLight":"0","mdpsAngle":"0.000000","transmission":"3","turnSignal":"0","wheelSpeed":"53.626264","yawRate":"0.000000"}, timestamp: 2024:07:31-12:09:41.119, type: vehicle_info }
{ VID: FODRO03, command: 60121, data: {"acceleration":"-0.296926","handleAngle":"-0.092125","interVehicleDistance":"0","lateralAcceleration":"0.000000","latitude":"126.158789","lngAcceleration":"0","longitude":"-307.174277","seq":"2","speed":"8.003187","steeringTireAngle":"-0.000137","steeringTireRotationRate":"0.000075","ttc":"0.000000"}, timestamp: 2024:07:31-12:09:41.120, type: control_info }
{ VID: FODRO03, command: 60055, data: {"arrivalDistance":"150.452","arrivalId":"102","arrivalName":"고려대","latitude":"76.112844","longitude":"-215.589872"}, timestamp: 2024:07:31-12:09:41.452, type: destination_info }
{ VID: FODRO03, command: 60051, data: {"heading":"-0.000341","latitude":"127.179483","longitude":"-309.564550","speed":"28.616715"}, timestamp: 2024:07:31-12:09:41.452, type: location_info }
{ VID: FODRO03, command: 60053, data: {"accel":"100.000000","autoDrivingStatus":"2","brake":"0.000000","brakeStatus":"0","drivingDistance":"23","emergencyLight":"0","mdpsAngle":"0.000000","transmission":"3","turnSignal":"0","wheelSpeed":"52.993917","yawRate":"0.000000"}, timestamp: 2024:07:31-12:09:41.452, type: vehicle_info }
{ VID: FODRO03, command: 60121, data: {"acceleration":"-0.350274","handleAngle":"-0.105900","interVehicleDistance":"0","lateralAcceleration":"0.000000","latitude":"127.179483","lngAcceleration":"0","longitude":"-309.564550","seq":"2","speed":"7.892056","steeringTireAngle":"-0.000096","steeringTireRotationRate":"0.000170","ttc":"0.000000"}, timestamp: 2024:07:31-12:09:41.452, type: control_info }
{ VID: FODRO03, command: 60055, data: {"arrivalDistance":"150.452","arrivalId":"102","arrivalName":"고려대","latitude":"76.112844","longitude":"-215.589872"}, timestamp: 2024:07:31-12:09:41.786, type: destination_info }
{ VID: FODRO03, command: 60051, data: {"heading":"0.000000","latitude":"128.186935","longitude":"-311.924528","speed":"0.000000"}, timestamp: 2024:07:31-12:09:41.791, type: location_info }
{ VID: FODRO03, command: 60053, data: {"accel":"100.000000","autoDrivingStatus":"2","brake":"0.000000","brakeStatus":"0","drivingDistance":"23","emergencyLight":"0","mdpsAngle":"-0.000000","transmission":"2","turnSignal":"0","wheelSpeed":"0.000000","yawRate":"0.000000"}, timestamp: 2024:07:31-12:09:41.795, type: vehicle_info }
{ VID: FODRO03, command: 60121, data: {"acceleration":"-0.392597","handleAngle":"0.000000","interVehicleDistance":"0","lateralAcceleration":"0.000000","latitude":"128.186935","lngAcceleration":"0","longitude":"-311.924528","seq":"2","speed":"7.782453","steeringTireAngle":"-0.000109","steeringTireRotationRate":"0.000196","ttc":"0..000000"}, timestamp: 2024:07:31-12:09:41.797, type: control_info }
{ VID: FODRO03, command: 60055, data: {"arrivalDistance":"150.452","arrivalId":"102","arrivalName":"고려대","latitude":"76.112844","longitude":"-215.589872"}, timestamp: 2024:07:31-12:09:42.119, type: destination_info }
{ VID: FODRO03, command: 60051, data: {"heading":"-0.000292","latitude":"129.254756","longitude":"-314.426690","speed":"27.726504"}, timestamp: 2024:07:31-12:09:42.119, type: location_info }
{ VID: FODRO03, command: 60053, data: {"accel":"100.000000","autoDrivingStatus":"2","brake":"0.000000","brakeStatus":"0","drivingDistance":"23","emergencyLight":"0","mdpsAngle":"0.000000","transmission":"3","turnSignal":"0","wheelSpeed":"51.345377","yawRate":"0.000000"}, timestamp: 2024:07:31-12:09:42.119, type: vehicle_info }
{ VID: FODRO03, command: 60121, data: {"acceleration":"-0.442615","handleAngle":"-0.093600","interVehicleDistance":"0","lateralAcceleration":"0.000000","latitude":"129.254756","lngAcceleration":"0","longitude":"-314.426690","seq":"2","speed":"7.636665","steeringTireAngle":"-0.000019","steeringTireRotationRate":"-0.000054","ttc":"0.000000"}, timestamp: 2024:07:31-12:09:42.119, type: control_info }
{ VID: FODRO03, command: 60055, data: {"arrivalDistance":"150.452","arrivalId":"102","arrivalName":"고려대","latitude":"76.112844","longitude":"-215.589872"}, timestamp: 2024:07:31-12:09:42.452, type: destination_info }
{ VID: FODRO03, command: 60051, data: {"heading":"-0.000165","latitude":"130.227949","longitude":"-316.707708","speed":"27.215105"}, timestamp: 2024:07:31-12:09:42.452, type: location_info }
{ VID: FODRO03, command: 60053, data: {"accel":"100.000000","autoDrivingStatus":"2","brake":"0.000000","brakeStatus":"0","drivingDistance":"23","emergencyLight":"0","mdpsAngle":"0.000000","transmission":"3","turnSignal":"0","wheelSpeed":"50.398343","yawRate":"0.000000"}, timestamp: 2024:07:31-12:09:42.453, type: vehicle_info }
{ VID: FODRO03, command: 60121, data: {"acceleration":"-0.494757","handleAngle":"-0.053709","interVehicleDistance":"0","lateralAcceleration":"0.000000","latitude":"130.227949","lngAcceleration":"0","longitude":"-316.707708","seq":"2","speed":"7.476981","steeringTireAngle":"0.000084","steeringTireRotationRate":"0.000427","ttc":"0..000000"}, timestamp: 2024:07:31-12:09:42.453, type: control_info }
{ VID: FODRO03, command: 60055, data: {"arrivalDistance":"150.452","arrivalId":"102","arrivalName":"고려대","latitude":"76.112844","longitude":"-215.589872"}, timestamp: 2024:07:31-12:09:42.785, type: destination_info }
{ VID: FODRO03, command: 60051, data: {"heading":"0.000077","latitude":"131.254658","longitude":"-319.114508","speed":"26.602295"}, timestamp: 2024:07:31-12:09:42.786, type: location_info }
{ VID: FODRO03, command: 60053, data: {"accel":"100.000000","autoDrivingStatus":"2","brake":"0.000000","brakeStatus":"0","drivingDistance":"23","emergencyLight":"0","mdpsAngle":"-0.000000","transmission":"3","turnSignal":"0","wheelSpeed":"49.263509","yawRate":"0.000000"}, timestamp: 2024:07:31-12:09:42.786, type: vehicle_info }
{ VID: FODRO03, command: 60121, data: {"acceleration":"-0.529377","handleAngle":"0.025628","interVehicleDistance":"0","lateralAcceleration":"0.000000","latitude":"131.254658","lngAcceleration":"0","longitude":"-319.114508","seq":"2","speed":"7.311766","steeringTireAngle":"0.000232","steeringTireRotationRate":"0.000535","ttc":"0.000000"}, timestamp: 2024:07:31-12:09:42.786, type: control_info }
{ VID: FODRO03, command: 60055, data: {"arrivalDistance":"150.452","arrivalId":"102","arrivalName":"고려대","latitude":"76.112844","longitude":"-215.589872"}, timestamp: 2024:07:31-12:09:43.119, type: destination_info }
{ VID: FODRO03, command: 60051, data: {"heading":"0.000426","latitude":"132.186726","longitude":"-321.299297","speed":"25.984159"}, timestamp: 2024:07:31-12:09:43.119, type: location_info }
{ VID: FODRO03, command: 60053, data: {"accel":"100.000000","autoDrivingStatus":"2","brake":"0.000000","brakeStatus":"0","drivingDistance":"23","emergencyLight":"0","mdpsAngle":"-0.000000","transmission":"3","turnSignal":"0","wheelSpeed":"48.118814","yawRate":"0.000000"}, timestamp: 2024:07:31-12:09:43.119, type: vehicle_info }
{ VID: FODRO03, command: 60121, data: {"acceleration":"-0.575805","handleAngle":"0.145785","interVehicleDistance":"0","lateralAcceleration":"0.000000","latitude":"132.186726","lngAcceleration":"0","longitude":"-321.299297","seq":"2","speed":"7.133129","steeringTireAngle":"0.000452","steeringTireRotationRate":"0.000974","ttc":"0.000000"}, timestamp: 2024:07:31-12:09:43.119, type: control_info }
{ VID: FODRO03, command: 60055, data: {"arrivalDistance":"150.452","arrivalId":"102","arrivalName":"고려대","latitude":"76.112844","longitude":"-215.589872"}, timestamp: 2024:07:31-12:09:43.452, type: destination_info }
{ VID: FODRO03, command: 60051, data: {"heading":"0.000886","latitude":"133.095343","longitude":"-323.428285","speed":"25.318388"}, timestamp: 2024:07:31-12:09:43.452, type: location_info }
{ VID: FODRO03, command: 60053, data: {"accel":"100.000000","autoDrivingStatus":"2","brake":"0.000000","brakeStatus":"0","drivingDistance":"23","emergencyLight":"0","mdpsAngle":"-0.000000","transmission":"3","turnSignal":"0","wheelSpeed":"46.885904","yawRate":"0.000000"}, timestamp: 2024:07:31-12:09:43.452, type: vehicle_info }
{ VID: FODRO03, command: 60121, data: {"acceleration":"-0.602134","handleAngle":"0.310686","interVehicleDistance":"0","lateralAcceleration":"0.000000","latitude":"133.095343","lngAcceleration":"0","longitude":"-323.428285","seq":"2","speed":"6.942884","steeringTireAngle":"0.000667","steeringTireRotationRate":"0.001462","ttc":"0.000000"}, timestamp: 2024:07:31-12:09:43.452, type: control_info }
{ VID: FODRO03, command: 60055, data: {"arrivalDistance":"150.452","arrivalId":"102","arrivalName":"고려대","latitude":"76.112844","longitude":"-215.589872"}, timestamp: 2024:07:31-12:09:43.790, type: destination_info }
{ VID: FODRO03, command: 60051, data: {"heading":"0.000000","latitude":"133.980854","longitude":"-325.501506","speed":"0.000000"}, timestamp: 2024:07:31-12:09:43.791, type: location_info }
{ VID: FODRO03, command: 60053, data: {"accel":"100.000000","autoDrivingStatus":"2","brake":"0.000000","brakeStatus":"0","drivingDistance":"23","emergencyLight":"0","mdpsAngle":"-0.000000","transmission":"2","turnSignal":"0","wheelSpeed":"0.000000","yawRate":"0.000000"}, timestamp: 2024:07:31-12:09:43.791, type: vehicle_info }
{ VID: FODRO03, command: 60121, data: {"acceleration":"-0.629463","handleAngle":"0.000000","interVehicleDistance":"0","lateralAcceleration":"0.000000","latitude":"133.980854","lngAcceleration":"0","longitude":"-325.501506","seq":"2","speed":"6.743371","steeringTireAngle":"0.000960","steeringTireRotationRate":"0.000133","ttc":"0.000000"}, timestamp: 2024:07:31-12:09:43.791, type: control_info }
{ VID: FODRO03, command: 60055, data: {"arrivalDistance":"150.452","arrivalId":"102","arrivalName":"고려대","latitude":"76.112844","longitude":"-215.589872"}, timestamp: 2024:07:31-12:09:44.120, type: destination_info }
{ VID: FODRO03, command: 60051, data: {"heading":"0.001928","latitude":"134.907668","longitude":"-327.668678","speed":"23.824074"}, timestamp: 2024:07:31-12:09:44.121, type: location_info }
{ VID: FODRO03, command: 60053, data: {"accel":"100.000000","autoDrivingStatus":"2","brake":"0.000000","brakeStatus":"0","drivingDistance":"23","emergencyLight":"0","mdpsAngle":"-0.000000","transmission":"3","turnSignal":"0","wheelSpeed":"44.118656","yawRate":"0.000000"}, timestamp: 2024:07:31-12:09:44.121, type: vehicle_info }
{ VID: FODRO03, command: 60121, data: {"acceleration":"-0.651287","handleAngle":"0.718942","interVehicleDistance":"0","lateralAcceleration":"0.000000","latitude":"134.907668","lngAcceleration":"0","longitude":"-327.668678","seq":"2","speed":"6.534966","steeringTireAngle":"0.001302","steeringTireRotationRate":"0.002662","ttc":"0.000000"}, timestamp: 2024:07:31-12:09:44.121, type: control_info }
{ VID: FODRO03, command: 60055, data: {"arrivalDistance":"150.452","arrivalId":"102","arrivalName":"고려대","latitude":"76.112844","longitude":"-215.589872"}, timestamp: 2024:07:31-12:09:44.452, type: destination_info }
{ VID: FODRO03, command: 60051, data: {"heading":"0.002555","latitude":"135.740361","longitude":"-329.612328","speed":"23.062152"}, timestamp: 2024:07:31-12:09:44.452, type: location_info }
{ VID: FODRO03, command: 60053, data: {"accel":"100.000000","autoDrivingStatus":"2","brake":"0.000000","brakeStatus":"0","drivingDistance":"23","emergencyLight":"0","mdpsAngle":"-0.000000","transmission":"3","turnSignal":"0","wheelSpeed":"42.707688","yawRate":"0.000000"}, timestamp: 2024:07:31-12:09:44.452, type: vehicle_info }
{ VID: FODRO03, command: 60121, data: {"acceleration":"-0.675387","handleAngle":"0.983967","interVehicleDistance":"0","lateralAcceleration":"0.000000","latitude":"135.740361","lngAcceleration":"0","longitude":"-329.612328","seq":"2","speed":"6.286383","steeringTireAngle":"0.001305","steeringTireRotationRate":"-0.000183","ttc":"0..000000"}, timestamp: 2024:07:31-12:09:44.452, type: control_info }
{ VID: FODRO03, command: 60055, data: {"arrivalDistance":"150.452","arrivalId":"102","arrivalName":"고려대","latitude":"76.112844","longitude":"-215.589872"}, timestamp: 2024:07:31-12:09:44.787, type: destination_info }
{ VID: FODRO03, command: 60051, data: {"heading":"0.003016","latitude":"136.609122","longitude":"-331.635363","speed":"22.215840"}, timestamp: 2024:07:31-12:09:44.793, type: location_info }
{ VID: FODRO03, command: 60053, data: {"accel":"100.000000","autoDrivingStatus":"2","brake":"0.000000","brakeStatus":"0","drivingDistance":"23","emergencyLight":"0","mdpsAngle":"-0.000000","transmission":"3","turnSignal":"0","wheelSpeed":"41.140445","yawRate":"0.000000"}, timestamp: 2024:07:31-12:09:44.795, type: vehicle_info }
{ VID: FODRO03, command: 60121, data: {"acceleration":"-0.689562","handleAngle":"1.205922","interVehicleDistance":"0","lateralAcceleration":"0.000000","latitude":"136.609122","lngAcceleration":"0","longitude":"-331.635363","seq":"2","speed":"6.082466","steeringTireAngle":"0.001731","steeringTireRotationRate":"0.000295","ttc":"0.000000"}, timestamp: 2024:07:31-12:09:44.796, type: control_info }
{ VID: FODRO03, command: 60055, data: {"arrivalDistance":"150.452","arrivalId":"102","arrivalName":"고려대","latitude":"76.112844","longitude":"-215.589872"}, timestamp: 2024:07:31-12:09:45.119, type: destination_info }
{ VID: FODRO03, command: 60051, data: {"heading":"0.003792","latitude":"137.387987","longitude":"-333.443800","speed":"21.411300"}, timestamp: 2024:07:31-12:09:45.119, type: location_info }
{ VID: FODRO03, command: 60053, data: {"accel":"100.000000","autoDrivingStatus":"2","brake":"0.000000","brakeStatus":"0","drivingDistance":"23","emergencyLight":"0","mdpsAngle":"-1.000000","transmission":"3","turnSignal":"0","wheelSpeed":"39.650555","yawRate":"0.000000"}, timestamp: 2024:07:31-12:09:45.119, type: vehicle_info }
{ VID: FODRO03, command: 60121, data: {"acceleration":"-0.701715","handleAngle":"1.573159","interVehicleDistance":"0","lateralAcceleration":"0.000000","latitude":"137.387987","lngAcceleration":"0","longitude":"-333.443800","seq":"2","speed":"5.822264","steeringTireAngle":"0.002542","steeringTireRotationRate":"0.006268","ttc":"0.000000"}, timestamp: 2024:07:31-12:09:45.119, type: control_info }
{ VID: FODRO03, command: 60055, data: {"arrivalDistance":"150.452","arrivalId":"102","arrivalName":"고려대","latitude":"76.112844","longitude":"-215.589872"}, timestamp: 2024:07:31-12:09:45.452, type: destination_info }
{ VID: FODRO03, command: 60051, data: {"heading":"0.005043","latitude":"138.140166","longitude":"-335.184138","speed":"20.595371"}, timestamp: 2024:07:31-12:09:45.452, type: location_info }
{ VID: FODRO03, command: 60053, data: {"accel":"100.000000","autoDrivingStatus":"2","brake":"0.000000","brakeStatus":"0","drivingDistance":"23","emergencyLight":"0","mdpsAngle":"-1.000000","transmission":"3","turnSignal":"0","wheelSpeed":"38.139575","yawRate":"0.000000"}, timestamp: 2024:07:31-12:09:45.452, type: vehicle_info }
{ VID: FODRO03, command: 60121, data: {"acceleration":"-0.710693","handleAngle":"2.175023","interVehicleDistance":"0","lateralAcceleration":"0.000000","latitude":"138.140166","lngAcceleration":"0","longitude":"-335.184138","seq":"2","speed":"5.594672","steeringTireAngle":"0.003229","steeringTireRotationRate":"0.000068","ttc":"0.000000"}, timestamp: 2024:07:31-12:09:45.453, type: control_info }
{ VID: FODRO03, command: 60055, data: {"arrivalDistance":"150.452","arrivalId":"102","arrivalName":"고려대","latitude":"76.112844","longitude":"-215.589872"}, timestamp: 2024:07:31-12:09:45.785, type: destination_info }
{ VID: FODRO03, command: 60051, data: {"heading":"0.000000","latitude":"138.866005","longitude":"-336.855847","speed":"0.000000"}, timestamp: 2024:07:31-12:09:45.786, type: location_info }
{ VID: FODRO03, command: 60053, data: {"accel":"100.000000","autoDrivingStatus":"2","brake":"0.000000","brakeStatus":"0","drivingDistance":"23","emergencyLight":"0","mdpsAngle":"-0.000000","transmission":"2","turnSignal":"0","wheelSpeed":"0.000000","yawRate":"0.000000"}, timestamp: 2024:07:31-12:09:45.786, type: vehicle_info }
{ VID: FODRO03, command: 60121, data: {"acceleration":"-0.713863","handleAngle":"0.000000","interVehicleDistance":"0","lateralAcceleration":"0.000000","latitude":"138.866005","lngAcceleration":"0","longitude":"-336.855847","seq":"2","speed":"5.362368","steeringTireAngle":"0.004227","steeringTireRotationRate":"0.008925","ttc":"0.000000"}, timestamp: 2024:07:31-12:09:45.786, type: control_info }
{ VID: FODRO03, command: 60055, data: {"arrivalDistance":"150.452","arrivalId":"102","arrivalName":"고려대","latitude":"76.112844","longitude":"-215.589872"}, timestamp: 2024:07:31-12:09:46.120, type: destination_info }
{ VID: FODRO03, command: 60051, data: {"heading":"0.007466","latitude":"139.618481","longitude":"-338.578805","speed":"18.872337"}, timestamp: 2024:07:31-12:09:46.121, type: location_info }
{ VID: FODRO03, command: 60053, data: {"accel":"100.000000","autoDrivingStatus":"2","brake":"0.000000","brakeStatus":"0","drivingDistance":"23","emergencyLight":"0","mdpsAngle":"-1.000000","transmission":"3","turnSignal":"0","wheelSpeed":"34.948772","yawRate":"0.000000"}, timestamp: 2024:07:31-12:09:46.121, type: vehicle_info }
{ VID: FODRO03, command: 60121, data: {"acceleration":"-0.721449","handleAngle":"3.513796","interVehicleDistance":"0","lateralAcceleration":"0.000000","latitude":"139.618481","lngAcceleration":"0","longitude":"-338.578805","seq":"2","speed":"5.149298","steeringTireAngle":"0.003927","steeringTireRotationRate":"0.006261","ttc":"0.000000"}, timestamp: 2024:07:31-12:09:46.121, type: control_info }
{ VID: FODRO03, command: 60055, data: {"arrivalDistance":"150.452","arrivalId":"102","arrivalName":"고려대","latitude":"76.112844","longitude":"-215.589872"}, timestamp: 2024:07:31-12:09:46.452, type: destination_info }
{ VID: FODRO03, command: 60051, data: {"heading":"0.007310","latitude":"140.288354","longitude":"-340.102368","speed":"18.032338"}, timestamp: 2024:07:31-12:09:46.452, type: location_info }
{ VID: FODRO03, command: 60053, data: {"accel":"100.000000","autoDrivingStatus":"2","brake":"0.000000","brakeStatus":"0","drivingDistance":"23","emergencyLight":"0","mdpsAngle":"-1.000000","transmission":"3","turnSignal":"0","wheelSpeed":"33.393218","yawRate":"0.000000"}, timestamp: 2024:07:31-12:09:46.452, type: vehicle_info }
{ VID: FODRO03, command: 60121, data: {"acceleration":"-0.750446","handleAngle":"3.600658","interVehicleDistance":"0","lateralAcceleration":"0.000000","latitude":"140.288354","lngAcceleration":"0","longitude":"-340.102368","seq":"2","speed":"4.884125","steeringTireAngle":"0.001668","steeringTireRotationRate":"0.001023","ttc":"0.000000"}, timestamp: 2024:07:31-12:09:46.452, type: control_info }
{ VID: FODRO03, command: 60055, data: {"arrivalDistance":"150.452","arrivalId":"102","arrivalName":"고려대","latitude":"76.112844","longitude":"-215.589872"}, timestamp: 2024:07:31-12:09:46.786, type: destination_info }
{ VID: FODRO03, command: 60051, data: {"heading":"0.000000","latitude":"140.931083","longitude":"-341.555339","speed":"0.000000"}, timestamp: 2024:07:31-12:09:46.786, type: location_info }
{ VID: FODRO03, command: 60053, data: {"accel":"100.000000","autoDrivingStatus":"2","brake":"0.000000","brakeStatus":"0","drivingDistance":"23","emergencyLight":"0","mdpsAngle":"-0.000000","transmission":"3","turnSignal":"0","wheelSpeed":"0.000000","yawRate":"0.000000"}, timestamp: 2024:07:31-12:09:46.787, type: vehicle_info }
{ VID: FODRO03, command: 60121, data: {"acceleration":"-0.750249","handleAngle":"0.000000","interVehicleDistance":"0","lateralAcceleration":"0.000000","latitude":"140.931083","lngAcceleration":"0","longitude":"-341.555339","seq":"2","speed":"4.646409","steeringTireAngle":"-0.004011","steeringTireRotationRate":"-0.019093","ttc":"0.000000"}, timestamp: 2024:07:31-12:09:46.787, type: control_info }
{ VID: FODRO03, command: 60055, data: {"arrivalDistance":"150.452","arrivalId":"102","arrivalName":"고려대","latitude":"76.112844","longitude":"-215.589872"}, timestamp: 2024:07:31-12:09:47.119, type: destination_info }
{ VID: FODRO03, command: 60051, data: {"heading":"-0.003146","latitude":"141.589122","longitude":"-343.038033","speed":"16.213079"}, timestamp: 2024:07:31-12:09:47.119, type: location_info }
{ VID: FODRO03, command: 60053, data: {"accel":"100.000000","autoDrivingStatus":"2","brake":"0.000000","brakeStatus":"0","drivingDistance":"23","emergencyLight":"0","mdpsAngle":"1.000000","transmission":"3","turnSignal":"0","wheelSpeed":"30.024220","yawRate":"0.000000"}, timestamp: 2024:07:31-12:09:47.120, type: vehicle_info }
{ VID: FODRO03, command: 60121, data: {"acceleration":"-0.739026","handleAngle":"-1.723725","interVehicleDistance":"0","lateralAcceleration":"0.000000","latitude":"141.589122","lngAcceleration":"0","longitude":"-343.038033","seq":"2","speed":"4.384450","steeringTireAngle":"-0.015722","steeringTireRotationRate":"-0.036264","ttc":"0.000000"}, timestamp: 2024:07:31-12:09:47.120, type: control_info }
{ VID: FODRO03, command: 60055, data: {"arrivalDistance":"150.452","arrivalId":"102","arrivalName":"고려대","latitude":"76.112844","longitude":"-215.589872"}, timestamp: 2024:07:31-12:09:47.452, type: destination_info }
{ VID: FODRO03, command: 60051, data: {"heading":"-0.016642","latitude":"142.165399","longitude":"-344.340629","speed":"15.344405"}, timestamp: 2024:07:31-12:09:47.452, type: location_info }
{ VID: FODRO03, command: 60053, data: {"accel":"100.000000","autoDrivingStatus":"2","brake":"0.000000","brakeStatus":"0","drivingDistance":"23","emergencyLight":"0","mdpsAngle":"3.000000","transmission":"3","turnSignal":"0","wheelSpeed":"28.415565","yawRate":"0.000000"}, timestamp: 2024:07:31-12:09:47.452, type: vehicle_info }
{ VID: FODRO03, command: 60121, data: {"acceleration":"-0.721890","handleAngle":"-9.633039","interVehicleDistance":"0","lateralAcceleration":"0.000000","latitude":"142.165399","lngAcceleration":"0","longitude":"-344.340629","seq":"2","speed":"4.145213","steeringTireAngle":"-0.035211","steeringTireRotationRate":"-0.060112","ttc":"0.000000"}, timestamp: 2024:07:31-12:09:47.452, type: control_info }
{ VID: FODRO03, command: 60055, data: {"arrivalDistance":"150.452","arrivalId":"102","arrivalName":"고려대","latitude":"76.112844","longitude":"-215.589872"}, timestamp: 2024:07:31-12:09:47.790, type: destination_info }
{ VID: FODRO03, command: 60051, data: {"heading":"-0.041014","latitude":"142.742943","longitude":"-345.667605","speed":"14.434967"}, timestamp: 2024:07:31-12:09:47.791, type: location_info }
{ VID: FODRO03, command: 60053, data: {"accel":"100.000000","autoDrivingStatus":"2","brake":"0.000000","brakeStatus":"0","drivingDistance":"23","emergencyLight":"0","mdpsAngle":"8.000000","transmission":"3","turnSignal":"0","wheelSpeed":"26.731421","yawRate":"0.000000"}, timestamp: 2024:07:31-12:09:47.791, type: vehicle_info }
{ VID: FODRO03, command: 60121, data: {"acceleration":"-0.668086","handleAngle":"-25.230418","interVehicleDistance":"0","lateralAcceleration":"0.000000","latitude":"142.742943","lngAcceleration":"0","longitude":"-345.667605","seq":"2","speed":"3.898375","steeringTireAngle":"-0.072442","steeringTireRotationRate":"-0.165919","ttc":"0.000000"}, timestamp: 2024:07:31-12:09:47.792, type: control_info }
{ VID: FODRO03, command: 60055, data: {"arrivalDistance":"150.452","arrivalId":"102","arrivalName":"고려대","latitude":"76.112844","longitude":"-215.589872"}, timestamp: 2024:07:31-12:09:48.119, type: destination_info }
{ VID: FODRO03, command: 60051, data: {"heading":"-0.079602","latitude":"143.232033","longitude":"-346.836541","speed":"13.648046"}, timestamp: 2024:07:31-12:09:48.119, type: location_info }
{ VID: FODRO03, command: 60053, data: {"accel":"100.000000","autoDrivingStatus":"2","brake":"0.000000","brakeStatus":"0","drivingDistance":"23","emergencyLight":"0","mdpsAngle":"17.000000","transmission":"3","turnSignal":"0","wheelSpeed":"25.274159","yawRate":"0.000000"}, timestamp: 2024:07:31-12:09:48.119, type: vehicle_info }
{ VID: FODRO03, command: 60121, data: {"acceleration":"-0.600362","handleAngle":"-51.750890","interVehicleDistance":"0","lateralAcceleration":"0.000000","latitude":"143.232033","lngAcceleration":"0","longitude":"-346.836541","seq":"2","speed":"3.673658","steeringTireAngle":"-0.123290","steeringTireRotationRate":"-0.294253","ttc":"0.000000"}, timestamp: 2024:07:31-12:09:48.119, type: control_info }
{ VID: FODRO03, command: 60055, data: {"arrivalDistance":"150.452","arrivalId":"102","arrivalName":"고려대","latitude":"76.112844","longitude":"-215.589872"}, timestamp: 2024:07:31-12:09:48.452, type: destination_info }
{ VID: FODRO03, command: 60051, data: {"heading":"-0.132622","latitude":"143.665277","longitude":"-347.954455","speed":"12.928372"}, timestamp: 2024:07:31-12:09:48.452, type: location_info }
{ VID: FODRO03, command: 60053, data: {"accel":"100.000000","autoDrivingStatus":"2","brake":"0.000000","brakeStatus":"0","drivingDistance":"23","emergencyLight":"0","mdpsAngle":"30.000000","transmission":"3","turnSignal":"0","wheelSpeed":"23.941429","yawRate":"0.000000"}, timestamp: 2024:07:31-12:09:48.452, type: vehicle_info }
{ VID: FODRO03, command: 60121, data: {"acceleration":"-0.539690","handleAngle":"-90.824659","interVehicleDistance":"0","lateralAcceleration":"0.000000","latitude":"143.665277","lngAcceleration":"0","longitude":"-347.954455","seq":"2","speed":"3.485374","steeringTireAngle":"-0.197039","steeringTireRotationRate":"-0.190103","ttc":"0.000000"}, timestamp: 2024:07:31-12:09:48.453, type: control_info }
{ VID: FODRO03, command: 60055, data: {"arrivalDistance":"150.452","arrivalId":"102","arrivalName":"고려대","latitude":"76.112844","longitude":"-215.589872"}, timestamp: 2024:07:31-12:09:48.786, type: destination_info }
{ VID: FODRO03, command: 60051, data: {"heading":"-0.211838","latitude":"144.053658","longitude":"-349.114248","speed":"12.233477"}, timestamp: 2024:07:31-12:09:48.786, type: location_info }
{ VID: FODRO03, command: 60053, data: {"accel":"100.000000","autoDrivingStatus":"2","brake":"0.000000","brakeStatus":"0","drivingDistance":"23","emergencyLight":"0","mdpsAngle":"51.000000","transmission":"3","turnSignal":"0","wheelSpeed":"22.654587","yawRate":"0.000000"}, timestamp: 2024:07:31-12:09:48.786, type: vehicle_info }
{ VID: FODRO03, command: 60121, data: {"acceleration":"-0.442702","handleAngle":"-152.427367","interVehicleDistance":"0","lateralAcceleration":"0.000000","latitude":"144.053658","lngAcceleration":"0","longitude":"-349.114248","seq":"2","speed":"3.317256","steeringTireAngle":"-0.277711","steeringTireRotationRate":"-0.483191","ttc":"0.000000"}, timestamp: 2024:07:31-12:09:48.787, type: control_info }
{ VID: FODRO03, command: 60055, data: {"arrivalDistance":"150.452","arrivalId":"102","arrivalName":"고려대","latitude":"76.112844","longitude":"-215.589872"}, timestamp: 2024:07:31-12:09:49.119, type: destination_info }
{ VID: FODRO03, command: 60051, data: {"heading":"-0.298286","latitude":"144.321933","longitude":"-350.158652","speed":"11.698014"}, timestamp: 2024:07:31-12:09:49.119, type: location_info }
{ VID: FODRO03, command: 60053, data: {"accel":"100.000000","autoDrivingStatus":"2","brake":"0.000000","brakeStatus":"0","drivingDistance":"23","emergencyLight":"0","mdpsAngle":"74.000000","transmission":"3","turnSignal":"0","wheelSpeed":"21.662989","yawRate":"0.000000"}, timestamp: 2024:07:31-12:09:49.119, type: vehicle_info }
{ VID: FODRO03, command: 60121, data: {"acceleration":"-0.339072","handleAngle":"-222.167373","interVehicleDistance":"0","lateralAcceleration":"0.000000","latitude":"144.321933","lngAcceleration":"0","longitude":"-350.158652","seq":"2","speed":"3.186234","steeringTireAngle":"-0.362556","steeringTireRotationRate":"-0.648856","ttc":"0.000000"}, timestamp: 2024:07:31-12:09:49.119, type: control_info }
{ VID: FODRO03, command: 60055, data: {"arrivalDistance":"150.452","arrivalId":"102","arrivalName":"고려대","latitude":"76.112844","longitude":"-215.589872"}, timestamp: 2024:07:31-12:09:49.452, type: destination_info }
{ VID: FODRO03, command: 60051, data: {"heading":"-0.393138","latitude":"144.480623","longitude":"-351.182452","speed":"11.287147"}, timestamp: 2024:07:31-12:09:49.452, type: location_info }
{ VID: FODRO03, command: 60053, data: {"accel":"100.000000","autoDrivingStatus":"2","brake":"0.000000","brakeStatus":"0","drivingDistance":"23","emergencyLight":"0","mdpsAngle":"100.000000","transmission":"3","turnSignal":"0","wheelSpeed":"20.902123","yawRate":"0.000000"}, timestamp: 2024:07:31-12:09:49.453, type: vehicle_info }
{ VID: FODRO03, command: 60121, data: {"acceleration":"-0.244889","handleAngle":"-298.681112","interVehicleDistance":"0","lateralAcceleration":"0.000000","latitude":"144.480623","lngAcceleration":"0","longitude":"-351.182452","seq":"2","speed":"3.087422","steeringTireAngle":"-0.447879","steeringTireRotationRate":"-0.799943","ttc":"0.000000"}, timestamp: 2024:07:31-12:09:49.453, type: control_info }
{ VID: FODRO03, command: 60055, data: {"arrivalDistance":"150.452","arrivalId":"102","arrivalName":"고려대","latitude":"76.112844","longitude":"-215.589872"}, timestamp: 2024:07:31-12:09:49.785, type: destination_info }
{ VID: FODRO03, command: 60051, data: {"heading":"-0.502722","latitude":"144.501508","longitude":"-352.262366","speed":"10.966790"}, timestamp: 2024:07:31-12:09:49.786, type: location_info }
{ VID: FODRO03, command: 60053, data: {"accel":"100.000000","autoDrivingStatus":"2","brake":"0.000000","brakeStatus":"0","drivingDistance":"23","emergencyLight":"0","mdpsAngle":"128.000000","transmission":"3","turnSignal":"0","wheelSpeed":"20.308870","yawRate":"0.000000"}, timestamp: 2024:07:31-12:09:49.786, type: vehicle_info }
{ VID: FODRO03, command: 60121, data: {"acceleration":"-0.175732","handleAngle":"-383.825914","interVehicleDistance":"0","lateralAcceleration":"0.000000","latitude":"144.501508","lngAcceleration":"0","longitude":"-352.262366","seq":"2","speed":"3.014917","steeringTireAngle":"-0.528246","steeringTireRotationRate":"-0.270390","ttc":"0.000000"}, timestamp: 2024:07:31-12:09:49.786, type: control_info }
{ VID: FODRO03, command: 60055, data: {"arrivalDistance":"150.452","arrivalId":"102","arrivalName":"고려대","latitude":"76.112844","longitude":"-215.589872"}, timestamp: 2024:07:31-12:09:50.119, type: destination_info }
{ VID: FODRO03, command: 60051, data: {"heading":"-0.590367","latitude":"144.356289","longitude":"-353.230000","speed":"10.757224"}, timestamp: 2024:07:31-12:09:50.119, type: location_info }
{ VID: FODRO03, command: 60053, data: {"accel":"100.000000","autoDrivingStatus":"2","brake":"0.000000","brakeStatus":"0","drivingDistance":"23","emergencyLight":"0","mdpsAngle":"150.000000","transmission":"3","turnSignal":"0","wheelSpeed":"19.920785","yawRate":"0.000000"}, timestamp: 2024:07:31-12:09:50.119, type: vehicle_info }
{ VID: FODRO03, command: 60121, data: {"acceleration":"-0.111395","handleAngle":"-449.057838","interVehicleDistance":"0","lateralAcceleration":"0.000000","latitude":"144.356289","lngAcceleration":"0","longitude":"-353.230000","seq":"2","speed":"2.958785","steeringTireAngle":"-0.555600","steeringTireRotationRate":"0.016345","ttc":"0.000000"}, timestamp: 2024:07:31-12:09:50.119, type: control_info }
{ VID: FODRO03, command: 60055, data: {"arrivalDistance":"150.452","arrivalId":"102","arrivalName":"고려대","latitude":"76.112844","longitude":"-215.589872"}, timestamp: 2024:07:31-12:09:50.452, type: destination_info }
{ VID: FODRO03, command: 60051, data: {"heading":"-0.631528","latitude":"144.037404","longitude":"-354.138284","speed":"10.614119"}, timestamp: 2024:07:31-12:09:50.452, type: location_info }
{ VID: FODRO03, command: 60053, data: {"accel":"100.000000","autoDrivingStatus":"2","brake":"0.000000","brakeStatus":"0","drivingDistance":"23","emergencyLight":"0","mdpsAngle":"160.000000","transmission":"3","turnSignal":"0","wheelSpeed":"19.655776","yawRate":"0.000000"}, timestamp: 2024:07:31-12:09:50.453, type: vehicle_info }
{ VID: FODRO03, command: 60121, data: {"acceleration":"-0.057886","handleAngle":"-480.664878","interVehicleDistance":"0","lateralAcceleration":"0.000000","latitude":"144.037404","lngAcceleration":"0","longitude":"-354.138284","seq":"2","speed":"2.930155","steeringTireAngle":"-0.562211","steeringTireRotationRate":"0.124453","ttc":"0.000000"}, timestamp: 2024:07:31-12:09:50.453, type: control_info }
{ VID: FODRO03, command: 60055, data: {"arrivalDistance":"150.452","arrivalId":"102","arrivalName":"고려대","latitude":"76.112844","longitude":"-215.589872"}, timestamp: 2024:07:31-12:09:50.785, type: destination_info }
{ VID: FODRO03, command: 60051, data: {"heading":"-0.656776","latitude":"143.502703","longitude":"-355.012901","speed":"10.529671"}, timestamp: 2024:07:31-12:09:50.786, type: location_info }
{ VID: FODRO03, command: 60053, data: {"accel":"100.000000","autoDrivingStatus":"2","brake":"0.000000","brakeStatus":"0","drivingDistance":"23","emergencyLight":"0","mdpsAngle":"167.000000","transmission":"3","turnSignal":"0","wheelSpeed":"19.499391","yawRate":"0.000000"}, timestamp: 2024:07:31-12:09:50.786, type: vehicle_info }
{ VID: FODRO03, command: 60121, data: {"acceleration":"-0.022319","handleAngle":"-499.750811","interVehicleDistance":"0","lateralAcceleration":"0.000000","latitude":"143.502703","lngAcceleration":"0","longitude":"-355.012901","seq":"2","speed":"2.919000","steeringTireAngle":"-0.528021","steeringTireRotationRate":"-0.688610","ttc":"0.000000"}, timestamp: 2024:07:31-12:09:50.786, type: control_info }
{ VID: FODRO03, command: 60055, data: {"arrivalDistance":"150.452","arrivalId":"102","arrivalName":"고려대","latitude":"76.112844","longitude":"-215.589872"}, timestamp: 2024:07:31-12:09:51.119, type: destination_info }
{ VID: FODRO03, command: 60051, data: {"heading":"-0.647124","latitude":"142.845023","longitude":"-355.694558","speed":"10.498390"}, timestamp: 2024:07:31-12:09:51.119, type: location_info }
{ VID: FODRO03, command: 60053, data: {"accel":"100.000000","autoDrivingStatus":"2","brake":"0.000000","brakeStatus":"0","drivingDistance":"23","emergencyLight":"0","mdpsAngle":"165.000000","transmission":"3","turnSignal":"0","wheelSpeed":"19.441463","yawRate":"0.000000"}, timestamp: 2024:07:31-12:09:51.120, type: vehicle_info }
{ VID: FODRO03, command: 60121, data: {"acceleration":"-0.021303","handleAngle":"-494.924389","interVehicleDistance":"0","lateralAcceleration":"0.000000","latitude":"142.845023","lngAcceleration":"0","longitude":"-355.694558","seq":"2","speed":"2.912701","steeringTireAngle":"-0.510208","steeringTireRotationRate":"0.075161","ttc":"0.000000"}, timestamp: 2024:07:31-12:09:51.120, type: control_info }
{ VID: FODRO03, command: 60055, data: {"arrivalDistance":"150.452","arrivalId":"102","arrivalName":"고려대","latitude":"76.112844","longitude":"-215.589872"}, timestamp: 2024:07:31-12:09:51.452, type: destination_info }
{ VID: FODRO03, command: 60051, data: {"heading":"-0.634643","latitude":"142.061594","longitude":"-356.222660","speed":"10.472564"}, timestamp: 2024:07:31-12:09:51.452, type: location_info }
{ VID: FODRO03, command: 60053, data: {"accel":"100.000000","autoDrivingStatus":"2","brake":"0.000000","brakeStatus":"0","drivingDistance":"23","emergencyLight":"0","mdpsAngle":"163.000000","transmission":"3","turnSignal":"0","wheelSpeed":"19.393636","yawRate":"0.000000"}, timestamp: 2024:07:31-12:09:51.453, type: vehicle_info }
{ VID: FODRO03, command: 60121, data: {"acceleration":"0.003516","handleAngle":"-488.032092","interVehicleDistance":"0","lateralAcceleration":"0.000000","latitude":"142.061594","lngAcceleration":"0","longitude":"-356.222660","seq":"2","speed":"2.909771","steeringTireAngle":"-0.577411","steeringTireRotationRate":"-0.072885","ttc":"0.000000"}, timestamp: 2024:07:31-12:09:51.453, type: control_info }
{ VID: FODRO03, command: 60055, data: {"arrivalDistance":"150.452","arrivalId":"102","arrivalName":"고려대","latitude":"76.112844","longitude":"-215.589872"}, timestamp: 2024:07:31-12:09:51.785, type: destination_info }
{ VID: FODRO03, command: 60051, data: {"heading":"-0.683920","latitude":"141.116567","longitude":"-356.595193","speed":"10.474447"}, timestamp: 2024:07:31-12:09:51.786, type: location_info }
{ VID: FODRO03, command: 60053, data: {"accel":"100.000000","autoDrivingStatus":"2","brake":"0.000000","brakeStatus":"0","drivingDistance":"23","emergencyLight":"0","mdpsAngle":"173.000000","transmission":"3","turnSignal":"0","wheelSpeed":"19.397124","yawRate":"0.000000"}, timestamp: 2024:07:31-12:09:51.786, type: vehicle_info }
{ VID: FODRO03, command: 60121, data: {"acceleration":"0.048175","handleAngle":"-518.672205","interVehicleDistance":"0","lateralAcceleration":"0.000000","latitude":"141.116567","lngAcceleration":"0","longitude":"-356.595193","seq":"2","speed":"2.918635","steeringTireAngle":"-0.578892","steeringTireRotationRate":"-0.818558","ttc":"0.000000"}, timestamp: 2024:07:31-12:09:51.787, type: control_info }
{ VID: FODRO03, command: 60055, data: {"arrivalDistance":"150.452","arrivalId":"102","arrivalName":"고려대","latitude":"76.112844","longitude":"-215.589872"}, timestamp: 2024:07:31-12:09:52.119, type: destination_info }
{ VID: FODRO03, command: 60051, data: {"heading":"-0.715380","latitude":"140.181229","longitude":"-356.732682","speed":"10.528609"}, timestamp: 2024:07:31-12:09:52.119, type: location_info }
{ VID: FODRO03, command: 60053, data: {"accel":"100.000000","autoDrivingStatus":"2","brake":"0.000000","brakeStatus":"0","drivingDistance":"23","emergencyLight":"0","mdpsAngle":"178.000000","transmission":"3","turnSignal":"0","wheelSpeed":"19.497423","yawRate":"0.000000"}, timestamp: 2024:07:31-12:09:52.119, type: vehicle_info }
{ VID: FODRO03, command: 60121, data: {"acceleration":"0.116615","handleAngle":"-535.451143","interVehicleDistance":"0","lateralAcceleration":"0.000000","latitude":"140.181229","lngAcceleration":"0","longitude":"-356.732682","seq":"2","speed":"2.944307","steeringTireAngle":"-0.583826","steeringTireRotationRate":"-0.872115","ttc":"0.000000"}, timestamp: 2024:07:31-12:09:52.119, type: control_info }
{ VID: FODRO03, command: 60055, data: {"arrivalDistance":"150.452","arrivalId":"102","arrivalName":"고려대","latitude":"76.112844","longitude":"-215.589872"}, timestamp: 2024:07:31-12:09:52.463, type: destination_info }
{ VID: FODRO03, command: 60051, data: {"heading":"-0.752664","latitude":"139.231425","longitude":"-356.648727","speed":"10.657769"}, timestamp: 2024:07:31-12:09:52.468, type: location_info }
{ VID: FODRO03, command: 60053, data: {"accel":"100.000000","autoDrivingStatus":"2","brake":"0.000000","brakeStatus":"0","drivingDistance":"23","emergencyLight":"0","mdpsAngle":"184.000000","transmission":"3","turnSignal":"0","wheelSpeed":"19.736609","yawRate":"0.000000"}, timestamp: 2024:07:31-12:09:52.471, type: vehicle_info }
{ VID: FODRO03, command: 60121, data: {"acceleration":"0.188296","handleAngle":"-551.985685","interVehicleDistance":"0","lateralAcceleration":"0.000000","latitude":"139.231425","lngAcceleration":"0","longitude":"-356.648727","seq":"2","speed":"2.992722","steeringTireAngle":"-0.567308","steeringTireRotationRate":"-0.794167","ttc":"0.000000"}, timestamp: 2024:07:31-12:09:52.473, type: control_info }
{ VID: FODRO03, command: 60055, data: {"arrivalDistance":"150.452","arrivalId":"102","arrivalName":"고려대","latitude":"76.112844","longitude":"-215.589872"}, timestamp: 2024:07:31-12:09:52.785, type: destination_info }
{ VID: FODRO03, command: 60051, data: {"heading":"-0.755558","latitude":"138.248676","longitude":"-356.297160","speed":"10.887574"}, timestamp: 2024:07:31-12:09:52.786, type: location_info }
{ VID: FODRO03, command: 60053, data: {"accel":"100.000000","autoDrivingStatus":"2","brake":"0.000000","brakeStatus":"0","drivingDistance":"23","emergencyLight":"0","mdpsAngle":"181.000000","transmission":"3","turnSignal":"0","wheelSpeed":"20.162174","yawRate":"0.000000"}, timestamp: 2024:07:31-12:09:52.786, type: vehicle_info }
{ VID: FODRO03, command: 60121, data: {"acceleration":"0.264774","handleAngle":"-544.462866","interVehicleDistance":"0","lateralAcceleration":"0.000000","latitude":"138.248676","lngAcceleration":"0","longitude":"-356.297160","seq":"2","speed":"3.064205","steeringTireAngle":"-0.514283","steeringTireRotationRate":"0.238368","ttc":"0.000000"}, timestamp: 2024:07:31-12:09:52.786, type: control_info }
{ VID: FODRO03, command: 60055, data: {"arrivalDistance":"150.452","arrivalId":"102","arrivalName":"고려대","latitude":"76.112844","longitude":"-215.589872"}, timestamp: 2024:07:31-12:09:53.119, type: destination_info }
{ VID: FODRO03, command: 60051, data: {"heading":"-0.688825","latitude":"137.427239","longitude":"-355.738960","speed":"11.191873"}, timestamp: 2024:07:31-12:09:53.119, type: location_info }
{ VID: FODRO03, command: 60053, data: {"accel":"100.000000","autoDrivingStatus":"2","brake":"0.000000","brakeStatus":"0","drivingDistance":"23","emergencyLight":"0","mdpsAngle":"165.000000","transmission":"3","turnSignal":"0","wheelSpeed":"20.725691","yawRate":"0.000000"}, timestamp: 2024:07:31-12:09:53.119, type: vehicle_info }
{ VID: FODRO03, command: 60121, data: {"acceleration":"0.369719","handleAngle":"-494.307684","interVehicleDistance":"0","lateralAcceleration":"0.000000","latitude":"137.427239","lngAcceleration":"0","longitude":"-355.738960","seq":"2","speed":"3.182169","steeringTireAngle":"-0.338403","steeringTireRotationRate":"0.501150","ttc":"0.000000"}, timestamp: 2024:07:31-12:09:53.119, type: control_info }
{ VID: FODRO03, command: 60055, data: {"arrivalDistance":"150.452","arrivalId":"102","arrivalName":"고려대","latitude":"76.112844","longitude":"-215.589872"}, timestamp: 2024:07:31-12:09:53.452, type: destination_info }
{ VID: FODRO03, command: 60051, data: {"heading":"-0.533960","latitude":"136.724426","longitude":"-354.990843","speed":"11.606616"}, timestamp: 2024:07:31-12:09:53.452, type: location_info }
{ VID: FODRO03, command: 60053, data: {"accel":"100.000000","autoDrivingStatus":"2","brake":"0.000000","brakeStatus":"0","drivingDistance":"23","emergencyLight":"0","mdpsAngle":"128.000000","transmission":"3","turnSignal":"0","wheelSpeed":"21.493734","yawRate":"0.000000"}, timestamp: 2024:07:31-12:09:53.453, type: vehicle_info }
{ VID: FODRO03, command: 60121, data: {"acceleration":"0.500746","handleAngle":"-385.050749","interVehicleDistance":"0","lateralAcceleration":"0.000000","latitude":"136.724426","lngAcceleration":"0","longitude":"-354.990843","seq":"2","speed":"3.326487","steeringTireAngle":"-0.163624","steeringTireRotationRate":"0.624296","ttc":"0.000000"}, timestamp: 2024:07:31-12:09:53.453, type: control_info }
{ VID: FODRO03, command: 60055, data: {"arrivalDistance":"150.452","arrivalId":"102","arrivalName":"고려대","latitude":"76.112844","longitude":"-215.589872"}, timestamp: 2024:07:31-12:09:53.788, type: destination_info }
{ VID: FODRO03, command: 60051, data: {"heading":"-0.324658","latitude":"136.092753","longitude":"-354.023371","speed":"12.210991"}, timestamp: 2024:07:31-12:09:53.789, type: location_info }
{ VID: FODRO03, command: 60053, data: {"accel":"100.000000","autoDrivingStatus":"2","brake":"0.000000","brakeStatus":"0","drivingDistance":"23","emergencyLight":"0","mdpsAngle":"77.000000","transmission":"3","turnSignal":"0","wheelSpeed":"22.612947","yawRate":"0.000000"}, timestamp: 2024:07:31-12:09:53.789, type: vehicle_info }
{ VID: FODRO03, command: 60121, data: {"acceleration":"0.598053","handleAngle":"-231.273754","interVehicleDistance":"0","lateralAcceleration":"0.000000","latitude":"136.092753","lngAcceleration":"0","longitude":"-354.023371","seq":"2","speed":"3.506853","steeringTireAngle":"-0.004405","steeringTireRotationRate":"0.167163","ttc":"0.000000"}, timestamp: 2024:07:31-12:09:53.790, type: control_info }
{ VID: FODRO03, command: 60055, data: {"arrivalDistance":"150.452","arrivalId":"102","arrivalName":"고려대","latitude":"63.346832","longitude":"-160.207508"}, timestamp: 2024:07:31-12:09:54.119, type: destination_info }
{ VID: FODRO03, command: 60051, data: {"heading":"-0.138846","latitude":"135.582902","longitude":"-353.012151","speed":"12.898097"}, timestamp: 2024:07:31-12:09:54.119, type: location_info }
{ VID: FODRO03, command: 60053, data: {"accel":"100.000000","autoDrivingStatus":"2","brake":"0.000000","brakeStatus":"0","drivingDistance":"23","emergencyLight":"0","mdpsAngle":"32.000000","transmission":"3","turnSignal":"0","wheelSpeed":"23.885365","yawRate":"0.000000"}, timestamp: 2024:07:31-12:09:54.119, type: vehicle_info }
{ VID: FODRO03, command: 60121, data: {"acceleration":"0.673515","handleAngle":"-95.280041","interVehicleDistance":"0","lateralAcceleration":"0.000000","latitude":"135.582902","lngAcceleration":"0","longitude":"-353.012151","seq":"2","speed":"3.728759","steeringTireAngle":"0.084644","steeringTireRotationRate":"0.115344","ttc":"0..000000"}, timestamp: 2024:07:31-12:09:54.119, type: control_info }
{ VID: FODRO03, command: 60055, data: {"arrivalDistance":"150.452","arrivalId":"102","arrivalName":"고려대","latitude":"63.346832","longitude":"-160.207508"}, timestamp: 2024:07:31-12:09:54.453, type: destination_info }
{ VID: FODRO03, command: 60051, data: {"heading":"0.009298","latitude":"135.094420","longitude":"-351.917530","speed":"13.671582"}, timestamp: 2024:07:31-12:09:54.455, type: location_info }
{ VID: FODRO03, command: 60053, data: {"accel":"100.000000","autoDrivingStatus":"2","brake":"0.000000","brakeStatus":"0","drivingDistance":"23","emergencyLight":"0","mdpsAngle":"-2.000000","transmission":"3","turnSignal":"0","wheelSpeed":"25.317744","yawRate":"0.000000"}, timestamp: 2024:07:31-12:09:54.457, type: vehicle_info }
{ VID: FODRO03, command: 60121, data: {"acceleration":"0.723532","handleAngle":"6.040488","interVehicleDistance":"0","lateralAcceleration":"0.000000","latitude":"135.094420","lngAcceleration":"0","longitude":"-351.917530","seq":"2","speed":"3.954341","steeringTireAngle":"0.072572","steeringTireRotationRate":"0.037879","ttc":"0.000000"}, timestamp: 2024:07:31-12:09:54.459, type: control_info }
{ VID: FODRO03, command: 60055, data: {"arrivalDistance":"150.452","arrivalId":"102","arrivalName":"고려대","latitude":"63.346832","longitude":"-160.207508"}, timestamp: 2024:07:31-12:09:54.785, type: destination_info }
{ VID: FODRO03, command: 60051, data: {"heading":"0.088626","latitude":"134.532694","longitude":"-350.665080","speed":"14.573799"}, timestamp: 2024:07:31-12:09:54.785, type: location_info }
{ VID: FODRO03, command: 60053, data: {"accel":"100.000000","autoDrivingStatus":"2","brake":"0.000000","brakeStatus":"0","drivingDistance":"23","emergencyLight":"0","mdpsAngle":"-18.000000","transmission":"3","turnSignal":"0","wheelSpeed":"26.988516","yawRate":"0.000000"}, timestamp: 2024:07:31-12:09:54.785, type: vehicle_info }
{ VID: FODRO03, command: 60121, data: {"acceleration":"0.756773","handleAngle":"53.953276","interVehicleDistance":"0","lateralAcceleration":"0.000000","latitude":"134.532694","lngAcceleration":"0","longitude":"-350.665080","seq":"2","speed":"4.190368","steeringTireAngle":"0.045210","steeringTireRotationRate":"0.058464","ttc":"0.000000"}, timestamp: 2024:07:31-12:09:54.786, type: control_info }
{ VID: FODRO03, command: 60055, data: {"arrivalDistance":"150.452","arrivalId":"102","arrivalName":"고려대","latitude":"63.346832","longitude":"-160.207508"}, timestamp: 2024:07:31-12:09:55.119, type: destination_info }
{ VID: FODRO03, command: 60051, data: {"heading":"0.084469","latitude":"133.944235","longitude":"-349.444513","speed":"15.454457"}, timestamp: 2024:07:31-12:09:55.119, type: location_info }
{ VID: FODRO03, command: 60053, data: {"accel":"100.000000","autoDrivingStatus":"2","brake":"0.000000","brakeStatus":"0","drivingDistance":"23","emergencyLight":"0","mdpsAngle":"-16.000000","transmission":"3","turnSignal":"0","wheelSpeed":"28.619366","yawRate":"0.000000"}, timestamp: 2024:07:31-12:09:55.119, type: vehicle_info }
{ VID: FODRO03, command: 60121, data: {"acceleration":"0.777317","handleAngle":"48.502741","interVehicleDistance":"0","lateralAcceleration":"0.000000","latitude":"133.944235","lngAcceleration":"0","longitude":"-349.444513","seq":"2","speed":"4.434121","steeringTireAngle":"0.002303","steeringTireRotationRate":"-0.006716","ttc":"0..000000"}, timestamp: 2024:07:31-12:09:55.119, type: control_info }
{ VID: FODRO03, command: 60055, data: {"arrivalDistance":"150.452","arrivalId":"102","arrivalName":"고려대","latitude":"63.346832","longitude":"-160.207508"}, timestamp: 2024:07:31-12:09:55.452, type: destination_info }
{ VID: FODRO03, command: 60051, data: {"heading":"0.036621","latitude":"133.287448","longitude":"-348.167563","speed":"16.361094"}, timestamp: 2024:07:31-12:09:55.453, type: location_info }
{ VID: FODRO03, command: 60053, data: {"accel":"100.000000","autoDrivingStatus":"2","brake":"0.000000","brakeStatus":"0","drivingDistance":"23","emergencyLight":"0","mdpsAngle":"-7.000000","transmission":"3","turnSignal":"0","wheelSpeed":"30.298322","yawRate":"0.000000"}, timestamp: 2024:07:31-12:09:55.453, type: vehicle_info }
{ VID: FODRO03, command: 60121, data: {"acceleration":"0.786831","handleAngle":"19.877590","interVehicleDistance":"0","lateralAcceleration":"0.000000","latitude":"133.287448","lngAcceleration":"0","longitude":"-348.167563","seq":"2","speed":"4.682567","steeringTireAngle":"-0.026580","steeringTireRotationRate":"-0.023834","ttc":"0.000000"}, timestamp: 2024:07:31-12:09:55.453, type: control_info }
{ VID: FODRO03, command: 60055, data: {"arrivalDistance":"150.452","arrivalId":"102","arrivalName":"고려대","latitude":"63.346832","longitude":"-160.207508"}, timestamp: 2024:07:31-12:09:55.786, type: destination_info }
{ VID: FODRO03, command: 60051, data: {"heading":"0.000000","latitude":"132.577483","longitude":"-346.823792","speed":"0.000000"}, timestamp: 2024:07:31-12:09:55.786, type: location_info }
{ VID: FODRO03, command: 60053, data: {"accel":"100.000000","autoDrivingStatus":"2","brake":"0.000000","brakeStatus":"0","drivingDistance":"23","emergencyLight":"0","mdpsAngle":"-0.000000","transmission":"2","turnSignal":"0","wheelSpeed":"0.000000","yawRate":"0.000000"}, timestamp: 2024:07:31-12:09:55.786, type: vehicle_info }
{ VID: FODRO03, command: 60121, data: {"acceleration":"0.787088","handleAngle":"0.000000","interVehicleDistance":"0","lateralAcceleration":"0.000000","latitude":"132.577483","lngAcceleration":"0","longitude":"-346.823792","seq":"2","speed":"4.933127","steeringTireAngle":"-0.037350","steeringTireRotationRate":"-0.026287","ttc":"0..000000"}, timestamp: 2024:07:31-12:09:55.786, type: control_info }
{ VID: FODRO03, command: 60055, data: {"arrivalDistance":"150.452","arrivalId":"102","arrivalName":"고려대","latitude":"63.346832","longitude":"-160.207508"}, timestamp: 2024:07:31-12:09:56.119, type: destination_info }
{ VID: FODRO03, command: 60051, data: {"heading":"-0.055816","latitude":"131.781315","longitude":"-345.291605","speed":"18.270751"}, timestamp: 2024:07:31-12:09:56.119, type: location_info }
{ VID: FODRO03, command: 60053, data: {"accel":"100.000000","autoDrivingStatus":"2","brake":"0.000000","brakeStatus":"0","drivingDistance":"23","emergencyLight":"0","mdpsAngle":"9.000000","transmission":"3","turnSignal":"0","wheelSpeed":"33.834724","yawRate":"0.000000"}, timestamp: 2024:07:31-12:09:56.119, type: vehicle_info }
{ VID: FODRO03, command: 60121, data: {"acceleration":"0.777331","handleAngle":"-27.126529","interVehicleDistance":"0","lateralAcceleration":"0.000000","latitude":"131.781315","lngAcceleration":"0","longitude":"-345.291605","seq":"2","speed":"5.221076","steeringTireAngle":"-0.034541","steeringTireRotationRate":"0.036456","ttc":"0.000000"}, timestamp: 2024:07:31-12:09:56.119, type: control_info }
{ VID: FODRO03, command: 60055, data: {"arrivalDistance":"150.452","arrivalId":"102","arrivalName":"고려대","latitude":"63.346832","longitude":"-160.207508"}, timestamp: 2024:07:31-12:09:56.452, type: destination_info }
{ VID: FODRO03, command: 60051, data: {"heading":"-0.066694","latitude":"131.028715","longitude":"-343.777518","speed":"19.182071"}, timestamp: 2024:07:31-12:09:56.453, type: location_info }
{ VID: FODRO03, command: 60053, data: {"accel":"100.000000","autoDrivingStatus":"2","brake":"0.000000","brakeStatus":"0","drivingDistance":"23","emergencyLight":"0","mdpsAngle":"10.000000","transmission":"3","turnSignal":"0","wheelSpeed":"35.522353","yawRate":"0.000000"}, timestamp: 2024:07:31-12:09:56.453, type: vehicle_info }
{ VID: FODRO03, command: 60121, data: {"acceleration":"0.762182","handleAngle":"-30.870860","interVehicleDistance":"0","lateralAcceleration":"0.000000","latitude":"131.028715","lngAcceleration":"0","longitude":"-343.777518","seq":"2","speed":"5.467916","steeringTireAngle":"-0.022586","steeringTireRotationRate":"0.066223","ttc":"0.000000"}, timestamp: 2024:07:31-12:09:56.453, type: control_info }
{ VID: FODRO03, command: 60055, data: {"arrivalDistance":"150.452","arrivalId":"102","arrivalName":"고려대","latitude":"63.346832","longitude":"-160.207508"}, timestamp: 2024:07:31-12:09:56.785, type: destination_info }
{ VID: FODRO03, command: 60051, data: {"heading":"-0.057097","latitude":"130.215130","longitude":"-342.047195","speed":"20.145057"}, timestamp: 2024:07:31-12:09:56.786, type: location_info }
{ VID: FODRO03, command: 60053, data: {"accel":"100.000000","autoDrivingStatus":"2","brake":"0.000000","brakeStatus":"0","drivingDistance":"23","emergencyLight":"0","mdpsAngle":"8.000000","transmission":"3","turnSignal":"0","wheelSpeed":"37.305660","yawRate":"0.000000"}, timestamp: 2024:07:31-12:09:56.786, type: vehicle_info }
{ VID: FODRO03, command: 60121, data: {"acceleration":"0.741712","handleAngle":"-25.168101","interVehicleDistance":"0","lateralAcceleration":"0.000000","latitude":"130.215130","lngAcceleration":"0","longitude":"-342.047195","seq":"2","speed":"5.709607","steeringTireAngle":"-0.008598","steeringTireRotationRate":"-0.024780","ttc":"0.000000"}, timestamp: 2024:07:31-12:09:56.786, type: control_info }
{ VID: FODRO03, command: 60055, data: {"arrivalDistance":"150.452","arrivalId":"102","arrivalName":"고려대","latitude":"63.346832","longitude":"-160.207508"}, timestamp: 2024:07:31-12:09:57.119, type: destination_info }
{ VID: FODRO03, command: 60051, data: {"heading":"-0.036827","latitude":"129.456436","longitude":"-340.351210","speed":"21.015141"}, timestamp: 2024:07:31-12:09:57.119, type: location_info }
{ VID: FODRO03, command: 60053, data: {"accel":"100.000000","autoDrivingStatus":"2","brake":"0.000000","brakeStatus":"0","drivingDistance":"23","emergencyLight":"0","mdpsAngle":"5.000000","transmission":"3","turnSignal":"0","wheelSpeed":"38.916928","yawRate":"0.000000"}, timestamp: 2024:07:31-12:09:57.119, type: vehicle_info }
{ VID: FODRO03, command: 60121, data: {"acceleration":"0.715076","handleAngle":"-15.563326","interVehicleDistance":"0","lateralAcceleration":"0.000000","latitude":"129.456436","lngAcceleration":"0","longitude":"-340.351210","seq":"2","speed":"5.962721","steeringTireAngle":"0.002316","steeringTireRotationRate":"0.039760","ttc":"0..000000"}, timestamp: 2024:07:31-12:09:57.119, type: control_info }
{ VID: FODRO03, command: 60055, data: {"arrivalDistance":"150.452","arrivalId":"102","arrivalName":"고려대","latitude":"63.346832","longitude":"-160.207508"}, timestamp: 2024:07:31-12:09:57.452, type: destination_info }
{ VID: FODRO03, command: 60051, data: {"heading":"-0.012118","latitude":"128.686877","longitude":"-338.575498","speed":"21.856979"}, timestamp: 2024:07:31-12:09:57.452, type: location_info }
{ VID: FODRO03, command: 60053, data: {"accel":"100.000000","autoDrivingStatus":"2","brake":"0.000000","brakeStatus":"0","drivingDistance":"23","emergencyLight":"0","mdpsAngle":"2.000000","transmission":"3","turnSignal":"0","wheelSpeed":"40.475887","yawRate":"0.000000"}, timestamp: 2024:07:31-12:09:57.453, type: vehicle_info }
{ VID: FODRO03, command: 60121, data: {"acceleration":"0.686879","handleAngle":"-4.924368","interVehicleDistance":"0","lateralAcceleration":"0.000000","latitude":"128.686877","lngAcceleration":"0","longitude":"-338.575498","seq":"2","speed":"6.189152","steeringTireAngle":"0.002852","steeringTireRotationRate":"0.017406","ttc":"0.000000"}, timestamp: 2024:07:31-12:09:57.453, type: control_info }
{ VID: FODRO03, command: 60055, data: {"arrivalDistance":"150.452","arrivalId":"102","arrivalName":"고려대","latitude":"63.346832","longitude":"-160.207508"}, timestamp: 2024:07:31-12:09:57.788, type: destination_info }
{ VID: FODRO03, command: 60051, data: {"heading":"0.000000","latitude":"127.896144","longitude":"-336.727476","speed":"0.000000"}, timestamp: 2024:07:31-12:09:57.789, type: location_info }
{ VID: FODRO03, command: 60053, data: {"accel":"100.000000","autoDrivingStatus":"2","brake":"0.000000","brakeStatus":"0","drivingDistance":"23","emergencyLight":"0","mdpsAngle":"-0.000000","transmission":"2","turnSignal":"0","wheelSpeed":"0.000000","yawRate":"0.000000"}, timestamp: 2024:07:31-12:09:57.789, type: vehicle_info }
{ VID: FODRO03, command: 60121, data: {"acceleration":"0.655435","handleAngle":"0.000000","interVehicleDistance":"0","lateralAcceleration":"0.000000","latitude":"127.896144","lngAcceleration":"0","longitude":"-336.727476","seq":"2","speed":"6.406531","steeringTireAngle":"0.002474","steeringTireRotationRate":"0.001343","ttc":"0.000000"}, timestamp: 2024:07:31-12:09:57.789, type: control_info }
{ VID: FODRO03, command: 60055, data: {"arrivalDistance":"150.452","arrivalId":"102","arrivalName":"고려대","latitude":"63.346832","longitude":"-160.207508"}, timestamp: 2024:07:31-12:09:58.119, type: destination_info }
{ VID: FODRO03, command: 60051, data: {"heading":"0.004377","latitude":"127.014258","longitude":"-334.663550","speed":"23.497679"}, timestamp: 2024:07:31-12:09:58.119, type: location_info }
{ VID: FODRO03, command: 60053, data: {"accel":"100.000000","autoDrivingStatus":"2","brake":"0.000000","brakeStatus":"0","drivingDistance":"23","emergencyLight":"0","mdpsAngle":"-1.000000","transmission":"3","turnSignal":"0","wheelSpeed":"43.514220","yawRate":"0.000000"}, timestamp: 2024:07:31-12:09:58.119, type: vehicle_info }
{ VID: FODRO03, command: 60121, data: {"acceleration":"0.621286","handleAngle":"1.654356","interVehicleDistance":"0","lateralAcceleration":"0.000000","latitude":"127.014258","lngAcceleration":"0","longitude":"-334.663550","seq":"2","speed":"6.615065","steeringTireAngle":"0.001452","steeringTireRotationRate":"0.001992","ttc":"0.000000"}, timestamp: 2024:07:31-12:09:58.119, type: control_info }
{ VID: FODRO03, command: 60055, data: {"arrivalDistance":"150.452","arrivalId":"102","arrivalName":"고려대","latitude":"63.346832","longitude":"-160.207508"}, timestamp: 2024:07:31-12:09:58.452, type: destination_info }
{ VID: FODRO03, command: 60051, data: {"heading":"0.004133","latitude":"126.163767","longitude":"-332.680208","speed":"24.229578"}, timestamp: 2024:07:31-12:09:58.453, type: location_info }
{ VID: FODRO03, command: 60053, data: {"accel":"100.000000","autoDrivingStatus":"2","brake":"0.000000","brakeStatus":"0","drivingDistance":"23","emergencyLight":"0","mdpsAngle":"-1.000000","transmission":"3","turnSignal":"0","wheelSpeed":"44.869588","yawRate":"0.000000"}, timestamp: 2024:07:31-12:09:58.455, type: vehicle_info }
{ VID: FODRO03, command: 60121, data: {"acceleration":"0.585863","handleAngle":"1.515230","interVehicleDistance":"0","lateralAcceleration":"0.000000","latitude":"126.163767","lngAcceleration":"0","longitude":"-332.680208","seq":"2","speed":"6.810291","steeringTireAngle":"0.000134","steeringTireRotationRate":"0.000166","ttc":"0.000000"}, timestamp: 2024:07:31-12:09:58.455, type: control_info }
{ VID: FODRO03, command: 60055, data: {"arrivalDistance":"150.452","arrivalId":"102","arrivalName":"고려대","latitude":"63.346832","longitude":"-160.207508"}, timestamp: 2024:07:31-12:09:58.785, type: destination_info }
{ VID: FODRO03, command: 60051, data: {"heading":"0.001481","latitude":"125.219225","longitude":"-330.485291","speed":"24.970063"}, timestamp: 2024:07:31-12:09:58.786, type: location_info }
{ VID: FODRO03, command: 60053, data: {"accel":"100.000000","autoDrivingStatus":"2","brake":"0.000000","brakeStatus":"0","drivingDistance":"23","emergencyLight":"0","mdpsAngle":"-0.000000","transmission":"3","turnSignal":"0","wheelSpeed":"46.240857","yawRate":"0.000000"}, timestamp: 2024:07:31-12:09:58.787, type: vehicle_info }
{ VID: FODRO03, command: 60121, data: {"acceleration":"0.548289","handleAngle":"0.526709","interVehicleDistance":"0","lateralAcceleration":"0.000000","latitude":"125.219225","lngAcceleration":"0","longitude":"-330.485291","seq":"2","speed":"6.996601","steeringTireAngle":"-0.000816","steeringTireRotationRate":"-0.003443","ttc":"0..000000"}, timestamp: 2024:07:31-12:09:58.788, type: control_info }
{ VID: FODRO03, command: 60055, data: {"arrivalDistance":"150.452","arrivalId":"102","arrivalName":"고려대","latitude":"63.346832","longitude":"-160.207508"}, timestamp: 2024:07:31-12:09:59.119, type: destination_info }
{ VID: FODRO03, command: 60051, data: {"heading":"-0.001220","latitude":"124.315948","longitude":"-328.389025","speed":"25.612985"}, timestamp: 2024:07:31-12:09:59.119, type: location_info }
{ VID: FODRO03, command: 60053, data: {"accel":"100.000000","autoDrivingStatus":"2","brake":"0.000000","brakeStatus":"0","drivingDistance":"23","emergencyLight":"0","mdpsAngle":"0.000000","transmission":"3","turnSignal":"0","wheelSpeed":"47.431453","yawRate":"0.000000"}, timestamp: 2024:07:31-12:09:59.120, type: vehicle_info }
{ VID: FODRO03, command: 60121, data: {"acceleration":"0.506461","handleAngle":"-0.423130","interVehicleDistance":"0","lateralAcceleration":"0.000000","latitude":"124.315948","lngAcceleration":"0","longitude":"-328.389025","seq":"2","speed":"7.182343","steeringTireAngle":"-0.001234","steeringTireRotationRate":"-0.000493","ttc":"0.000000"}, timestamp: 2024:07:31-12:09:59.120, type: control_info }
{ VID: FODRO03, command: 60055, data: {"arrivalDistance":"150.452","arrivalId":"102","arrivalName":"고려대","latitude":"63.346832","longitude":"-160.207508"}, timestamp: 2024:07:31-12:09:59.452, type: destination_info }
{ VID: FODRO03, command: 60051, data: {"heading":"-0.002724","latitude":"123.390786","longitude":"-326.239685","speed":"26.211125"}, timestamp: 2024:07:31-12:09:59.453, type: location_info }
{ VID: FODRO03, command: 60053, data: {"accel":"100.000000","autoDrivingStatus":"2","brake":"0.000000","brakeStatus":"0","drivingDistance":"23","emergencyLight":"0","mdpsAngle":"0.000000","transmission":"3","turnSignal":"0","wheelSpeed":"48.539120","yawRate":"0.000000"}, timestamp: 2024:07:31-12:09:59.453, type: vehicle_info }
{ VID: FODRO03, command: 60121, data: {"acceleration":"0.464279","handleAngle":"-0.923106","interVehicleDistance":"0","lateralAcceleration":"0.000000","latitude":"123.390786","lngAcceleration":"0","longitude":"-326.239685","seq":"2","speed":"7.352402","steeringTireAngle":"-0.001010","steeringTireRotationRate":"0.001724","ttc":"0..000000"}, timestamp: 2024:07:31-12:09:59.453, type: control_info }
{ VID: FODRO03, command: 60055, data: {"arrivalDistance":"150.452","arrivalId":"102","arrivalName":"고려대","latitude":"63.346832","longitude":"-160.207508"}, timestamp: 2024:07:31-12:09:59.785, type: destination_info }
{ VID: FODRO03, command: 60051, data: {"heading":"-0.002901","latitude":"122.364665","longitude":"-323.849924","speed":"26.808484"}, timestamp: 2024:07:31-12:09:59.785, type: location_info }
{ VID: FODRO03, command: 60053, data: {"accel":"100.000000","autoDrivingStatus":"2","brake":"0.000000","brakeStatus":"0","drivingDistance":"23","emergencyLight":"0","mdpsAngle":"0.000000","transmission":"3","turnSignal":"0","wheelSpeed":"49.645341","yawRate":"0.000000"}, timestamp: 2024:07:31-12:09:59.785, type: vehicle_info }
{ VID: FODRO03, command: 60121, data: {"acceleration":"0.424139","handleAngle":"-0.961009","interVehicleDistance":"0","lateralAcceleration":"0.000000","latitude":"122.364665","lngAcceleration":"0","longitude":"-323.849924","seq":"2","speed":"7.498566","steeringTireAngle":"-0.000204","steeringTireRotationRate":"-0.001100","ttc":"0.000000"}, timestamp: 2024:07:31-12:09:59.786, type: control_info }
{ VID: FODRO03, command: 60055, data: {"arrivalDistance":"150.452","arrivalId":"102","arrivalName":"고려대","latitude":"63.346832","longitude":"-160.207508"}, timestamp: 2024:07:31-12:10:00.119, type: destination_info }
{ VID: FODRO03, command: 60051, data: {"heading":"-0.001898","latitude":"121.412261","longitude":"-321.626009","speed":"27.304773"}, timestamp: 2024:07:31-12:10:00.119, type: location_info }
{ VID: FODRO03, command: 60053, data: {"accel":"100.000000","autoDrivingStatus":"2","brake":"0.000000","brakeStatus":"0","drivingDistance":"23","emergencyLight":"0","mdpsAngle":"0.000000","transmission":"3","turnSignal":"0","wheelSpeed":"50.564394","yawRate":"0.000000"}, timestamp: 2024:07:31-12:10:00.119, type: vehicle_info }
{ VID: FODRO03, command: 60121, data: {"acceleration":"0.380971","handleAngle":"-0.617335","interVehicleDistance":"0","lateralAcceleration":"0.000000","latitude":"121.412261","lngAcceleration":"0","longitude":"-321.626009","seq":"2","speed":"7.641353","steeringTireAngle":"0.000101","steeringTireRotationRate":"-0.000271","ttc":"0..000000"}, timestamp: 2024:07:31-12:10:00.119, type: control_info }
{ VID: FODRO03, command: 60055, data: {"arrivalDistance":"150.452","arrivalId":"102","arrivalName":"고려대","latitude":"63.346832","longitude":"-160.207508"}, timestamp: 2024:07:31-12:10:00.452, type: destination_info }
{ VID: FODRO03, command: 60051, data: {"heading":"-0.000777","latitude":"120.435144","longitude":"-319.340342","speed":"27.758954"}, timestamp: 2024:07:31-12:10:00.454, type: location_info }
{ VID: FODRO03, command: 60053, data: {"accel":"100.000000","autoDrivingStatus":"2","brake":"0.000000","brakeStatus":"0","drivingDistance":"23","emergencyLight":"0","mdpsAngle":"0.000000","transmission":"3","turnSignal":"0","wheelSpeed":"51.405471","yawRate":"0.000000"}, timestamp: 2024:07:31-12:10:00.455, type: vehicle_info }
{ VID: FODRO03, command: 60121, data: {"acceleration":"0.341216","handleAngle":"-0.248657","interVehicleDistance":"0","lateralAcceleration":"0.000000","latitude":"120.435144","lngAcceleration":"0","longitude":"-319.340342","seq":"2","speed":"7.760783","steeringTireAngle":"0.000159","steeringTireRotationRate":"0.000845","ttc":"0.000000"}, timestamp: 2024:07:31-12:10:00.457, type: control_info }
{ VID: FODRO03, command: 60055, data: {"arrivalDistance":"150.452","arrivalId":"102","arrivalName":"고려대","latitude":"63.346832","longitude":"-160.207508"}, timestamp: 2024:07:31-12:10:00.785, type: destination_info }
{ VID: FODRO03, command: 60051, data: {"heading":"0.000076","latitude":"119.366469","longitude":"-316.838580","speed":"28.196245"}, timestamp: 2024:07:31-12:10:00.786, type: location_info }
{ VID: FODRO03, command: 60053, data: {"accel":"100.000000","autoDrivingStatus":"2","brake":"0.000000","brakeStatus":"0","drivingDistance":"23","emergencyLight":"0","mdpsAngle":"-0.000000","transmission":"3","turnSignal":"0","wheelSpeed":"52.215268","yawRate":"0.000000"}, timestamp: 2024:07:31-12:10:00.786, type: vehicle_info }
{ VID: FODRO03, command: 60121, data: {"acceleration":"0.301336","handleAngle":"0.023898","interVehicleDistance":"0","lateralAcceleration":"0.000000","latitude":"119.366469","lngAcceleration":"0","longitude":"-316.838580","seq":"2","speed":"7.868011","steeringTireAngle":"0.000153","steeringTireRotationRate":"0.000101","ttc":"0.000000"}, timestamp: 2024:07:31-12:10:00.786, type: control_info }
{ VID: FODRO03, command: 60055, data: {"arrivalDistance":"150.452","arrivalId":"102","arrivalName":"고려대","latitude":"63.346832","longitude":"-160.207508"}, timestamp: 2024:07:31-12:10:01.119, type: destination_info }
{ VID: FODRO03, command: 60051, data: {"heading":"0.000340","latitude":"118.360008","longitude":"-314.482478","speed":"28.554202"}, timestamp: 2024:07:31-12:10:01.119, type: location_info }
{ VID: FODRO03, command: 60053, data: {"accel":"100.000000","autoDrivingStatus":"2","brake":"0.000000","brakeStatus":"0","drivingDistance":"23","emergencyLight":"0","mdpsAngle":"-0.000000","transmission":"3","turnSignal":"0","wheelSpeed":"52.878151","yawRate":"0.000000"}, timestamp: 2024:07:31-12:10:01.119, type: vehicle_info }
{ VID: FODRO03, command: 60121, data: {"acceleration":"0.263343","handleAngle":"0.105797","interVehicleDistance":"0","lateralAcceleration":"0.000000","latitude":"118.360008","lngAcceleration":"0","longitude":"-314.482478","seq":"2","speed":"7.961423","steeringTireAngle":"0.000072","steeringTireRotationRate":"0.000134","ttc":"0.000000"}, timestamp: 2024:07:31-12:10:01.119, type: control_info }
{ VID: FODRO03, command: 60055, data: {"arrivalDistance":"150.452","arrivalId":"102","arrivalName":"고려대","latitude":"63.346832","longitude":"-160.207508"}, timestamp: 2024:07:31-12:10:01.452, type: destination_info }
{ VID: FODRO03, command: 60051, data: {"heading":"0.000296","latitude":"117.341458","longitude":"-312.098746","speed":"28.867391"}, timestamp: 2024:07:31-12:10:01.453, type: location_info }
{ VID: FODRO03, command: 60053, data: {"accel":"100.000000","autoDrivingStatus":"2","brake":"0.000000","brakeStatus":"0","drivingDistance":"23","emergencyLight":"0","mdpsAngle":"-0.000000","transmission":"3","turnSignal":"0","wheelSpeed":"53.458131","yawRate":"0.000000"}, timestamp: 2024:07:31-12:10:01.453, type: vehicle_info }
{ VID: FODRO03, command: 60121, data: {"acceleration":"0.226109","handleAngle":"0.091225","interVehicleDistance":"0","lateralAcceleration":"0.000000","latitude":"117.341458","lngAcceleration":"0","longitude":"-312.098746","seq":"2","speed":"8.042933","steeringTireAngle":"0.000007","steeringTireRotationRate":"0.000055","ttc":"0.000000"}, timestamp: 2024:07:31-12:10:01.453, type: control_info }
{ VID: FODRO03, command: 60055, data: {"arrivalDistance":"150.452","arrivalId":"102","arrivalName":"고려대","latitude":"63.346832","longitude":"-160.207508"}, timestamp: 2024:07:31-12:10:01.785, type: destination_info }
{ VID: FODRO03, command: 60051, data: {"heading":"0.000096","latitude":"116.232738","longitude":"-309.504653","speed":"29.155799"}, timestamp: 2024:07:31-12:10:01.786, type: location_info }
{ VID: FODRO03, command: 60053, data: {"accel":"100.000000","autoDrivingStatus":"2","brake":"0.000000","brakeStatus":"0","drivingDistance":"23","emergencyLight":"0","mdpsAngle":"-0.000000","transmission":"3","turnSignal":"0","wheelSpeed":"53.992221","yawRate":"0.000000"}, timestamp: 2024:07:31-12:10:01.786, type: vehicle_info }
{ VID: FODRO03, command: 60121, data: {"acceleration":"0.187562","handleAngle":"0.029372","interVehicleDistance":"0","lateralAcceleration":"0.000000","latitude":"116.232738","lngAcceleration":"0","longitude":"-309.504653","seq":"2","speed":"8.118198","steeringTireAngle":"-0.000035","steeringTireRotationRate":"-0.000196","ttc":"0..000000"}, timestamp: 2024:07:31-12:10:01.786, type: control_info }
{ VID: FODRO03, command: 60055, data: {"arrivalDistance":"150.452","arrivalId":"102","arrivalName":"고려대","latitude":"63.346832","longitude":"-160.207508"}, timestamp: 2024:07:31-12:10:02.119, type: destination_info }
{ VID: FODRO03, command: 60051, data: {"heading":"-0.000064","latitude":"115.191163","longitude":"-307.067884","speed":"29.380154"}, timestamp: 2024:07:31-12:10:02.119, type: location_info }
{ VID: FODRO03, command: 60053, data: {"accel":"100.000000","autoDrivingStatus":"2","brake":"0.000000","brakeStatus":"0","drivingDistance":"23","emergencyLight":"0","mdpsAngle":"0.000000","transmission":"3","turnSignal":"0","wheelSpeed":"54.407692","yawRate":"0.000000"}, timestamp: 2024:07:31-12:10:02.119, type: vehicle_info }
{ VID: FODRO03, command: 60121, data: {"acceleration":"0.151561","handleAngle":"-0.019447","interVehicleDistance":"0","lateralAcceleration":"0.000000","latitude":"115.191163","lngAcceleration":"0","longitude":"-307.067884","seq":"2","speed":"8.180099","steeringTireAngle":"-0.000059","steeringTireRotationRate":"-0.000016","ttc":"0.000000"}, timestamp: 2024:07:31-12:10:02.119, type: control_info }
{ VID: FODRO03, command: 60055, data: {"arrivalDistance":"150.452","arrivalId":"102","arrivalName":"고려대","latitude":"63.346832","longitude":"-160.207508"}, timestamp: 2024:07:31-12:10:02.452, type: destination_info }
{ VID: FODRO03, command: 60051, data: {"heading":"-0.000153","latitude":"114.148327","longitude":"-304.628023","speed":"29.563708"}, timestamp: 2024:07:31-12:10:02.452, type: location_info }
{ VID: FODRO03, command: 60053, data: {"accel":"100.000000","autoDrivingStatus":"2","brake":"0.000000","brakeStatus":"0","drivingDistance":"23","emergencyLight":"0","mdpsAngle":"0.000000","transmission":"3","turnSignal":"0","wheelSpeed":"54.747607","yawRate":"0.000000"}, timestamp: 2024:07:31-12:10:02.452, type: vehicle_info }
{ VID: FODRO03, command: 60121, data: {"acceleration":"0.120043","handleAngle":"-0.046010","interVehicleDistance":"0","lateralAcceleration":"0.000000","latitude":"114.148327","lngAcceleration":"0","longitude":"-304.628023","seq":"2","speed":"8.226385","steeringTireAngle":"-0.000039","steeringTireRotationRate":"0.000093","ttc":"0..000000"}, timestamp: 2024:07:31-12:10:02.452, type: control_info }
{ VID: FODRO03, command: 60055, data: {"arrivalDistance":"150.452","arrivalId":"102","arrivalName":"고려대","latitude":"63.346832","longitude":"-160.207508"}, timestamp: 2024:07:31-12:10:02.786, type: destination_info }
{ VID: FODRO03, command: 60051, data: {"heading":"-0.000150","latitude":"113.008757","longitude":"-301.961469","speed":"29.721544"}, timestamp: 2024:07:31-12:10:02.787, type: location_info }
{ VID: FODRO03, command: 60053, data: {"accel":"100.000000","autoDrivingStatus":"2","brake":"0.000000","brakeStatus":"0","drivingDistance":"23","emergencyLight":"0","mdpsAngle":"-0.000000","transmission":"2","turnSignal":"0","wheelSpeed":"55.039895","yawRate":"0.000000"}, timestamp: 2024:07:31-12:10:02.787, type: vehicle_info }
{ VID: FODRO03, command: 60121, data: {"acceleration":"0.092806","handleAngle":"0.000000","interVehicleDistance":"0","lateralAcceleration":"0.000000","latitude":"113.008757","lngAcceleration":"0","longitude":"-301.961469","seq":"2","speed":"8.260273","steeringTireAngle":"-0.000017","steeringTireRotationRate":"0.000129","ttc":"0.000000"}, timestamp: 2024:07:31-12:10:02.787, type: control_info }
{ VID: FODRO03, command: 60055, data: {"arrivalDistance":"150.452","arrivalId":"102","arrivalName":"고려대","latitude":"63.346832","longitude":"-160.207508"}, timestamp: 2024:07:31-12:10:03.119, type: destination_info }
{ VID: FODRO03, command: 60051, data: {"heading":"-0.000102","latitude":"111.959415","longitude":"-299.505696","speed":"29.830779"}, timestamp: 2024:07:31-12:10:03.119, type: location_info }
{ VID: FODRO03, command: 60053, data: {"accel":"100.000000","autoDrivingStatus":"2","brake":"0.000000","brakeStatus":"0","drivingDistance":"23","emergencyLight":"0","mdpsAngle":"0.000000","transmission":"3","turnSignal":"0","wheelSpeed":"55.242182","yawRate":"0.000000"}, timestamp: 2024:07:31-12:10:03.119, type: vehicle_info }
{ VID: FODRO03, command: 60121, data: {"acceleration":"0.062584","handleAngle":"-0.030309","interVehicleDistance":"0","lateralAcceleration":"0.000000","latitude":"111.959415","lngAcceleration":"0","longitude":"-299.505696","seq":"2","speed":"8.291651","steeringTireAngle":"0.000002","steeringTireRotationRate":"-0.000024","ttc":"0..000000"}, timestamp: 2024:07:31-12:10:03.119, type: control_info }
{ VID: FODRO03, command: 60055, data: {"arrivalDistance":"150.452","arrivalId":"102","arrivalName":"고려대","latitude":"63.346832","longitude":"-160.207508"}, timestamp: 2024:07:31-12:10:03.452, type: destination_info }
{ VID: FODRO03, command: 60051, data: {"heading":"-0.000045","latitude":"110.899763","longitude":"-297.025561","speed":"29.909564"}, timestamp: 2024:07:31-12:10:03.453, type: location_info }
{ VID: FODRO03, command: 60053, data: {"accel":"100.000000","autoDrivingStatus":"2","brake":"0.000000","brakeStatus":"0","drivingDistance":"23","emergencyLight":"0","mdpsAngle":"0.000000","transmission":"3","turnSignal":"0","wheelSpeed":"55.388082","yawRate":"0.000000"}, timestamp: 2024:07:31-12:10:03.453, type: vehicle_info }
{ VID: FODRO03, command: 60121, data: {"acceleration":"0.040551","handleAngle":"-0.013356","interVehicleDistance":"0","lateralAcceleration":"0.000000","latitude":"110.899763","lngAcceleration":"0","longitude":"-297.025561","seq":"2","speed":"8.310285","steeringTireAngle":"0.000010","steeringTireRotationRate":"0.000048","ttc":"0.000000"}, timestamp: 2024:07:31-12:10:03.454, type: control_info }
{ VID: FODRO03, command: 60055, data: {"arrivalDistance":"150.452","arrivalId":"102","arrivalName":"고려대","latitude":"63.346832","longitude":"-160.207508"}, timestamp: 2024:07:31-12:10:03.785, type: destination_info }
{ VID: FODRO03, command: 60051, data: {"heading":"-0.000001","latitude":"109.756238","longitude":"-294.349001","speed":"29.964771"}, timestamp: 2024:07:31-12:10:03.787, type: location_info }
{ VID: FODRO03, command: 60053, data: {"accel":"100.000000","autoDrivingStatus":"2","brake":"0.000000","brakeStatus":"0","drivingDistance":"23","emergencyLight":"0","mdpsAngle":"0.000000","transmission":"3","turnSignal":"0","wheelSpeed":"55.490316","yawRate":"0.000000"}, timestamp: 2024:07:31-12:10:03.787, type: vehicle_info }
{ VID: FODRO03, command: 60121, data: {"acceleration":"0.022964","handleAngle":"-0.000200","interVehicleDistance":"0","lateralAcceleration":"0.000000","latitude":"109.756238","lngAcceleration":"0","longitude":"-294.349001","seq":"2","speed":"8.322170","steeringTireAngle":"0.000006","steeringTireRotationRate":"0.000006","ttc":"0.000000"}, timestamp: 2024:07:31-12:10:03.787, type: control_info }
{ VID: FODRO03, command: 60055, data: {"arrivalDistance":"150.452","arrivalId":"102","arrivalName":"고려대","latitude":"63.346832","longitude":"-160.207508"}, timestamp: 2024:07:31-12:10:04.119, type: destination_info }
{ VID: FODRO03, command: 60051, data: {"heading":"0.000013","latitude":"108.692826","longitude":"-291.859938","speed":"29.994004"}, timestamp: 2024:07:31-12:10:04.119, type: location_info }
{ VID: FODRO03, command: 60053, data: {"accel":"100.000000","autoDrivingStatus":"2","brake":"0.000000","brakeStatus":"0","drivingDistance":"23","emergencyLight":"0","mdpsAngle":"-0.000000","transmission":"3","turnSignal":"0","wheelSpeed":"55.544453","yawRate":"0.000000"}, timestamp: 2024:07:31-12:10:04.119, type: vehicle_info }
{ VID: FODRO03, command: 60121, data: {"acceleration":"0.010184","handleAngle":"0.003905","interVehicleDistance":"0","lateralAcceleration":"0.000000","latitude":"108.692826","lngAcceleration":"0","longitude":"-291.859938","seq":"2","speed":"8.328917","steeringTireAngle":"0.000003","steeringTireRotationRate":"0.000004","ttc":"0.000000"}, timestamp: 2024:07:31-12:10:04.119, type: control_info }
{ VID: FODRO03, command: 60055, data: {"arrivalDistance":"150.452","arrivalId":"102","arrivalName":"고려대","latitude":"63.346832","longitude":"-160.207508"}, timestamp: 2024:07:31-12:10:04.453, type: destination_info }
{ VID: FODRO03, command: 60051, data: {"heading":"0.000012","latitude":"107.628601","longitude":"-289.369002","speed":"30.007655"}, timestamp: 2024:07:31-12:10:04.454, type: location_info }
{ VID: FODRO03, command: 60053, data: {"accel":"100.000000","autoDrivingStatus":"2","brake":"0.000000","brakeStatus":"0","drivingDistance":"23","emergencyLight":"0","mdpsAngle":"-0.000000","transmission":"3","turnSignal":"0","wheelSpeed":"55.569731","yawRate":"0.000000"}, timestamp: 2024:07:31-12:10:04.455, type: vehicle_info }
{ VID: FODRO03, command: 60121, data: {"acceleration":"0.002195","handleAngle":"0.003503","interVehicleDistance":"0","lateralAcceleration":"0.000000","latitude":"107.628601","lngAcceleration":"0","longitude":"-289.369002","seq":"2","speed":"8.332088","steeringTireAngle":"-0.000001","steeringTireRotationRate":"-0.000000","ttc":"0..000000"}, timestamp: 2024:07:31-12:10:04.455, type: control_info }
{ VID: FODRO03, command: 60055, data: {"arrivalDistance":"150.452","arrivalId":"102","arrivalName":"고려대","latitude":"63.346832","longitude":"-160.207508"}, timestamp: 2024:07:31-12:10:04.785, type: destination_info }
{ VID: FODRO03, command: 60051, data: {"heading":"0.000002","latitude":"106.482408","longitude":"-286.686235","speed":"30.011432"}, timestamp: 2024:07:31-12:10:04.785, type: location_info }
{ VID: FODRO03, command: 60053, data: {"accel":"100.000000","autoDrivingStatus":"2","brake":"0.000000","brakeStatus":"0","drivingDistance":"23","emergencyLight":"0","mdpsAngle":"-0.000000","transmission":"3","turnSignal":"0","wheelSpeed":"55.576725","yawRate":"0.000000"}, timestamp: 2024:07:31-12:10:04.785, type: vehicle_info }
{ VID: FODRO03, command: 60121, data: {"acceleration":"-0.001354","handleAngle":"0.000476","interVehicleDistance":"0","lateralAcceleration":"0.000000","latitude":"106.482408","lngAcceleration":"0","longitude":"-286.686235","seq":"2","speed":"8.333122","steeringTireAngle":"-0.000004","steeringTireRotationRate":"-0.000008","ttc":"0.000000"}, timestamp: 2024:07:31-12:10:04.786, type: control_info }

