2025-03-18 09:23:13,955 - INFO - [mqtt_pub.py:471] 구성정보파일 읽기 /home/nmone/mk/python/kafka/pj_2(confluent)/pj(confluent)
2025-03-18 09:23:13,956 - INFO - [mqtt_pub.py:472] 구성정보파일 읽기 <configparser.ConfigParser object at 0x7a92ef03ddf0>
2025-03-18 09:23:13,956 - INFO - [mqtt_pub.py:473] 구성정보파일 읽기 서버1:0.0.0.0, 5000, 서버2:0.0.0.0, 31910
2025-03-18 09:23:13,980 - INFO - [mqtt_pub.py:176] Mqtt Broker connected OK
2025-03-18 09:23:14,054 - INFO - [mqtt_pub.py:337] In on_subscribe: 1 (0,)
2025-03-18 09:23:40,468 - INFO - [mqtt_pub.py:471] 구성정보파일 읽기 /home/nmone/mk/python/kafka/pj_2(confluent)/pj(confluent)
2025-03-18 09:23:40,468 - INFO - [mqtt_pub.py:472] 구성정보파일 읽기 <configparser.ConfigParser object at 0x7ef6b2840dc0>
2025-03-18 09:23:40,468 - INFO - [mqtt_pub.py:473] 구성정보파일 읽기 서버1:0.0.0.0, 5000, 서버2:0.0.0.0, 31910
2025-03-18 09:23:40,491 - INFO - [mqtt_pub.py:176] Mqtt Broker connected OK
2025-03-18 09:23:40,561 - INFO - [mqtt_pub.py:337] In on_subscribe: 1 (0,)
2025-03-18 09:23:59,634 - INFO - [soc.py:106] __init__ 호출 MyTCPHandler1
2025-03-18 09:23:59,635 - INFO - [soc.py:133] 특장차 setup 호출
2025-03-18 09:23:59,636 - INFO - [soc.py:147] 특장차 접속 :  172.30.1.80
2025-03-18 09:23:59,755 - INFO - [soc.py:215] %%%%%%%%%%%% Edge -> EdgeNode delay_time: -129.303ms, (2025-03-18 09:23:59.751718 - 2025-03-18 09:23:59.881021)
2025-03-18 09:23:59,755 - INFO - [soc.py:225] EDGE 수신 : rep vehicle location E N STSW000001 
2025-03-18 09:23:59,755 - INFO - [soc.py:48] ####카프카 rep - {'header': {'cmd': 'rep', 'actn': 'vehicle', 'dtlActn': 'location', 'strtpnt': 'N', 'dstn': 'H', 'userId': '', 'edgeId': 'STSW000001', 'edgeTy': 'CLS', 'timestamp': '2025-03-18 09:23:59.881021', 'command': '60310'}, 'data': {'heading': '287.559692', 'latitude': '36.610374', 'longitude': '127.288359', 'speed': '0.000000'}} 전송완료########### 
2025-03-18 09:24:02,764 - INFO - [soc.py:215] %%%%%%%%%%%% Edge -> EdgeNode delay_time: -131.944ms, (2025-03-18 09:24:02.764135 - 2025-03-18 09:24:02.896079)
2025-03-18 09:24:02,765 - INFO - [soc.py:225] EDGE 수신 : rep status info E N STSW000001 
2025-03-18 09:24:02,765 - INFO - [soc.py:48] ####카프카 rep - {'header': {'cmd': 'rep', 'actn': 'status', 'dtlActn': 'info', 'strtpnt': 'N', 'dstn': 'H', 'userId': '', 'edgeId': 'STSW000001', 'edgeTy': 'CLS', 'timestamp': '2025-03-18 09:24:02.896079', 'command': '60053'}, 'data': {'accel': '0.000000', 'batteryRemainingCapacity': '60', 'batteryTemperature': '0', 'batteryVoltage': '0', 'brake': '0.000000', 'brakeStatus': '60', 'brakeType': '0', 'drivingDistance': '0.01', 'emergencyLight': '1', 'loadCapacity': '20.0', 'mdpsAngle': '-250.000000', 'transmission': '3', 'turnSignal': '1', 'wheelSpeed': '0.000000', 'workRate': '20.0', 'yawRate': '0.000000'}} 전송완료########### 
2025-03-18 09:24:03,972 - INFO - [soc.py:215] %%%%%%%%%%%% Edge -> EdgeNode delay_time: -131.365ms, (2025-03-18 09:24:03.971793 - 2025-03-18 09:24:04.103158)
2025-03-18 09:24:03,972 - INFO - [soc.py:225] EDGE 수신 : rep cls ctrlinfo E N STSW000001 
2025-03-18 09:24:03,973 - INFO - [soc.py:48] ####카프카 rep - {'header': {'cmd': 'rep', 'actn': 'cls', 'dtlActn': 'ctrlinfo', 'strtpnt': 'N', 'dstn': 'H', 'userId': '', 'edgeId': 'STSW000001', 'edgeTy': 'CLS', 'timestamp': '2025-03-18 09:24:04.103158', 'command': '80000'}, 'data': {'blowerRun': 0, 'sideLeftBrushRun': 1, 'sideRightBrushRun': 0, 'frontBrushRun': 0, 'flapRun': 1, 'waterPumpRuns': 0}} 전송완료########### 
2025-03-18 09:24:05,264 - INFO - [soc.py:215] %%%%%%%%%%%% Edge -> EdgeNode delay_time: -50.644ms, (2025-03-18 09:24:05.263920 - 2025-03-18 09:24:05.314564)
2025-03-18 09:24:05,264 - INFO - [soc.py:225] EDGE 수신 : rep vehicle location E N STSW000001 
2025-03-18 09:24:05,265 - INFO - [soc.py:48] ####카프카 rep - {'header': {'cmd': 'rep', 'actn': 'vehicle', 'dtlActn': 'location', 'strtpnt': 'N', 'dstn': 'H', 'userId': '', 'edgeId': 'STSW000001', 'edgeTy': 'CLS', 'timestamp': '2025-03-18 09:24:05.314564', 'command': '60310'}, 'data': {'heading': '287.664490', 'latitude': '36.610373', 'longitude': '127.288367', 'speed': '0.000000'}} 전송완료########### 
2025-03-18 09:24:06,633 - INFO - [soc.py:215] %%%%%%%%%%%% Edge -> EdgeNode delay_time: 109.858ms, (2025-03-18 09:24:06.633114 - 2025-03-18 09:24:06.523256)
2025-03-18 09:24:06,634 - INFO - [soc.py:225] EDGE 수신 : rep status info E N STSW000001 
2025-03-18 09:24:06,634 - INFO - [soc.py:48] ####카프카 rep - {'header': {'cmd': 'rep', 'actn': 'status', 'dtlActn': 'info', 'strtpnt': 'N', 'dstn': 'H', 'userId': '', 'edgeId': 'STSW000001', 'edgeTy': 'CLS', 'timestamp': '2025-03-18 09:24:06.523256', 'command': '60053'}, 'data': {'accel': '0.000000', 'batteryRemainingCapacity': '60', 'batteryTemperature': '0', 'batteryVoltage': '0', 'brake': '0.000000', 'brakeStatus': '60', 'brakeType': '0', 'drivingDistance': '0.01', 'emergencyLight': '1', 'loadCapacity': '20.0', 'mdpsAngle': '-247.000000', 'transmission': '3', 'turnSignal': '1', 'wheelSpeed': '0.000000', 'workRate': '20.0', 'yawRate': '0.000000'}} 전송완료########### 
2025-03-18 09:24:07,607 - INFO - [soc.py:215] %%%%%%%%%%%% Edge -> EdgeNode delay_time: -132.658ms, (2025-03-18 09:24:07.606699 - 2025-03-18 09:24:07.739357)
2025-03-18 09:24:07,607 - INFO - [soc.py:225] EDGE 수신 : rep cls ctrlinfo E N STSW000001 
2025-03-18 09:24:07,608 - INFO - [soc.py:48] ####카프카 rep - {'header': {'cmd': 'rep', 'actn': 'cls', 'dtlActn': 'ctrlinfo', 'strtpnt': 'N', 'dstn': 'H', 'userId': '', 'edgeId': 'STSW000001', 'edgeTy': 'CLS', 'timestamp': '2025-03-18 09:24:07.739357', 'command': '80000'}, 'data': {'blowerRun': 0, 'sideLeftBrushRun': 1, 'sideRightBrushRun': 0, 'frontBrushRun': 0, 'flapRun': 0, 'waterPumpRuns': 2}} 전송완료########### 
2025-03-18 09:24:08,843 - INFO - [soc.py:215] %%%%%%%%%%%% Edge -> EdgeNode delay_time: -101.143ms, (2025-03-18 09:24:08.842908 - 2025-03-18 09:24:08.944051)
2025-03-18 09:24:08,844 - INFO - [soc.py:225] EDGE 수신 : rep vehicle location E N STSW000001 
2025-03-18 09:24:08,844 - INFO - [soc.py:48] ####카프카 rep - {'header': {'cmd': 'rep', 'actn': 'vehicle', 'dtlActn': 'location', 'strtpnt': 'N', 'dstn': 'H', 'userId': '', 'edgeId': 'STSW000001', 'edgeTy': 'CLS', 'timestamp': '2025-03-18 09:24:08.944051', 'command': '60310'}, 'data': {'heading': '287.474304', 'latitude': '36.610371', 'longitude': '127.288376', 'speed': '0.000000'}} 전송완료########### 
2025-03-18 09:24:10,077 - INFO - [soc.py:215] %%%%%%%%%%%% Edge -> EdgeNode delay_time: -78.271ms, (2025-03-18 09:24:10.076949 - 2025-03-18 09:24:10.155220)
2025-03-18 09:24:10,077 - INFO - [soc.py:225] EDGE 수신 : rep status info E N STSW000001 
2025-03-18 09:24:10,078 - INFO - [soc.py:48] ####카프카 rep - {'header': {'cmd': 'rep', 'actn': 'status', 'dtlActn': 'info', 'strtpnt': 'N', 'dstn': 'H', 'userId': '', 'edgeId': 'STSW000001', 'edgeTy': 'CLS', 'timestamp': '2025-03-18 09:24:10.155220', 'command': '60053'}, 'data': {'accel': '0.000000', 'batteryRemainingCapacity': '60', 'batteryTemperature': '0', 'batteryVoltage': '0', 'brake': '0.000000', 'brakeStatus': '60', 'brakeType': '0', 'drivingDistance': '0.01', 'emergencyLight': '1', 'loadCapacity': '20.0', 'mdpsAngle': '-238.000000', 'transmission': '3', 'turnSignal': '1', 'wheelSpeed': '0.000000', 'workRate': '20.0', 'yawRate': '0.000000'}} 전송완료########### 
2025-03-18 09:24:11,306 - INFO - [soc.py:215] %%%%%%%%%%%% Edge -> EdgeNode delay_time: -55.072ms, (2025-03-18 09:24:11.306340 - 2025-03-18 09:24:11.361412)
2025-03-18 09:24:11,307 - INFO - [soc.py:225] EDGE 수신 : rep cls ctrlinfo E N STSW000001 
2025-03-18 09:24:11,307 - INFO - [soc.py:48] ####카프카 rep - {'header': {'cmd': 'rep', 'actn': 'cls', 'dtlActn': 'ctrlinfo', 'strtpnt': 'N', 'dstn': 'H', 'userId': '', 'edgeId': 'STSW000001', 'edgeTy': 'CLS', 'timestamp': '2025-03-18 09:24:11.361412', 'command': '80000'}, 'data': {'blowerRun': 1, 'sideLeftBrushRun': 1, 'sideRightBrushRun': 0, 'frontBrushRun': 0, 'flapRun': 1, 'waterPumpRuns': 0}} 전송완료########### 
2025-03-18 09:24:12,540 - INFO - [soc.py:215] %%%%%%%%%%%% Edge -> EdgeNode delay_time: -33.995ms, (2025-03-18 09:24:12.539448 - 2025-03-18 09:24:12.573443)
2025-03-18 09:24:12,540 - INFO - [soc.py:225] EDGE 수신 : rep vehicle location E N STSW000001 
2025-03-18 09:24:12,541 - INFO - [soc.py:48] ####카프카 rep - {'header': {'cmd': 'rep', 'actn': 'vehicle', 'dtlActn': 'location', 'strtpnt': 'N', 'dstn': 'H', 'userId': '', 'edgeId': 'STSW000001', 'edgeTy': 'CLS', 'timestamp': '2025-03-18 09:24:12.573443', 'command': '60310'}, 'data': {'heading': '287.175293', 'latitude': '36.610369', 'longitude': '127.288384', 'speed': '0.000000'}} 전송완료########### 
2025-03-18 09:24:13,654 - INFO - [soc.py:215] %%%%%%%%%%%% Edge -> EdgeNode delay_time: -132.019ms, (2025-03-18 09:24:13.653646 - 2025-03-18 09:24:13.785665)
2025-03-18 09:24:13,654 - INFO - [soc.py:225] EDGE 수신 : rep status info E N STSW000001 
2025-03-18 09:24:13,655 - INFO - [soc.py:48] ####카프카 rep - {'header': {'cmd': 'rep', 'actn': 'status', 'dtlActn': 'info', 'strtpnt': 'N', 'dstn': 'H', 'userId': '', 'edgeId': 'STSW000001', 'edgeTy': 'CLS', 'timestamp': '2025-03-18 09:24:13.785665', 'command': '60053'}, 'data': {'accel': '0.000000', 'batteryRemainingCapacity': '60', 'batteryTemperature': '0', 'batteryVoltage': '0', 'brake': '0.000000', 'brakeStatus': '60', 'brakeType': '0', 'drivingDistance': '0.01', 'emergencyLight': '1', 'loadCapacity': '20.0', 'mdpsAngle': '-215.000000', 'transmission': '3', 'turnSignal': '1', 'wheelSpeed': '0.000000', 'workRate': '20.0', 'yawRate': '0.000000'}} 전송완료########### 
2025-03-18 09:24:14,865 - INFO - [soc.py:215] %%%%%%%%%%%% Edge -> EdgeNode delay_time: -131.639ms, (2025-03-18 09:24:14.865401 - 2025-03-18 09:24:14.997040)
2025-03-18 09:24:14,866 - INFO - [soc.py:225] EDGE 수신 : rep cls ctrlinfo E N STSW000001 
2025-03-18 09:24:14,867 - INFO - [soc.py:48] ####카프카 rep - {'header': {'cmd': 'rep', 'actn': 'cls', 'dtlActn': 'ctrlinfo', 'strtpnt': 'N', 'dstn': 'H', 'userId': '', 'edgeId': 'STSW000001', 'edgeTy': 'CLS', 'timestamp': '2025-03-18 09:24:14.997040', 'command': '80000'}, 'data': {'blowerRun': 0, 'sideLeftBrushRun': 2, 'sideRightBrushRun': 0, 'frontBrushRun': 1, 'flapRun': 1, 'waterPumpRuns': 1}} 전송완료########### 
2025-03-18 09:24:16,119 - INFO - [soc.py:215] %%%%%%%%%%%% Edge -> EdgeNode delay_time: -87.061ms, (2025-03-18 09:24:16.119060 - 2025-03-18 09:24:16.206121)
2025-03-18 09:24:16,120 - INFO - [soc.py:225] EDGE 수신 : rep vehicle location E N STSW000001 
2025-03-18 09:24:16,120 - INFO - [soc.py:48] ####카프카 rep - {'header': {'cmd': 'rep', 'actn': 'vehicle', 'dtlActn': 'location', 'strtpnt': 'N', 'dstn': 'H', 'userId': '', 'edgeId': 'STSW000001', 'edgeTy': 'CLS', 'timestamp': '2025-03-18 09:24:16.206121', 'command': '60310'}, 'data': {'heading': '286.878815', 'latitude': '36.610368', 'longitude': '127.288393', 'speed': '0.000000'}} 전송완료########### 
2025-03-18 09:24:17,281 - INFO - [soc.py:215] %%%%%%%%%%%% Edge -> EdgeNode delay_time: -130.892ms, (2025-03-18 09:24:17.281426 - 2025-03-18 09:24:17.412318)
2025-03-18 09:24:17,282 - INFO - [soc.py:225] EDGE 수신 : rep status info E N STSW000001 
2025-03-18 09:24:17,283 - INFO - [soc.py:48] ####카프카 rep - {'header': {'cmd': 'rep', 'actn': 'status', 'dtlActn': 'info', 'strtpnt': 'N', 'dstn': 'H', 'userId': '', 'edgeId': 'STSW000001', 'edgeTy': 'CLS', 'timestamp': '2025-03-18 09:24:17.412318', 'command': '60053'}, 'data': {'accel': '0.000000', 'batteryRemainingCapacity': '60', 'batteryTemperature': '0', 'batteryVoltage': '0', 'brake': '0.000000', 'brakeStatus': '60', 'brakeType': '0', 'drivingDistance': '0.01', 'emergencyLight': '1', 'loadCapacity': '20.0', 'mdpsAngle': '-180.000000', 'transmission': '3', 'turnSignal': '1', 'wheelSpeed': '0.000000', 'workRate': '20.0', 'yawRate': '0.000000'}} 전송완료########### 
2025-03-18 09:24:18,489 - INFO - [soc.py:215] %%%%%%%%%%%% Edge -> EdgeNode delay_time: -131.309ms, (2025-03-18 09:24:18.489061 - 2025-03-18 09:24:18.620370)
2025-03-18 09:24:18,490 - INFO - [soc.py:225] EDGE 수신 : rep cls ctrlinfo E N STSW000001 
2025-03-18 09:24:18,490 - INFO - [soc.py:48] ####카프카 rep - {'header': {'cmd': 'rep', 'actn': 'cls', 'dtlActn': 'ctrlinfo', 'strtpnt': 'N', 'dstn': 'H', 'userId': '', 'edgeId': 'STSW000001', 'edgeTy': 'CLS', 'timestamp': '2025-03-18 09:24:18.620370', 'command': '80000'}, 'data': {'blowerRun': 2, 'sideLeftBrushRun': 1, 'sideRightBrushRun': 1, 'frontBrushRun': 0, 'flapRun': 1, 'waterPumpRuns': 0}} 전송완료########### 
2025-03-18 09:24:19,705 - INFO - [soc.py:215] %%%%%%%%%%%% Edge -> EdgeNode delay_time: -132.796ms, (2025-03-18 09:24:19.704713 - 2025-03-18 09:24:19.837509)
2025-03-18 09:24:19,705 - INFO - [soc.py:225] EDGE 수신 : rep vehicle location E N STSW000001 
2025-03-18 09:24:19,705 - INFO - [soc.py:48] ####카프카 rep - {'header': {'cmd': 'rep', 'actn': 'vehicle', 'dtlActn': 'location', 'strtpnt': 'N', 'dstn': 'H', 'userId': '', 'edgeId': 'STSW000001', 'edgeTy': 'CLS', 'timestamp': '2025-03-18 09:24:19.837509', 'command': '60310'}, 'data': {'heading': '286.150085', 'latitude': '36.610366', 'longitude': '127.288401', 'speed': '0.000000'}} 전송완료########### 
2025-03-18 09:24:19,984 - ERROR - [mqtt_pub.py:398] 메시지 처리 중 오류 발생: string indices must be integers
2025-03-18 09:24:19,985 - ERROR - [mqtt_pub.py:420] 메시지 처리 실패
2025-03-18 09:24:19,985 - ERROR - [mqtt_pub.py:398] 메시지 처리 중 오류 발생: string indices must be integers
2025-03-18 09:24:19,985 - ERROR - [mqtt_pub.py:420] 메시지 처리 실패
2025-03-18 09:24:19,986 - ERROR - [mqtt_pub.py:398] 메시지 처리 중 오류 발생: string indices must be integers
2025-03-18 09:24:19,986 - ERROR - [mqtt_pub.py:420] 메시지 처리 실패
2025-03-18 09:24:19,988 - ERROR - [mqtt_pub.py:398] 메시지 처리 중 오류 발생: string indices must be integers
2025-03-18 09:24:19,989 - ERROR - [mqtt_pub.py:420] 메시지 처리 실패
2025-03-18 09:24:19,990 - ERROR - [mqtt_pub.py:398] 메시지 처리 중 오류 발생: string indices must be integers
2025-03-18 09:24:19,991 - ERROR - [mqtt_pub.py:420] 메시지 처리 실패
2025-03-18 09:24:19,991 - ERROR - [mqtt_pub.py:398] 메시지 처리 중 오류 발생: string indices must be integers
2025-03-18 09:24:19,992 - ERROR - [mqtt_pub.py:420] 메시지 처리 실패
2025-03-18 09:24:19,992 - ERROR - [mqtt_pub.py:398] 메시지 처리 중 오류 발생: string indices must be integers
2025-03-18 09:24:19,992 - ERROR - [mqtt_pub.py:420] 메시지 처리 실패
2025-03-18 09:24:19,993 - ERROR - [mqtt_pub.py:398] 메시지 처리 중 오류 발생: string indices must be integers
2025-03-18 09:24:19,993 - ERROR - [mqtt_pub.py:420] 메시지 처리 실패
2025-03-18 09:24:19,994 - ERROR - [mqtt_pub.py:398] 메시지 처리 중 오류 발생: string indices must be integers
2025-03-18 09:24:19,994 - ERROR - [mqtt_pub.py:420] 메시지 처리 실패
2025-03-18 09:24:19,994 - ERROR - [mqtt_pub.py:398] 메시지 처리 중 오류 발생: string indices must be integers
2025-03-18 09:24:19,994 - ERROR - [mqtt_pub.py:420] 메시지 처리 실패
2025-03-18 09:24:19,994 - ERROR - [mqtt_pub.py:398] 메시지 처리 중 오류 발생: string indices must be integers
2025-03-18 09:24:19,995 - ERROR - [mqtt_pub.py:420] 메시지 처리 실패
2025-03-18 09:24:20,910 - INFO - [soc.py:215] %%%%%%%%%%%% Edge -> EdgeNode delay_time: -132.647ms, (2025-03-18 09:24:20.910035 - 2025-03-18 09:24:21.042682)
2025-03-18 09:24:20,911 - INFO - [soc.py:225] EDGE 수신 : rep status info E N STSW000001 
2025-03-18 09:24:20,911 - INFO - [soc.py:48] ####카프카 rep - {'header': {'cmd': 'rep', 'actn': 'status', 'dtlActn': 'info', 'strtpnt': 'N', 'dstn': 'H', 'userId': '', 'edgeId': 'STSW000001', 'edgeTy': 'CLS', 'timestamp': '2025-03-18 09:24:21.042682', 'command': '60053'}, 'data': {'accel': '0.000000', 'batteryRemainingCapacity': '60', 'batteryTemperature': '0', 'batteryVoltage': '0', 'brake': '0.000000', 'brakeStatus': '60', 'brakeType': '0', 'drivingDistance': '0.01', 'emergencyLight': '1', 'loadCapacity': '20.0', 'mdpsAngle': '-127.000000', 'transmission': '3', 'turnSignal': '1', 'wheelSpeed': '0.000000', 'workRate': '20.0', 'yawRate': '0.000000'}} 전송완료########### 
2025-03-18 09:24:20,919 - ERROR - [mqtt_pub.py:398] 메시지 처리 중 오류 발생: string indices must be integers
2025-03-18 09:24:20,920 - ERROR - [mqtt_pub.py:420] 메시지 처리 실패
2025-03-18 09:24:22,124 - INFO - [soc.py:215] %%%%%%%%%%%% Edge -> EdgeNode delay_time: -131.71ms, (2025-03-18 09:24:22.124014 - 2025-03-18 09:24:22.255724)
2025-03-18 09:24:22,124 - INFO - [soc.py:225] EDGE 수신 : rep cls ctrlinfo E N STSW000001 
2025-03-18 09:24:22,125 - INFO - [soc.py:48] ####카프카 rep - {'header': {'cmd': 'rep', 'actn': 'cls', 'dtlActn': 'ctrlinfo', 'strtpnt': 'N', 'dstn': 'H', 'userId': '', 'edgeId': 'STSW000001', 'edgeTy': 'CLS', 'timestamp': '2025-03-18 09:24:22.255724', 'command': '80000'}, 'data': {'blowerRun': 1, 'sideLeftBrushRun': 1, 'sideRightBrushRun': 2, 'frontBrushRun': 0, 'flapRun': 0, 'waterPumpRuns': 1}} 전송완료########### 
2025-03-18 09:24:23,390 - INFO - [soc.py:215] %%%%%%%%%%%% Edge -> EdgeNode delay_time: -84.018ms, (2025-03-18 09:24:23.389625 - 2025-03-18 09:24:23.473643)
2025-03-18 09:24:23,390 - INFO - [soc.py:225] EDGE 수신 : rep vehicle location E N STSW000001 
2025-03-18 09:24:23,391 - INFO - [soc.py:48] ####카프카 rep - {'header': {'cmd': 'rep', 'actn': 'vehicle', 'dtlActn': 'location', 'strtpnt': 'N', 'dstn': 'H', 'userId': '', 'edgeId': 'STSW000001', 'edgeTy': 'CLS', 'timestamp': '2025-03-18 09:24:23.473643', 'command': '60310'}, 'data': {'heading': '284.921112', 'latitude': '36.610365', 'longitude': '127.288408', 'speed': '2.000000'}} 전송완료########### 
2025-03-18 09:24:23,399 - ERROR - [mqtt_pub.py:398] 메시지 처리 중 오류 발생: string indices must be integers
2025-03-18 09:24:23,400 - ERROR - [mqtt_pub.py:420] 메시지 처리 실패
2025-03-18 09:24:24,619 - INFO - [soc.py:215] %%%%%%%%%%%% Edge -> EdgeNode delay_time: -76.144ms, (2025-03-18 09:24:24.618756 - 2025-03-18 09:24:24.694900)
2025-03-18 09:24:24,619 - INFO - [soc.py:225] EDGE 수신 : rep status info E N STSW000001 
2025-03-18 09:24:24,620 - INFO - [soc.py:48] ####카프카 rep - {'header': {'cmd': 'rep', 'actn': 'status', 'dtlActn': 'info', 'strtpnt': 'N', 'dstn': 'H', 'userId': '', 'edgeId': 'STSW000001', 'edgeTy': 'CLS', 'timestamp': '2025-03-18 09:24:24.694900', 'command': '60053'}, 'data': {'accel': '100.000000', 'batteryRemainingCapacity': '60', 'batteryTemperature': '0', 'batteryVoltage': '0', 'brake': '0.000000', 'brakeStatus': '60', 'brakeType': '0', 'drivingDistance': '0.01', 'emergencyLight': '1', 'loadCapacity': '20.0', 'mdpsAngle': '-104.000000', 'transmission': '3', 'turnSignal': '1', 'wheelSpeed': '0.555556', 'workRate': '20.0', 'yawRate': '0.000000'}} 전송완료########### 
2025-03-18 09:24:24,630 - ERROR - [mqtt_pub.py:398] 메시지 처리 중 오류 발생: string indices must be integers
2025-03-18 09:24:24,630 - ERROR - [mqtt_pub.py:420] 메시지 처리 실패
2025-03-18 09:24:25,774 - INFO - [soc.py:215] %%%%%%%%%%%% Edge -> EdgeNode delay_time: -130.441ms, (2025-03-18 09:24:25.774258 - 2025-03-18 09:24:25.904699)
2025-03-18 09:24:25,775 - INFO - [soc.py:225] EDGE 수신 : rep cls ctrlinfo E N STSW000001 
2025-03-18 09:24:25,775 - INFO - [soc.py:48] ####카프카 rep - {'header': {'cmd': 'rep', 'actn': 'cls', 'dtlActn': 'ctrlinfo', 'strtpnt': 'N', 'dstn': 'H', 'userId': '', 'edgeId': 'STSW000001', 'edgeTy': 'CLS', 'timestamp': '2025-03-18 09:24:25.904699', 'command': '80000'}, 'data': {'blowerRun': 1, 'sideLeftBrushRun': 1, 'sideRightBrushRun': 1, 'frontBrushRun': 0, 'flapRun': 0, 'waterPumpRuns': 1}} 전송완료########### 
2025-03-18 09:24:26,988 - INFO - [soc.py:215] %%%%%%%%%%%% Edge -> EdgeNode delay_time: -130.482ms, (2025-03-18 09:24:26.988331 - 2025-03-18 09:24:27.118813)
2025-03-18 09:24:26,989 - INFO - [soc.py:225] EDGE 수신 : rep vehicle location E N STSW000001 
2025-03-18 09:24:26,989 - INFO - [soc.py:48] ####카프카 rep - {'header': {'cmd': 'rep', 'actn': 'vehicle', 'dtlActn': 'location', 'strtpnt': 'N', 'dstn': 'H', 'userId': '', 'edgeId': 'STSW000001', 'edgeTy': 'CLS', 'timestamp': '2025-03-18 09:24:27.118813', 'command': '60310'}, 'data': {'heading': '283.698486', 'latitude': '36.610365', 'longitude': '127.288415', 'speed': '3.000000'}} 전송완료########### 
2025-03-18 09:24:26,998 - ERROR - [mqtt_pub.py:398] 메시지 처리 중 오류 발생: string indices must be integers
2025-03-18 09:24:26,999 - ERROR - [mqtt_pub.py:420] 메시지 처리 실패
2025-03-18 09:24:28,306 - INFO - [soc.py:215] %%%%%%%%%%%% Edge -> EdgeNode delay_time: -29.924ms, (2025-03-18 09:24:28.305730 - 2025-03-18 09:24:28.335654)
2025-03-18 09:24:28,306 - INFO - [soc.py:225] EDGE 수신 : rep status info E N STSW000001 
2025-03-18 09:24:28,307 - INFO - [soc.py:48] ####카프카 rep - {'header': {'cmd': 'rep', 'actn': 'status', 'dtlActn': 'info', 'strtpnt': 'N', 'dstn': 'H', 'userId': '', 'edgeId': 'STSW000001', 'edgeTy': 'CLS', 'timestamp': '2025-03-18 09:24:28.335654', 'command': '60053'}, 'data': {'accel': '100.000000', 'batteryRemainingCapacity': '60', 'batteryTemperature': '0', 'batteryVoltage': '0', 'brake': '0.000000', 'brakeStatus': '60', 'brakeType': '0', 'drivingDistance': '0.01', 'emergencyLight': '1', 'loadCapacity': '20.0', 'mdpsAngle': '-73.000000', 'transmission': '3', 'turnSignal': '1', 'wheelSpeed': '0.833333', 'workRate': '20.0', 'yawRate': '0.000000'}} 전송완료########### 
2025-03-18 09:24:28,315 - ERROR - [mqtt_pub.py:398] 메시지 처리 중 오류 발생: string indices must be integers
2025-03-18 09:24:28,316 - ERROR - [mqtt_pub.py:420] 메시지 처리 실패
2025-03-18 09:24:29,431 - INFO - [soc.py:215] %%%%%%%%%%%% Edge -> EdgeNode delay_time: -123.279ms, (2025-03-18 09:24:29.430841 - 2025-03-18 09:24:29.554120)
2025-03-18 09:24:29,432 - INFO - [soc.py:225] EDGE 수신 : rep cls ctrlinfo E N STSW000001 
2025-03-18 09:24:29,432 - INFO - [soc.py:48] ####카프카 rep - {'header': {'cmd': 'rep', 'actn': 'cls', 'dtlActn': 'ctrlinfo', 'strtpnt': 'N', 'dstn': 'H', 'userId': '', 'edgeId': 'STSW000001', 'edgeTy': 'CLS', 'timestamp': '2025-03-18 09:24:29.554120', 'command': '80000'}, 'data': {'blowerRun': 0, 'sideLeftBrushRun': 1, 'sideRightBrushRun': 1, 'frontBrushRun': 0, 'flapRun': 1, 'waterPumpRuns': 0}} 전송완료########### 
2025-03-18 09:24:30,645 - INFO - [soc.py:215] %%%%%%%%%%%% Edge -> EdgeNode delay_time: -124.628ms, (2025-03-18 09:24:30.645143 - 2025-03-18 09:24:30.769771)
2025-03-18 09:24:30,646 - INFO - [soc.py:225] EDGE 수신 : rep vehicle location E N STSW000001 
2025-03-18 09:24:30,646 - INFO - [soc.py:48] ####카프카 rep - {'header': {'cmd': 'rep', 'actn': 'vehicle', 'dtlActn': 'location', 'strtpnt': 'N', 'dstn': 'H', 'userId': '', 'edgeId': 'STSW000001', 'edgeTy': 'CLS', 'timestamp': '2025-03-18 09:24:30.769771', 'command': '60310'}, 'data': {'heading': '282.271515', 'latitude': '36.610364', 'longitude': '127.288421', 'speed': '4.000000'}} 전송완료########### 
2025-03-18 09:24:30,654 - ERROR - [mqtt_pub.py:398] 메시지 처리 중 오류 발생: string indices must be integers
2025-03-18 09:24:30,654 - ERROR - [mqtt_pub.py:420] 메시지 처리 실패
2025-03-18 09:24:31,248 - ERROR - [soc.py:262] ==> 특장차 ConnectionResetError
Traceback (most recent call last):
  File "soc.py", line 151, in handle
    data = conn.recv(recv_len).decode(encoding=recv_encoding)
ConnectionResetError: [Errno 104] Connection reset by peer
2025-03-18 09:24:31,249 - INFO - [soc.py:280] finish
2025-03-18 09:24:31,250 - INFO - [soc.py:285] 현재 특장차 Client 접속수 : 0
2025-03-18 09:25:24,582 - INFO - [mqtt_pub.py:470] 구성정보파일 읽기 /home/nmone/mk/python/kafka/pj_2(confluent)/pj(confluent)
2025-03-18 09:25:24,582 - INFO - [mqtt_pub.py:471] 구성정보파일 읽기 <configparser.ConfigParser object at 0x7994b54c0dc0>
2025-03-18 09:25:24,582 - INFO - [mqtt_pub.py:472] 구성정보파일 읽기 서버1:0.0.0.0, 5000, 서버2:0.0.0.0, 31910
2025-03-18 09:25:24,606 - INFO - [mqtt_pub.py:176] Mqtt Broker connected OK
2025-03-18 09:25:24,677 - INFO - [mqtt_pub.py:337] In on_subscribe: 1 (0,)
2025-03-18 09:25:57,514 - INFO - [mqtt_pub.py:470] 구성정보파일 읽기 /home/nmone/mk/python/kafka/pj_2(confluent)/pj(confluent)
2025-03-18 09:25:57,514 - INFO - [mqtt_pub.py:471] 구성정보파일 읽기 <configparser.ConfigParser object at 0x7512c3a00dc0>
2025-03-18 09:25:57,514 - INFO - [mqtt_pub.py:472] 구성정보파일 읽기 서버1:0.0.0.0, 5000, 서버2:0.0.0.0, 31910
2025-03-18 09:25:57,538 - INFO - [mqtt_pub.py:176] Mqtt Broker connected OK
2025-03-18 09:25:57,613 - INFO - [mqtt_pub.py:337] In on_subscribe: 1 (0,)
2025-03-18 09:26:02,850 - INFO - [soc.py:106] __init__ 호출 MyTCPHandler1
2025-03-18 09:26:02,850 - INFO - [soc.py:133] 특장차 setup 호출
2025-03-18 09:26:02,851 - INFO - [soc.py:147] 특장차 접속 :  172.30.1.80
2025-03-18 09:26:02,855 - INFO - [soc.py:215] %%%%%%%%%%%% Edge -> EdgeNode delay_time: -129.417ms, (2025-03-18 09:26:02.854927 - 2025-03-18 09:26:02.984344)
2025-03-18 09:26:02,855 - INFO - [soc.py:225] EDGE 수신 : rep vehicle location E N STSW000001 
2025-03-18 09:26:02,855 - INFO - [soc.py:48] ####카프카 rep - {'header': {'cmd': 'rep', 'actn': 'vehicle', 'dtlActn': 'location', 'strtpnt': 'N', 'dstn': 'H', 'userId': '', 'edgeId': 'STSW000001', 'edgeTy': 'CLS', 'timestamp': '2025-03-18 09:26:02.984344', 'command': '60310'}, 'data': {'heading': '287.559692', 'latitude': '36.610374', 'longitude': '127.288359', 'speed': '0.000000'}} 전송완료########### 
2025-03-18 09:26:02,866 - ERROR - [mqtt_pub.py:397] 메시지 처리 중 오류 발생: Object of type java.lang.String is not JSON serializable
2025-03-18 09:26:02,867 - ERROR - [mqtt_pub.py:419] 메시지 처리 실패
2025-03-18 09:26:05,861 - INFO - [soc.py:215] %%%%%%%%%%%% Edge -> EdgeNode delay_time: -128.316ms, (2025-03-18 09:26:05.860958 - 2025-03-18 09:26:05.989274)
2025-03-18 09:26:05,862 - INFO - [soc.py:225] EDGE 수신 : rep status info E N STSW000001 
2025-03-18 09:26:05,862 - INFO - [soc.py:48] ####카프카 rep - {'header': {'cmd': 'rep', 'actn': 'status', 'dtlActn': 'info', 'strtpnt': 'N', 'dstn': 'H', 'userId': '', 'edgeId': 'STSW000001', 'edgeTy': 'CLS', 'timestamp': '2025-03-18 09:26:05.989274', 'command': '60053'}, 'data': {'accel': '0.000000', 'batteryRemainingCapacity': '60', 'batteryTemperature': '0', 'batteryVoltage': '0', 'brake': '0.000000', 'brakeStatus': '60', 'brakeType': '0', 'drivingDistance': '0.01', 'emergencyLight': '1', 'loadCapacity': '20.0', 'mdpsAngle': '-250.000000', 'transmission': '3', 'turnSignal': '1', 'wheelSpeed': '0.000000', 'workRate': '20.0', 'yawRate': '0.000000'}} 전송완료########### 
2025-03-18 09:26:05,872 - ERROR - [mqtt_pub.py:397] 메시지 처리 중 오류 발생: Object of type java.lang.String is not JSON serializable
2025-03-18 09:26:05,873 - ERROR - [mqtt_pub.py:419] 메시지 처리 실패
2025-03-18 09:26:06,886 - INFO - [soc.py:215] %%%%%%%%%%%% Edge -> EdgeNode delay_time: -114.835ms, (2025-03-18 09:26:06.886116 - 2025-03-18 09:26:07.000951)
2025-03-18 09:26:06,886 - INFO - [soc.py:225] EDGE 수신 : rep cls ctrlinfo E N STSW000001 
2025-03-18 09:26:06,887 - INFO - [soc.py:48] ####카프카 rep - {'header': {'cmd': 'rep', 'actn': 'cls', 'dtlActn': 'ctrlinfo', 'strtpnt': 'N', 'dstn': 'H', 'userId': '', 'edgeId': 'STSW000001', 'edgeTy': 'CLS', 'timestamp': '2025-03-18 09:26:07.000951', 'command': '80000'}, 'data': {'blowerRun': 0, 'sideLeftBrushRun': 1, 'sideRightBrushRun': 0, 'frontBrushRun': 0, 'flapRun': 1, 'waterPumpRuns': 0}} 전송완료########### 
2025-03-18 09:26:06,896 - ERROR - [mqtt_pub.py:397] 메시지 처리 중 오류 발생: local variable 'send_message' referenced before assignment
2025-03-18 09:26:06,896 - ERROR - [mqtt_pub.py:419] 메시지 처리 실패
2025-03-18 09:26:07,883 - INFO - [soc.py:215] %%%%%%%%%%%% Edge -> EdgeNode delay_time: -128.792ms, (2025-03-18 09:26:07.882463 - 2025-03-18 09:26:08.011255)
2025-03-18 09:26:07,883 - INFO - [soc.py:225] EDGE 수신 : rep vehicle location E N STSW000001 
2025-03-18 09:26:07,884 - INFO - [soc.py:48] ####카프카 rep - {'header': {'cmd': 'rep', 'actn': 'vehicle', 'dtlActn': 'location', 'strtpnt': 'N', 'dstn': 'H', 'userId': '', 'edgeId': 'STSW000001', 'edgeTy': 'CLS', 'timestamp': '2025-03-18 09:26:08.011255', 'command': '60310'}, 'data': {'heading': '287.664490', 'latitude': '36.610373', 'longitude': '127.288367', 'speed': '0.000000'}} 전송완료########### 
2025-03-18 09:26:07,894 - ERROR - [mqtt_pub.py:397] 메시지 처리 중 오류 발생: Object of type java.lang.String is not JSON serializable
2025-03-18 09:26:07,894 - ERROR - [mqtt_pub.py:419] 메시지 처리 실패
2025-03-18 09:26:08,455 - ERROR - [soc.py:262] ==> 특장차 ConnectionResetError
Traceback (most recent call last):
  File "soc.py", line 151, in handle
    data = conn.recv(recv_len).decode(encoding=recv_encoding)
ConnectionResetError: [Errno 104] Connection reset by peer
2025-03-18 09:26:08,456 - INFO - [soc.py:280] finish
2025-03-18 09:26:08,456 - INFO - [soc.py:285] 현재 특장차 Client 접속수 : 0
2025-03-18 09:31:46,047 - INFO - [mqtt_pub.py:490] 구성정보파일 읽기 /home/nmone/mk/python/kafka/pj_2(confluent)/pj(confluent)
2025-03-18 09:31:46,048 - INFO - [mqtt_pub.py:491] 구성정보파일 읽기 <configparser.ConfigParser object at 0x7215da6c0dc0>
2025-03-18 09:31:46,048 - INFO - [mqtt_pub.py:492] 구성정보파일 읽기 서버1:0.0.0.0, 5000, 서버2:0.0.0.0, 31910
2025-03-18 09:31:46,068 - INFO - [mqtt_pub.py:176] Mqtt Broker connected OK
2025-03-18 09:31:46,142 - INFO - [mqtt_pub.py:337] In on_subscribe: 1 (0,)
2025-03-18 09:31:48,327 - INFO - [soc.py:106] __init__ 호출 MyTCPHandler1
2025-03-18 09:31:48,327 - INFO - [soc.py:133] 특장차 setup 호출
2025-03-18 09:31:48,328 - INFO - [soc.py:147] 특장차 접속 :  172.30.1.80
2025-03-18 09:31:48,333 - INFO - [soc.py:215] %%%%%%%%%%%% Edge -> EdgeNode delay_time: -134.153ms, (2025-03-18 09:31:48.333575 - 2025-03-18 09:31:48.467728)
2025-03-18 09:31:48,334 - INFO - [soc.py:225] EDGE 수신 : rep vehicle location E N STSW000001 
2025-03-18 09:31:48,334 - INFO - [soc.py:48] ####카프카 rep - {'header': {'cmd': 'rep', 'actn': 'vehicle', 'dtlActn': 'location', 'strtpnt': 'N', 'dstn': 'H', 'userId': '', 'edgeId': 'STSW000001', 'edgeTy': 'CLS', 'timestamp': '2025-03-18 09:31:48.467728', 'command': '60310'}, 'data': {'heading': '287.559692', 'latitude': '36.610374', 'longitude': '127.288359', 'speed': '0.000000'}} 전송완료########### 
2025-03-18 09:31:51,386 - INFO - [soc.py:215] %%%%%%%%%%%% Edge -> EdgeNode delay_time: -90.849ms, (2025-03-18 09:31:51.385773 - 2025-03-18 09:31:51.476622)
2025-03-18 09:31:51,386 - INFO - [soc.py:225] EDGE 수신 : rep status info E N STSW000001 
2025-03-18 09:31:51,387 - INFO - [soc.py:48] ####카프카 rep - {'header': {'cmd': 'rep', 'actn': 'status', 'dtlActn': 'info', 'strtpnt': 'N', 'dstn': 'H', 'userId': '', 'edgeId': 'STSW000001', 'edgeTy': 'CLS', 'timestamp': '2025-03-18 09:31:51.476622', 'command': '60053'}, 'data': {'accel': '0.000000', 'batteryRemainingCapacity': '60', 'batteryTemperature': '0', 'batteryVoltage': '0', 'brake': '0.000000', 'brakeStatus': '60', 'brakeType': '0', 'drivingDistance': '0.01', 'emergencyLight': '1', 'loadCapacity': '20.0', 'mdpsAngle': '-250.000000', 'transmission': '3', 'turnSignal': '1', 'wheelSpeed': '0.000000', 'workRate': '20.0', 'yawRate': '0.000000'}} 전송완료########### 
2025-03-18 09:31:52,753 - INFO - [soc.py:215] %%%%%%%%%%%% Edge -> EdgeNode delay_time: -133.699ms, (2025-03-18 09:31:52.753064 - 2025-03-18 09:31:52.886763)
2025-03-18 09:31:52,753 - INFO - [soc.py:225] EDGE 수신 : rep cls ctrlinfo E N STSW000001 
2025-03-18 09:31:52,754 - INFO - [soc.py:48] ####카프카 rep - {'header': {'cmd': 'rep', 'actn': 'cls', 'dtlActn': 'ctrlinfo', 'strtpnt': 'N', 'dstn': 'H', 'userId': '', 'edgeId': 'STSW000001', 'edgeTy': 'CLS', 'timestamp': '2025-03-18 09:31:52.886763', 'command': '80000'}, 'data': {'blowerRun': 0, 'sideLeftBrushRun': 1, 'sideRightBrushRun': 0, 'frontBrushRun': 0, 'flapRun': 1, 'waterPumpRuns': 0}} 전송완료########### 
2025-03-18 09:31:52,763 - ERROR - [mqtt_pub.py:417] 메시지 처리 중 오류 발생: Object of type java.lang.String is not JSON serializable
2025-03-18 09:31:52,763 - ERROR - [mqtt_pub.py:439] 메시지 처리 실패
2025-03-18 09:31:54,156 - INFO - [soc.py:215] %%%%%%%%%%%% Edge -> EdgeNode delay_time: -133.507ms, (2025-03-18 09:31:54.155596 - 2025-03-18 09:31:54.289103)
2025-03-18 09:31:54,156 - INFO - [soc.py:225] EDGE 수신 : rep vehicle location E N STSW000001 
2025-03-18 09:31:54,157 - INFO - [soc.py:48] ####카프카 rep - {'header': {'cmd': 'rep', 'actn': 'vehicle', 'dtlActn': 'location', 'strtpnt': 'N', 'dstn': 'H', 'userId': '', 'edgeId': 'STSW000001', 'edgeTy': 'CLS', 'timestamp': '2025-03-18 09:31:54.289103', 'command': '60310'}, 'data': {'heading': '287.664490', 'latitude': '36.610373', 'longitude': '127.288367', 'speed': '0.000000'}} 전송완료########### 
2025-03-18 09:31:55,585 - INFO - [soc.py:215] %%%%%%%%%%%% Edge -> EdgeNode delay_time: -113.263ms, (2025-03-18 09:31:55.584549 - 2025-03-18 09:31:55.697812)
2025-03-18 09:31:55,585 - INFO - [soc.py:225] EDGE 수신 : rep status info E N STSW000001 
2025-03-18 09:31:55,586 - INFO - [soc.py:48] ####카프카 rep - {'header': {'cmd': 'rep', 'actn': 'status', 'dtlActn': 'info', 'strtpnt': 'N', 'dstn': 'H', 'userId': '', 'edgeId': 'STSW000001', 'edgeTy': 'CLS', 'timestamp': '2025-03-18 09:31:55.697812', 'command': '60053'}, 'data': {'accel': '0.000000', 'batteryRemainingCapacity': '60', 'batteryTemperature': '0', 'batteryVoltage': '0', 'brake': '0.000000', 'brakeStatus': '60', 'brakeType': '0', 'drivingDistance': '0.01', 'emergencyLight': '1', 'loadCapacity': '20.0', 'mdpsAngle': '-247.000000', 'transmission': '3', 'turnSignal': '1', 'wheelSpeed': '0.000000', 'workRate': '20.0', 'yawRate': '0.000000'}} 전송완료########### 
2025-03-18 09:31:56,977 - INFO - [soc.py:215] %%%%%%%%%%%% Edge -> EdgeNode delay_time: -132.68ms, (2025-03-18 09:31:56.977440 - 2025-03-18 09:31:57.110120)
2025-03-18 09:31:56,978 - INFO - [soc.py:225] EDGE 수신 : rep cls ctrlinfo E N STSW000001 
2025-03-18 09:31:56,978 - INFO - [soc.py:48] ####카프카 rep - {'header': {'cmd': 'rep', 'actn': 'cls', 'dtlActn': 'ctrlinfo', 'strtpnt': 'N', 'dstn': 'H', 'userId': '', 'edgeId': 'STSW000001', 'edgeTy': 'CLS', 'timestamp': '2025-03-18 09:31:57.110120', 'command': '80000'}, 'data': {'blowerRun': 0, 'sideLeftBrushRun': 1, 'sideRightBrushRun': 0, 'frontBrushRun': 0, 'flapRun': 0, 'waterPumpRuns': 2}} 전송완료########### 
2025-03-18 09:31:56,989 - ERROR - [mqtt_pub.py:417] 메시지 처리 중 오류 발생: Object of type java.lang.String is not JSON serializable
2025-03-18 09:31:56,989 - ERROR - [mqtt_pub.py:439] 메시지 처리 실패
2025-03-18 09:31:58,452 - INFO - [soc.py:215] %%%%%%%%%%%% Edge -> EdgeNode delay_time: -66.331ms, (2025-03-18 09:31:58.451552 - 2025-03-18 09:31:58.517883)
2025-03-18 09:31:58,452 - INFO - [soc.py:225] EDGE 수신 : rep vehicle location E N STSW000001 
2025-03-18 09:31:58,453 - INFO - [soc.py:48] ####카프카 rep - {'header': {'cmd': 'rep', 'actn': 'vehicle', 'dtlActn': 'location', 'strtpnt': 'N', 'dstn': 'H', 'userId': '', 'edgeId': 'STSW000001', 'edgeTy': 'CLS', 'timestamp': '2025-03-18 09:31:58.517883', 'command': '60310'}, 'data': {'heading': '287.474304', 'latitude': '36.610371', 'longitude': '127.288376', 'speed': '0.000000'}} 전송완료########### 
2025-03-18 09:31:58,963 - ERROR - [soc.py:262] ==> 특장차 ConnectionResetError
Traceback (most recent call last):
  File "soc.py", line 151, in handle
    data = conn.recv(recv_len).decode(encoding=recv_encoding)
ConnectionResetError: [Errno 104] Connection reset by peer
2025-03-18 09:31:58,964 - INFO - [soc.py:280] finish
2025-03-18 09:31:58,964 - INFO - [soc.py:285] 현재 특장차 Client 접속수 : 0
2025-03-18 09:32:25,838 - INFO - [mqtt_pub.py:490] 구성정보파일 읽기 /home/nmone/mk/python/kafka/pj_2(confluent)/pj(confluent)
2025-03-18 09:32:25,838 - INFO - [mqtt_pub.py:491] 구성정보파일 읽기 <configparser.ConfigParser object at 0x78b6c6580dc0>
2025-03-18 09:32:25,838 - INFO - [mqtt_pub.py:492] 구성정보파일 읽기 서버1:0.0.0.0, 5000, 서버2:0.0.0.0, 31910
2025-03-18 09:32:25,861 - INFO - [mqtt_pub.py:176] Mqtt Broker connected OK
2025-03-18 09:32:25,930 - INFO - [mqtt_pub.py:337] In on_subscribe: 1 (0,)
2025-03-18 09:32:27,220 - INFO - [soc.py:106] __init__ 호출 MyTCPHandler1
2025-03-18 09:32:27,220 - INFO - [soc.py:133] 특장차 setup 호출
2025-03-18 09:32:27,221 - INFO - [soc.py:147] 특장차 접속 :  172.30.1.80
2025-03-18 09:32:27,226 - INFO - [soc.py:215] %%%%%%%%%%%% Edge -> EdgeNode delay_time: -133.999ms, (2025-03-18 09:32:27.226028 - 2025-03-18 09:32:27.360027)
2025-03-18 09:32:27,226 - INFO - [soc.py:225] EDGE 수신 : rep vehicle location E N STSW000001 
2025-03-18 09:32:27,227 - INFO - [soc.py:48] ####카프카 rep - {'header': {'cmd': 'rep', 'actn': 'vehicle', 'dtlActn': 'location', 'strtpnt': 'N', 'dstn': 'H', 'userId': '', 'edgeId': 'STSW000001', 'edgeTy': 'CLS', 'timestamp': '2025-03-18 09:32:27.360027', 'command': '60310'}, 'data': {'heading': '287.559692', 'latitude': '36.610374', 'longitude': '127.288359', 'speed': '0.000000'}} 전송완료########### 
2025-03-18 09:32:30,234 - INFO - [soc.py:215] %%%%%%%%%%%% Edge -> EdgeNode delay_time: -131.661ms, (2025-03-18 09:32:30.234427 - 2025-03-18 09:32:30.366088)
2025-03-18 09:32:30,235 - INFO - [soc.py:225] EDGE 수신 : rep status info E N STSW000001 
2025-03-18 09:32:30,235 - INFO - [soc.py:48] ####카프카 rep - {'header': {'cmd': 'rep', 'actn': 'status', 'dtlActn': 'info', 'strtpnt': 'N', 'dstn': 'H', 'userId': '', 'edgeId': 'STSW000001', 'edgeTy': 'CLS', 'timestamp': '2025-03-18 09:32:30.366088', 'command': '60053'}, 'data': {'accel': '0.000000', 'batteryRemainingCapacity': '60', 'batteryTemperature': '0', 'batteryVoltage': '0', 'brake': '0.000000', 'brakeStatus': '60', 'brakeType': '0', 'drivingDistance': '0.01', 'emergencyLight': '1', 'loadCapacity': '20.0', 'mdpsAngle': '-250.000000', 'transmission': '3', 'turnSignal': '1', 'wheelSpeed': '0.000000', 'workRate': '20.0', 'yawRate': '0.000000'}} 전송완료########### 
2025-03-18 09:32:31,048 - INFO - [soc.py:215] %%%%%%%%%%%% Edge -> EdgeNode delay_time: -133.905ms, (2025-03-18 09:32:31.048420 - 2025-03-18 09:32:31.182325)
2025-03-18 09:32:31,049 - INFO - [soc.py:225] EDGE 수신 : rep cls ctrlinfo E N STSW000001 
2025-03-18 09:32:31,049 - INFO - [soc.py:48] ####카프카 rep - {'header': {'cmd': 'rep', 'actn': 'cls', 'dtlActn': 'ctrlinfo', 'strtpnt': 'N', 'dstn': 'H', 'userId': '', 'edgeId': 'STSW000001', 'edgeTy': 'CLS', 'timestamp': '2025-03-18 09:32:31.182325', 'command': '80000'}, 'data': {'blowerRun': 0, 'sideLeftBrushRun': 1, 'sideRightBrushRun': 0, 'frontBrushRun': 0, 'flapRun': 1, 'waterPumpRuns': 0}} 전송완료########### 
2025-03-18 09:32:31,939 - INFO - [soc.py:215] %%%%%%%%%%%% Edge -> EdgeNode delay_time: -57.458ms, (2025-03-18 09:32:31.938887 - 2025-03-18 09:32:31.996345)
2025-03-18 09:32:31,939 - INFO - [soc.py:225] EDGE 수신 : rep vehicle location E N STSW000001 
2025-03-18 09:32:31,940 - INFO - [soc.py:48] ####카프카 rep - {'header': {'cmd': 'rep', 'actn': 'vehicle', 'dtlActn': 'location', 'strtpnt': 'N', 'dstn': 'H', 'userId': '', 'edgeId': 'STSW000001', 'edgeTy': 'CLS', 'timestamp': '2025-03-18 09:32:31.996345', 'command': '60310'}, 'data': {'heading': '287.664490', 'latitude': '36.610373', 'longitude': '127.288367', 'speed': '0.000000'}} 전송완료########### 
2025-03-18 09:32:32,695 - INFO - [soc.py:215] %%%%%%%%%%%% Edge -> EdgeNode delay_time: -111.674ms, (2025-03-18 09:32:32.695451 - 2025-03-18 09:32:32.807125)
2025-03-18 09:32:32,696 - INFO - [soc.py:225] EDGE 수신 : rep status info E N STSW000001 
2025-03-18 09:32:32,697 - INFO - [soc.py:48] ####카프카 rep - {'header': {'cmd': 'rep', 'actn': 'status', 'dtlActn': 'info', 'strtpnt': 'N', 'dstn': 'H', 'userId': '', 'edgeId': 'STSW000001', 'edgeTy': 'CLS', 'timestamp': '2025-03-18 09:32:32.807125', 'command': '60053'}, 'data': {'accel': '0.000000', 'batteryRemainingCapacity': '60', 'batteryTemperature': '0', 'batteryVoltage': '0', 'brake': '0.000000', 'brakeStatus': '60', 'brakeType': '0', 'drivingDistance': '0.01', 'emergencyLight': '1', 'loadCapacity': '20.0', 'mdpsAngle': '-247.000000', 'transmission': '3', 'turnSignal': '1', 'wheelSpeed': '0.000000', 'workRate': '20.0', 'yawRate': '0.000000'}} 전송완료########### 
2025-03-18 09:32:33,575 - INFO - [soc.py:215] %%%%%%%%%%%% Edge -> EdgeNode delay_time: -45.246ms, (2025-03-18 09:32:33.574753 - 2025-03-18 09:32:33.619999)
2025-03-18 09:32:33,575 - INFO - [soc.py:225] EDGE 수신 : rep cls ctrlinfo E N STSW000001 
2025-03-18 09:32:33,576 - INFO - [soc.py:48] ####카프카 rep - {'header': {'cmd': 'rep', 'actn': 'cls', 'dtlActn': 'ctrlinfo', 'strtpnt': 'N', 'dstn': 'H', 'userId': '', 'edgeId': 'STSW000001', 'edgeTy': 'CLS', 'timestamp': '2025-03-18 09:32:33.619999', 'command': '80000'}, 'data': {'blowerRun': 0, 'sideLeftBrushRun': 1, 'sideRightBrushRun': 0, 'frontBrushRun': 0, 'flapRun': 0, 'waterPumpRuns': 2}} 전송완료########### 
2025-03-18 09:32:34,299 - INFO - [soc.py:215] %%%%%%%%%%%% Edge -> EdgeNode delay_time: -132.792ms, (2025-03-18 09:32:34.298800 - 2025-03-18 09:32:34.431592)
2025-03-18 09:32:34,299 - INFO - [soc.py:225] EDGE 수신 : rep vehicle location E N STSW000001 
2025-03-18 09:32:34,299 - INFO - [soc.py:48] ####카프카 rep - {'header': {'cmd': 'rep', 'actn': 'vehicle', 'dtlActn': 'location', 'strtpnt': 'N', 'dstn': 'H', 'userId': '', 'edgeId': 'STSW000001', 'edgeTy': 'CLS', 'timestamp': '2025-03-18 09:32:34.431592', 'command': '60310'}, 'data': {'heading': '287.474304', 'latitude': '36.610371', 'longitude': '127.288376', 'speed': '0.000000'}} 전송완료########### 
2025-03-18 09:32:35,111 - INFO - [soc.py:215] %%%%%%%%%%%% Edge -> EdgeNode delay_time: -132.939ms, (2025-03-18 09:32:35.110470 - 2025-03-18 09:32:35.243409)
2025-03-18 09:32:35,111 - INFO - [soc.py:225] EDGE 수신 : rep status info E N STSW000001 
2025-03-18 09:32:35,112 - INFO - [soc.py:48] ####카프카 rep - {'header': {'cmd': 'rep', 'actn': 'status', 'dtlActn': 'info', 'strtpnt': 'N', 'dstn': 'H', 'userId': '', 'edgeId': 'STSW000001', 'edgeTy': 'CLS', 'timestamp': '2025-03-18 09:32:35.243409', 'command': '60053'}, 'data': {'accel': '0.000000', 'batteryRemainingCapacity': '60', 'batteryTemperature': '0', 'batteryVoltage': '0', 'brake': '0.000000', 'brakeStatus': '60', 'brakeType': '0', 'drivingDistance': '0.01', 'emergencyLight': '1', 'loadCapacity': '20.0', 'mdpsAngle': '-238.000000', 'transmission': '3', 'turnSignal': '1', 'wheelSpeed': '0.000000', 'workRate': '20.0', 'yawRate': '0.000000'}} 전송완료########### 
2025-03-18 09:32:35,930 - INFO - [soc.py:215] %%%%%%%%%%%% Edge -> EdgeNode delay_time: -126.118ms, (2025-03-18 09:32:35.929539 - 2025-03-18 09:32:36.055657)
2025-03-18 09:32:35,930 - INFO - [soc.py:225] EDGE 수신 : rep cls ctrlinfo E N STSW000001 
2025-03-18 09:32:35,931 - INFO - [soc.py:48] ####카프카 rep - {'header': {'cmd': 'rep', 'actn': 'cls', 'dtlActn': 'ctrlinfo', 'strtpnt': 'N', 'dstn': 'H', 'userId': '', 'edgeId': 'STSW000001', 'edgeTy': 'CLS', 'timestamp': '2025-03-18 09:32:36.055657', 'command': '80000'}, 'data': {'blowerRun': 1, 'sideLeftBrushRun': 1, 'sideRightBrushRun': 0, 'frontBrushRun': 0, 'flapRun': 1, 'waterPumpRuns': 0}} 전송완료########### 
2025-03-18 09:32:36,940 - INFO - [soc.py:215] %%%%%%%%%%%% Edge -> EdgeNode delay_time: 75.116ms, (2025-03-18 09:32:36.939664 - 2025-03-18 09:32:36.864548)
2025-03-18 09:32:36,940 - INFO - [soc.py:225] EDGE 수신 : rep vehicle location E N STSW000001 
2025-03-18 09:32:36,941 - INFO - [soc.py:48] ####카프카 rep - {'header': {'cmd': 'rep', 'actn': 'vehicle', 'dtlActn': 'location', 'strtpnt': 'N', 'dstn': 'H', 'userId': '', 'edgeId': 'STSW000001', 'edgeTy': 'CLS', 'timestamp': '2025-03-18 09:32:36.864548', 'command': '60310'}, 'data': {'heading': '287.175293', 'latitude': '36.610369', 'longitude': '127.288384', 'speed': '0.000000'}} 전송완료########### 
2025-03-18 09:32:37,573 - INFO - [soc.py:215] %%%%%%%%%%%% Edge -> EdgeNode delay_time: -100.179ms, (2025-03-18 09:32:37.573555 - 2025-03-18 09:32:37.673734)
2025-03-18 09:32:37,574 - INFO - [soc.py:225] EDGE 수신 : rep status info E N STSW000001 
2025-03-18 09:32:37,574 - INFO - [soc.py:48] ####카프카 rep - {'header': {'cmd': 'rep', 'actn': 'status', 'dtlActn': 'info', 'strtpnt': 'N', 'dstn': 'H', 'userId': '', 'edgeId': 'STSW000001', 'edgeTy': 'CLS', 'timestamp': '2025-03-18 09:32:37.673734', 'command': '60053'}, 'data': {'accel': '0.000000', 'batteryRemainingCapacity': '60', 'batteryTemperature': '0', 'batteryVoltage': '0', 'brake': '0.000000', 'brakeStatus': '60', 'brakeType': '0', 'drivingDistance': '0.01', 'emergencyLight': '1', 'loadCapacity': '20.0', 'mdpsAngle': '-215.000000', 'transmission': '3', 'turnSignal': '1', 'wheelSpeed': '0.000000', 'workRate': '20.0', 'yawRate': '0.000000'}} 전송완료########### 
2025-03-18 09:32:38,388 - INFO - [soc.py:215] %%%%%%%%%%%% Edge -> EdgeNode delay_time: -99.001ms, (2025-03-18 09:32:38.387673 - 2025-03-18 09:32:38.486674)
2025-03-18 09:32:38,388 - INFO - [soc.py:225] EDGE 수신 : rep cls ctrlinfo E N STSW000001 
2025-03-18 09:32:38,389 - INFO - [soc.py:48] ####카프카 rep - {'header': {'cmd': 'rep', 'actn': 'cls', 'dtlActn': 'ctrlinfo', 'strtpnt': 'N', 'dstn': 'H', 'userId': '', 'edgeId': 'STSW000001', 'edgeTy': 'CLS', 'timestamp': '2025-03-18 09:32:38.486674', 'command': '80000'}, 'data': {'blowerRun': 0, 'sideLeftBrushRun': 2, 'sideRightBrushRun': 0, 'frontBrushRun': 1, 'flapRun': 1, 'waterPumpRuns': 1}} 전송완료########### 
2025-03-18 09:32:39,166 - INFO - [soc.py:215] %%%%%%%%%%%% Edge -> EdgeNode delay_time: -133.133ms, (2025-03-18 09:32:39.165789 - 2025-03-18 09:32:39.298922)
2025-03-18 09:32:39,166 - INFO - [soc.py:225] EDGE 수신 : rep vehicle location E N STSW000001 
2025-03-18 09:32:39,167 - INFO - [soc.py:48] ####카프카 rep - {'header': {'cmd': 'rep', 'actn': 'vehicle', 'dtlActn': 'location', 'strtpnt': 'N', 'dstn': 'H', 'userId': '', 'edgeId': 'STSW000001', 'edgeTy': 'CLS', 'timestamp': '2025-03-18 09:32:39.298922', 'command': '60310'}, 'data': {'heading': '286.878815', 'latitude': '36.610368', 'longitude': '127.288393', 'speed': '0.000000'}} 전송완료########### 
2025-03-18 09:32:40,020 - INFO - [soc.py:215] %%%%%%%%%%%% Edge -> EdgeNode delay_time: -82.928ms, (2025-03-18 09:32:40.019853 - 2025-03-18 09:32:40.102781)
2025-03-18 09:32:40,020 - INFO - [soc.py:225] EDGE 수신 : rep status info E N STSW000001 
2025-03-18 09:32:40,021 - INFO - [soc.py:48] ####카프카 rep - {'header': {'cmd': 'rep', 'actn': 'status', 'dtlActn': 'info', 'strtpnt': 'N', 'dstn': 'H', 'userId': '', 'edgeId': 'STSW000001', 'edgeTy': 'CLS', 'timestamp': '2025-03-18 09:32:40.102781', 'command': '60053'}, 'data': {'accel': '0.000000', 'batteryRemainingCapacity': '60', 'batteryTemperature': '0', 'batteryVoltage': '0', 'brake': '0.000000', 'brakeStatus': '60', 'brakeType': '0', 'drivingDistance': '0.01', 'emergencyLight': '1', 'loadCapacity': '20.0', 'mdpsAngle': '-180.000000', 'transmission': '3', 'turnSignal': '1', 'wheelSpeed': '0.000000', 'workRate': '20.0', 'yawRate': '0.000000'}} 전송완료########### 
2025-03-18 09:32:40,785 - INFO - [soc.py:215] %%%%%%%%%%%% Edge -> EdgeNode delay_time: -131.531ms, (2025-03-18 09:32:40.784848 - 2025-03-18 09:32:40.916379)
2025-03-18 09:32:40,785 - INFO - [soc.py:225] EDGE 수신 : rep cls ctrlinfo E N STSW000001 
2025-03-18 09:32:40,786 - INFO - [soc.py:48] ####카프카 rep - {'header': {'cmd': 'rep', 'actn': 'cls', 'dtlActn': 'ctrlinfo', 'strtpnt': 'N', 'dstn': 'H', 'userId': '', 'edgeId': 'STSW000001', 'edgeTy': 'CLS', 'timestamp': '2025-03-18 09:32:40.916379', 'command': '80000'}, 'data': {'blowerRun': 2, 'sideLeftBrushRun': 1, 'sideRightBrushRun': 1, 'frontBrushRun': 0, 'flapRun': 1, 'waterPumpRuns': 0}} 전송완료########### 
2025-03-18 09:32:41,870 - INFO - [soc.py:215] %%%%%%%%%%%% Edge -> EdgeNode delay_time: 137.163ms, (2025-03-18 09:32:41.869649 - 2025-03-18 09:32:41.732486)
2025-03-18 09:32:41,870 - INFO - [soc.py:225] EDGE 수신 : rep vehicle location E N STSW000001 
2025-03-18 09:32:41,871 - INFO - [soc.py:48] ####카프카 rep - {'header': {'cmd': 'rep', 'actn': 'vehicle', 'dtlActn': 'location', 'strtpnt': 'N', 'dstn': 'H', 'userId': '', 'edgeId': 'STSW000001', 'edgeTy': 'CLS', 'timestamp': '2025-03-18 09:32:41.732486', 'command': '60310'}, 'data': {'heading': '286.150085', 'latitude': '36.610366', 'longitude': '127.288401', 'speed': '0.000000'}} 전송완료########### 
2025-03-18 09:32:42,483 - INFO - [soc.py:215] %%%%%%%%%%%% Edge -> EdgeNode delay_time: -62.293ms, (2025-03-18 09:32:42.483124 - 2025-03-18 09:32:42.545417)
2025-03-18 09:32:42,484 - INFO - [soc.py:225] EDGE 수신 : rep status info E N STSW000001 
2025-03-18 09:32:42,484 - INFO - [soc.py:48] ####카프카 rep - {'header': {'cmd': 'rep', 'actn': 'status', 'dtlActn': 'info', 'strtpnt': 'N', 'dstn': 'H', 'userId': '', 'edgeId': 'STSW000001', 'edgeTy': 'CLS', 'timestamp': '2025-03-18 09:32:42.545417', 'command': '60053'}, 'data': {'accel': '0.000000', 'batteryRemainingCapacity': '60', 'batteryTemperature': '0', 'batteryVoltage': '0', 'brake': '0.000000', 'brakeStatus': '60', 'brakeType': '0', 'drivingDistance': '0.01', 'emergencyLight': '1', 'loadCapacity': '20.0', 'mdpsAngle': '-127.000000', 'transmission': '3', 'turnSignal': '1', 'wheelSpeed': '0.000000', 'workRate': '20.0', 'yawRate': '0.000000'}} 전송완료########### 
2025-03-18 09:32:43,221 - INFO - [soc.py:215] %%%%%%%%%%%% Edge -> EdgeNode delay_time: -132.765ms, (2025-03-18 09:32:43.221312 - 2025-03-18 09:32:43.354077)
2025-03-18 09:32:43,222 - INFO - [soc.py:225] EDGE 수신 : rep cls ctrlinfo E N STSW000001 
2025-03-18 09:32:43,222 - INFO - [soc.py:48] ####카프카 rep - {'header': {'cmd': 'rep', 'actn': 'cls', 'dtlActn': 'ctrlinfo', 'strtpnt': 'N', 'dstn': 'H', 'userId': '', 'edgeId': 'STSW000001', 'edgeTy': 'CLS', 'timestamp': '2025-03-18 09:32:43.354077', 'command': '80000'}, 'data': {'blowerRun': 1, 'sideLeftBrushRun': 1, 'sideRightBrushRun': 2, 'frontBrushRun': 0, 'flapRun': 0, 'waterPumpRuns': 1}} 전송완료########### 
2025-03-18 09:32:44,033 - INFO - [soc.py:215] %%%%%%%%%%%% Edge -> EdgeNode delay_time: -133.282ms, (2025-03-18 09:32:44.033167 - 2025-03-18 09:32:44.166449)
2025-03-18 09:32:44,033 - INFO - [soc.py:225] EDGE 수신 : rep vehicle location E N STSW000001 
2025-03-18 09:32:44,034 - INFO - [soc.py:48] ####카프카 rep - {'header': {'cmd': 'rep', 'actn': 'vehicle', 'dtlActn': 'location', 'strtpnt': 'N', 'dstn': 'H', 'userId': '', 'edgeId': 'STSW000001', 'edgeTy': 'CLS', 'timestamp': '2025-03-18 09:32:44.166449', 'command': '60310'}, 'data': {'heading': '284.921112', 'latitude': '36.610365', 'longitude': '127.288408', 'speed': '2.000000'}} 전송완료########### 
2025-03-18 09:32:44,946 - INFO - [soc.py:215] %%%%%%%%%%%% Edge -> EdgeNode delay_time: -24.417ms, (2025-03-18 09:32:44.945849 - 2025-03-18 09:32:44.970266)
2025-03-18 09:32:44,946 - INFO - [soc.py:225] EDGE 수신 : rep status info E N STSW000001 
2025-03-18 09:32:44,947 - INFO - [soc.py:48] ####카프카 rep - {'header': {'cmd': 'rep', 'actn': 'status', 'dtlActn': 'info', 'strtpnt': 'N', 'dstn': 'H', 'userId': '', 'edgeId': 'STSW000001', 'edgeTy': 'CLS', 'timestamp': '2025-03-18 09:32:44.970266', 'command': '60053'}, 'data': {'accel': '100.000000', 'batteryRemainingCapacity': '60', 'batteryTemperature': '0', 'batteryVoltage': '0', 'brake': '0.000000', 'brakeStatus': '60', 'brakeType': '0', 'drivingDistance': '0.01', 'emergencyLight': '1', 'loadCapacity': '20.0', 'mdpsAngle': '-104.000000', 'transmission': '3', 'turnSignal': '1', 'wheelSpeed': '0.555556', 'workRate': '20.0', 'yawRate': '0.000000'}} 전송완료########### 
2025-03-18 09:32:45,658 - INFO - [soc.py:215] %%%%%%%%%%%% Edge -> EdgeNode delay_time: -122.767ms, (2025-03-18 09:32:45.658211 - 2025-03-18 09:32:45.780978)
2025-03-18 09:32:45,659 - INFO - [soc.py:225] EDGE 수신 : rep cls ctrlinfo E N STSW000001 
2025-03-18 09:32:45,659 - INFO - [soc.py:48] ####카프카 rep - {'header': {'cmd': 'rep', 'actn': 'cls', 'dtlActn': 'ctrlinfo', 'strtpnt': 'N', 'dstn': 'H', 'userId': '', 'edgeId': 'STSW000001', 'edgeTy': 'CLS', 'timestamp': '2025-03-18 09:32:45.780978', 'command': '80000'}, 'data': {'blowerRun': 1, 'sideLeftBrushRun': 1, 'sideRightBrushRun': 1, 'frontBrushRun': 0, 'flapRun': 0, 'waterPumpRuns': 1}} 전송완료########### 
2025-03-18 09:32:46,457 - INFO - [soc.py:215] %%%%%%%%%%%% Edge -> EdgeNode delay_time: -133.47ms, (2025-03-18 09:32:46.456960 - 2025-03-18 09:32:46.590430)
2025-03-18 09:32:46,458 - INFO - [soc.py:225] EDGE 수신 : rep vehicle location E N STSW000001 
2025-03-18 09:32:46,458 - INFO - [soc.py:48] ####카프카 rep - {'header': {'cmd': 'rep', 'actn': 'vehicle', 'dtlActn': 'location', 'strtpnt': 'N', 'dstn': 'H', 'userId': '', 'edgeId': 'STSW000001', 'edgeTy': 'CLS', 'timestamp': '2025-03-18 09:32:46.590430', 'command': '60310'}, 'data': {'heading': '283.698486', 'latitude': '36.610365', 'longitude': '127.288415', 'speed': '3.000000'}} 전송완료########### 
2025-03-18 09:32:47,296 - INFO - [soc.py:215] %%%%%%%%%%%% Edge -> EdgeNode delay_time: -105.425ms, (2025-03-18 09:32:47.295887 - 2025-03-18 09:32:47.401312)
2025-03-18 09:32:47,296 - INFO - [soc.py:225] EDGE 수신 : rep status info E N STSW000001 
2025-03-18 09:32:47,297 - INFO - [soc.py:48] ####카프카 rep - {'header': {'cmd': 'rep', 'actn': 'status', 'dtlActn': 'info', 'strtpnt': 'N', 'dstn': 'H', 'userId': '', 'edgeId': 'STSW000001', 'edgeTy': 'CLS', 'timestamp': '2025-03-18 09:32:47.401312', 'command': '60053'}, 'data': {'accel': '100.000000', 'batteryRemainingCapacity': '60', 'batteryTemperature': '0', 'batteryVoltage': '0', 'brake': '0.000000', 'brakeStatus': '60', 'brakeType': '0', 'drivingDistance': '0.01', 'emergencyLight': '1', 'loadCapacity': '20.0', 'mdpsAngle': '-73.000000', 'transmission': '3', 'turnSignal': '1', 'wheelSpeed': '0.833333', 'workRate': '20.0', 'yawRate': '0.000000'}} 전송완료########### 
2025-03-18 09:32:48,079 - INFO - [soc.py:215] %%%%%%%%%%%% Edge -> EdgeNode delay_time: -132.179ms, (2025-03-18 09:32:48.078675 - 2025-03-18 09:32:48.210854)
2025-03-18 09:32:48,079 - INFO - [soc.py:225] EDGE 수신 : rep cls ctrlinfo E N STSW000001 
2025-03-18 09:32:48,080 - INFO - [soc.py:48] ####카프카 rep - {'header': {'cmd': 'rep', 'actn': 'cls', 'dtlActn': 'ctrlinfo', 'strtpnt': 'N', 'dstn': 'H', 'userId': '', 'edgeId': 'STSW000001', 'edgeTy': 'CLS', 'timestamp': '2025-03-18 09:32:48.210854', 'command': '80000'}, 'data': {'blowerRun': 0, 'sideLeftBrushRun': 1, 'sideRightBrushRun': 1, 'frontBrushRun': 0, 'flapRun': 1, 'waterPumpRuns': 0}} 전송완료########### 
2025-03-18 09:32:48,940 - INFO - [soc.py:215] %%%%%%%%%%%% Edge -> EdgeNode delay_time: -84.592ms, (2025-03-18 09:32:48.939961 - 2025-03-18 09:32:49.024553)
2025-03-18 09:32:48,940 - INFO - [soc.py:225] EDGE 수신 : rep vehicle location E N STSW000001 
2025-03-18 09:32:48,941 - INFO - [soc.py:48] ####카프카 rep - {'header': {'cmd': 'rep', 'actn': 'vehicle', 'dtlActn': 'location', 'strtpnt': 'N', 'dstn': 'H', 'userId': '', 'edgeId': 'STSW000001', 'edgeTy': 'CLS', 'timestamp': '2025-03-18 09:32:49.024553', 'command': '60310'}, 'data': {'heading': '282.271515', 'latitude': '36.610364', 'longitude': '127.288421', 'speed': '4.000000'}} 전송완료########### 
2025-03-18 09:32:49,857 - INFO - [soc.py:215] %%%%%%%%%%%% Edge -> EdgeNode delay_time: 20.412ms, (2025-03-18 09:32:49.856894 - 2025-03-18 09:32:49.836482)
2025-03-18 09:32:49,857 - INFO - [soc.py:225] EDGE 수신 : rep status info E N STSW000001 
2025-03-18 09:32:49,858 - INFO - [soc.py:48] ####카프카 rep - {'header': {'cmd': 'rep', 'actn': 'status', 'dtlActn': 'info', 'strtpnt': 'N', 'dstn': 'H', 'userId': '', 'edgeId': 'STSW000001', 'edgeTy': 'CLS', 'timestamp': '2025-03-18 09:32:49.836482', 'command': '60053'}, 'data': {'accel': '100.000000', 'batteryRemainingCapacity': '59', 'batteryTemperature': '0', 'batteryVoltage': '0', 'brake': '0.000000', 'brakeStatus': '59', 'brakeType': '0', 'drivingDistance': '0.01', 'emergencyLight': '1', 'loadCapacity': '20.0', 'mdpsAngle': '-55.000000', 'transmission': '3', 'turnSignal': '1', 'wheelSpeed': '1.111111', 'workRate': '20.0', 'yawRate': '0.000000'}} 전송완료########### 
2025-03-18 09:32:50,573 - INFO - [soc.py:215] %%%%%%%%%%%% Edge -> EdgeNode delay_time: -76.793ms, (2025-03-18 09:32:50.572790 - 2025-03-18 09:32:50.649583)
2025-03-18 09:32:50,573 - INFO - [soc.py:225] EDGE 수신 : rep cls ctrlinfo E N STSW000001 
2025-03-18 09:32:50,574 - INFO - [soc.py:48] ####카프카 rep - {'header': {'cmd': 'rep', 'actn': 'cls', 'dtlActn': 'ctrlinfo', 'strtpnt': 'N', 'dstn': 'H', 'userId': '', 'edgeId': 'STSW000001', 'edgeTy': 'CLS', 'timestamp': '2025-03-18 09:32:50.649583', 'command': '80000'}, 'data': {'blowerRun': 0, 'sideLeftBrushRun': 2, 'sideRightBrushRun': 0, 'frontBrushRun': 0, 'flapRun': 1, 'waterPumpRuns': 0}} 전송완료########### 
2025-03-18 09:32:51,398 - INFO - [soc.py:215] %%%%%%%%%%%% Edge -> EdgeNode delay_time: -63.32ms, (2025-03-18 09:32:51.397679 - 2025-03-18 09:32:51.460999)
2025-03-18 09:32:51,398 - INFO - [soc.py:225] EDGE 수신 : rep vehicle location E N STSW000001 
2025-03-18 09:32:51,398 - INFO - [soc.py:48] ####카프카 rep - {'header': {'cmd': 'rep', 'actn': 'vehicle', 'dtlActn': 'location', 'strtpnt': 'N', 'dstn': 'H', 'userId': '', 'edgeId': 'STSW000001', 'edgeTy': 'CLS', 'timestamp': '2025-03-18 09:32:51.460999', 'command': '60310'}, 'data': {'heading': '281.140198', 'latitude': '36.610364', 'longitude': '127.288427', 'speed': '5.000000'}} 전송완료########### 
2025-03-18 09:32:52,140 - INFO - [soc.py:215] %%%%%%%%%%%% Edge -> EdgeNode delay_time: -133.253ms, (2025-03-18 09:32:52.140494 - 2025-03-18 09:32:52.273747)
2025-03-18 09:32:52,141 - INFO - [soc.py:225] EDGE 수신 : rep status info E N STSW000001 
2025-03-18 09:32:52,141 - INFO - [soc.py:48] ####카프카 rep - {'header': {'cmd': 'rep', 'actn': 'status', 'dtlActn': 'info', 'strtpnt': 'N', 'dstn': 'H', 'userId': '', 'edgeId': 'STSW000001', 'edgeTy': 'CLS', 'timestamp': '2025-03-18 09:32:52.273747', 'command': '60053'}, 'data': {'accel': '100.000000', 'batteryRemainingCapacity': '60', 'batteryTemperature': '0', 'batteryVoltage': '0', 'brake': '0.000000', 'brakeStatus': '60', 'brakeType': '0', 'drivingDistance': '0.01', 'emergencyLight': '1', 'loadCapacity': '20.0', 'mdpsAngle': '-41.000000', 'transmission': '3', 'turnSignal': '1', 'wheelSpeed': '1.388889', 'workRate': '20.0', 'yawRate': '0.000000'}} 전송완료########### 
2025-03-18 09:32:52,957 - INFO - [soc.py:215] %%%%%%%%%%%% Edge -> EdgeNode delay_time: -133.655ms, (2025-03-18 09:32:52.956591 - 2025-03-18 09:32:53.090246)
2025-03-18 09:32:52,957 - INFO - [soc.py:225] EDGE 수신 : rep cls ctrlinfo E N STSW000001 
2025-03-18 09:32:52,958 - INFO - [soc.py:48] ####카프카 rep - {'header': {'cmd': 'rep', 'actn': 'cls', 'dtlActn': 'ctrlinfo', 'strtpnt': 'N', 'dstn': 'H', 'userId': '', 'edgeId': 'STSW000001', 'edgeTy': 'CLS', 'timestamp': '2025-03-18 09:32:53.090246', 'command': '80000'}, 'data': {'blowerRun': 0, 'sideLeftBrushRun': 1, 'sideRightBrushRun': 0, 'frontBrushRun': 2, 'flapRun': 1, 'waterPumpRuns': 1}} 전송완료########### 
2025-03-18 09:32:53,768 - INFO - [soc.py:215] %%%%%%%%%%%% Edge -> EdgeNode delay_time: -132.125ms, (2025-03-18 09:32:53.767857 - 2025-03-18 09:32:53.899982)
2025-03-18 09:32:53,768 - INFO - [soc.py:225] EDGE 수신 : rep vehicle location E N STSW000001 
2025-03-18 09:32:53,769 - INFO - [soc.py:48] ####카프카 rep - {'header': {'cmd': 'rep', 'actn': 'vehicle', 'dtlActn': 'location', 'strtpnt': 'N', 'dstn': 'H', 'userId': '', 'edgeId': 'STSW000001', 'edgeTy': 'CLS', 'timestamp': '2025-03-18 09:32:53.899982', 'command': '60310'}, 'data': {'heading': '279.753387', 'latitude': '36.610364', 'longitude': '127.288432', 'speed': '6.000000'}} 전송완료########### 
2025-03-18 09:32:54,772 - INFO - [soc.py:215] %%%%%%%%%%%% Edge -> EdgeNode delay_time: 58.44ms, (2025-03-18 09:32:54.771632 - 2025-03-18 09:32:54.713192)
2025-03-18 09:32:54,772 - INFO - [soc.py:225] EDGE 수신 : rep status info E N STSW000001 
2025-03-18 09:32:54,773 - INFO - [soc.py:48] ####카프카 rep - {'header': {'cmd': 'rep', 'actn': 'status', 'dtlActn': 'info', 'strtpnt': 'N', 'dstn': 'H', 'userId': '', 'edgeId': 'STSW000001', 'edgeTy': 'CLS', 'timestamp': '2025-03-18 09:32:54.713192', 'command': '60053'}, 'data': {'accel': '100.000000', 'batteryRemainingCapacity': '60', 'batteryTemperature': '0', 'batteryVoltage': '0', 'brake': '0.000000', 'brakeStatus': '60', 'brakeType': '0', 'drivingDistance': '0.01', 'emergencyLight': '1', 'loadCapacity': '20.0', 'mdpsAngle': '-33.000000', 'transmission': '3', 'turnSignal': '1', 'wheelSpeed': '1.666667', 'workRate': '20.0', 'yawRate': '0.000000'}} 전송완료########### 
2025-03-18 09:32:55,489 - INFO - [soc.py:215] %%%%%%%%%%%% Edge -> EdgeNode delay_time: -34.596ms, (2025-03-18 09:32:55.488759 - 2025-03-18 09:32:55.523355)
2025-03-18 09:32:55,489 - INFO - [soc.py:225] EDGE 수신 : rep cls ctrlinfo E N STSW000001 
2025-03-18 09:32:55,490 - INFO - [soc.py:48] ####카프카 rep - {'header': {'cmd': 'rep', 'actn': 'cls', 'dtlActn': 'ctrlinfo', 'strtpnt': 'N', 'dstn': 'H', 'userId': '', 'edgeId': 'STSW000001', 'edgeTy': 'CLS', 'timestamp': '2025-03-18 09:32:55.523355', 'command': '80000'}, 'data': {'blowerRun': 1, 'sideLeftBrushRun': 1, 'sideRightBrushRun': 2, 'frontBrushRun': 1, 'flapRun': 2, 'waterPumpRuns': 1}} 전송완료########### 
2025-03-18 09:32:56,204 - INFO - [soc.py:215] %%%%%%%%%%%% Edge -> EdgeNode delay_time: -132.393ms, (2025-03-18 09:32:56.204105 - 2025-03-18 09:32:56.336498)
2025-03-18 09:32:56,205 - INFO - [soc.py:225] EDGE 수신 : rep vehicle location E N STSW000001 
2025-03-18 09:32:56,205 - INFO - [soc.py:48] ####카프카 rep - {'header': {'cmd': 'rep', 'actn': 'vehicle', 'dtlActn': 'location', 'strtpnt': 'N', 'dstn': 'H', 'userId': '', 'edgeId': 'STSW000001', 'edgeTy': 'CLS', 'timestamp': '2025-03-18 09:32:56.336498', 'command': '60310'}, 'data': {'heading': '278.290100', 'latitude': '36.610364', 'longitude': '127.288437', 'speed': '6.000000'}} 전송완료########### 
2025-03-18 09:32:57,019 - INFO - [soc.py:215] %%%%%%%%%%%% Edge -> EdgeNode delay_time: -133.59ms, (2025-03-18 09:32:57.018748 - 2025-03-18 09:32:57.152338)
2025-03-18 09:32:57,019 - INFO - [soc.py:225] EDGE 수신 : rep status info E N STSW000001 
2025-03-18 09:32:57,020 - INFO - [soc.py:48] ####카프카 rep - {'header': {'cmd': 'rep', 'actn': 'status', 'dtlActn': 'info', 'strtpnt': 'N', 'dstn': 'H', 'userId': '', 'edgeId': 'STSW000001', 'edgeTy': 'CLS', 'timestamp': '2025-03-18 09:32:57.152338', 'command': '60053'}, 'data': {'accel': '100.000000', 'batteryRemainingCapacity': '59', 'batteryTemperature': '0', 'batteryVoltage': '0', 'brake': '0.000000', 'brakeStatus': '59', 'brakeType': '0', 'drivingDistance': '0.01', 'emergencyLight': '1', 'loadCapacity': '20.0', 'mdpsAngle': '-25.000000', 'transmission': '3', 'turnSignal': '1', 'wheelSpeed': '1.666667', 'workRate': '20.0', 'yawRate': '0.000000'}} 전송완료########### 
2025-03-18 09:32:57,829 - INFO - [soc.py:215] %%%%%%%%%%%% Edge -> EdgeNode delay_time: -132.74ms, (2025-03-18 09:32:57.829201 - 2025-03-18 09:32:57.961941)
2025-03-18 09:32:57,830 - INFO - [soc.py:225] EDGE 수신 : rep cls ctrlinfo E N STSW000001 
2025-03-18 09:32:57,830 - INFO - [soc.py:48] ####카프카 rep - {'header': {'cmd': 'rep', 'actn': 'cls', 'dtlActn': 'ctrlinfo', 'strtpnt': 'N', 'dstn': 'H', 'userId': '', 'edgeId': 'STSW000001', 'edgeTy': 'CLS', 'timestamp': '2025-03-18 09:32:57.961941', 'command': '80000'}, 'data': {'blowerRun': 0, 'sideLeftBrushRun': 0, 'sideRightBrushRun': 0, 'frontBrushRun': 0, 'flapRun': 2, 'waterPumpRuns': 2}} 전송완료########### 
2025-03-18 09:32:58,662 - INFO - [soc.py:215] %%%%%%%%%%%% Edge -> EdgeNode delay_time: -108.741ms, (2025-03-18 09:32:58.661706 - 2025-03-18 09:32:58.770447)
2025-03-18 09:32:58,662 - INFO - [soc.py:225] EDGE 수신 : rep vehicle location E N STSW000001 
2025-03-18 09:32:58,662 - INFO - [soc.py:48] ####카프카 rep - {'header': {'cmd': 'rep', 'actn': 'vehicle', 'dtlActn': 'location', 'strtpnt': 'N', 'dstn': 'H', 'userId': '', 'edgeId': 'STSW000001', 'edgeTy': 'CLS', 'timestamp': '2025-03-18 09:32:58.770447', 'command': '60310'}, 'data': {'heading': '277.186401', 'latitude': '36.610364', 'longitude': '127.288441', 'speed': '7.000000'}} 전송완료########### 
2025-03-18 09:32:59,482 - INFO - [soc.py:215] %%%%%%%%%%%% Edge -> EdgeNode delay_time: -98.683ms, (2025-03-18 09:32:59.481765 - 2025-03-18 09:32:59.580448)
2025-03-18 09:32:59,482 - INFO - [soc.py:225] EDGE 수신 : rep status info E N STSW000001 
2025-03-18 09:32:59,483 - INFO - [soc.py:48] ####카프카 rep - {'header': {'cmd': 'rep', 'actn': 'status', 'dtlActn': 'info', 'strtpnt': 'N', 'dstn': 'H', 'userId': '', 'edgeId': 'STSW000001', 'edgeTy': 'CLS', 'timestamp': '2025-03-18 09:32:59.580448', 'command': '60053'}, 'data': {'accel': '100.000000', 'batteryRemainingCapacity': '60', 'batteryTemperature': '0', 'batteryVoltage': '0', 'brake': '0.000000', 'brakeStatus': '60', 'brakeType': '0', 'drivingDistance': '0.01', 'emergencyLight': '1', 'loadCapacity': '20.0', 'mdpsAngle': '-25.000000', 'transmission': '3', 'turnSignal': '1', 'wheelSpeed': '1.944444', 'workRate': '20.0', 'yawRate': '0.000000'}} 전송완료########### 
2025-03-18 09:33:00,301 - INFO - [soc.py:215] %%%%%%%%%%%% Edge -> EdgeNode delay_time: -90.257ms, (2025-03-18 09:33:00.301220 - 2025-03-18 09:33:00.391477)
2025-03-18 09:33:00,302 - INFO - [soc.py:225] EDGE 수신 : rep cls ctrlinfo E N STSW000001 
2025-03-18 09:33:00,302 - INFO - [soc.py:48] ####카프카 rep - {'header': {'cmd': 'rep', 'actn': 'cls', 'dtlActn': 'ctrlinfo', 'strtpnt': 'N', 'dstn': 'H', 'userId': '', 'edgeId': 'STSW000001', 'edgeTy': 'CLS', 'timestamp': '2025-03-18 09:33:00.391477', 'command': '80000'}, 'data': {'blowerRun': 1, 'sideLeftBrushRun': 1, 'sideRightBrushRun': 0, 'frontBrushRun': 0, 'flapRun': 1, 'waterPumpRuns': 0}} 전송완료########### 
2025-03-18 09:33:01,072 - INFO - [soc.py:215] %%%%%%%%%%%% Edge -> EdgeNode delay_time: -133.753ms, (2025-03-18 09:33:01.071781 - 2025-03-18 09:33:01.205534)
2025-03-18 09:33:01,072 - INFO - [soc.py:225] EDGE 수신 : rep vehicle location E N STSW000001 
2025-03-18 09:33:01,073 - INFO - [soc.py:48] ####카프카 rep - {'header': {'cmd': 'rep', 'actn': 'vehicle', 'dtlActn': 'location', 'strtpnt': 'N', 'dstn': 'H', 'userId': '', 'edgeId': 'STSW000001', 'edgeTy': 'CLS', 'timestamp': '2025-03-18 09:33:01.205534', 'command': '60310'}, 'data': {'heading': '276.328308', 'latitude': '36.610364', 'longitude': '127.288445', 'speed': '8.000000'}} 전송완료########### 
2025-03-18 09:33:01,945 - INFO - [soc.py:215] %%%%%%%%%%%% Edge -> EdgeNode delay_time: -74.444ms, (2025-03-18 09:33:01.945234 - 2025-03-18 09:33:02.019678)
2025-03-18 09:33:01,946 - INFO - [soc.py:225] EDGE 수신 : rep status info E N STSW000001 
2025-03-18 09:33:01,946 - INFO - [soc.py:48] ####카프카 rep - {'header': {'cmd': 'rep', 'actn': 'status', 'dtlActn': 'info', 'strtpnt': 'N', 'dstn': 'H', 'userId': '', 'edgeId': 'STSW000001', 'edgeTy': 'CLS', 'timestamp': '2025-03-18 09:33:02.019678', 'command': '60053'}, 'data': {'accel': '100.000000', 'batteryRemainingCapacity': '59', 'batteryTemperature': '0', 'batteryVoltage': '0', 'brake': '0.000000', 'brakeStatus': '59', 'brakeType': '0', 'drivingDistance': '0.01', 'emergencyLight': '1', 'loadCapacity': '20.0', 'mdpsAngle': '-25.000000', 'transmission': '3', 'turnSignal': '1', 'wheelSpeed': '2.222222', 'workRate': '20.0', 'yawRate': '0.000000'}} 전송완료########### 
2025-03-18 09:33:02,702 - INFO - [soc.py:215] %%%%%%%%%%%% Edge -> EdgeNode delay_time: -132.176ms, (2025-03-18 09:33:02.702318 - 2025-03-18 09:33:02.834494)
2025-03-18 09:33:02,703 - INFO - [soc.py:225] EDGE 수신 : rep cls ctrlinfo E N STSW000001 
2025-03-18 09:33:02,703 - INFO - [soc.py:48] ####카프카 rep - {'header': {'cmd': 'rep', 'actn': 'cls', 'dtlActn': 'ctrlinfo', 'strtpnt': 'N', 'dstn': 'H', 'userId': '', 'edgeId': 'STSW000001', 'edgeTy': 'CLS', 'timestamp': '2025-03-18 09:33:02.834494', 'command': '80000'}, 'data': {'blowerRun': 1, 'sideLeftBrushRun': 0, 'sideRightBrushRun': 1, 'frontBrushRun': 1, 'flapRun': 0, 'waterPumpRuns': 1}} 전송완료########### 
2025-03-18 09:33:03,578 - INFO - [soc.py:215] %%%%%%%%%%%% Edge -> EdgeNode delay_time: -68.584ms, (2025-03-18 09:33:03.577952 - 2025-03-18 09:33:03.646536)
2025-03-18 09:33:03,578 - INFO - [soc.py:225] EDGE 수신 : rep vehicle location E N STSW000001 
2025-03-18 09:33:03,579 - INFO - [soc.py:48] ####카프카 rep - {'header': {'cmd': 'rep', 'actn': 'vehicle', 'dtlActn': 'location', 'strtpnt': 'N', 'dstn': 'H', 'userId': '', 'edgeId': 'STSW000001', 'edgeTy': 'CLS', 'timestamp': '2025-03-18 09:33:03.646536', 'command': '60310'}, 'data': {'heading': '275.554993', 'latitude': '36.610364', 'longitude': '127.288448', 'speed': '8.000000'}} 전송완료########### 
2025-03-18 09:33:04,328 - INFO - [soc.py:215] %%%%%%%%%%%% Edge -> EdgeNode delay_time: -130.968ms, (2025-03-18 09:33:04.328319 - 2025-03-18 09:33:04.459287)
2025-03-18 09:33:04,329 - INFO - [soc.py:225] EDGE 수신 : rep status info E N STSW000001 
2025-03-18 09:33:04,329 - INFO - [soc.py:48] ####카프카 rep - {'header': {'cmd': 'rep', 'actn': 'status', 'dtlActn': 'info', 'strtpnt': 'N', 'dstn': 'H', 'userId': '', 'edgeId': 'STSW000001', 'edgeTy': 'CLS', 'timestamp': '2025-03-18 09:33:04.459287', 'command': '60053'}, 'data': {'accel': '100.000000', 'batteryRemainingCapacity': '59', 'batteryTemperature': '0', 'batteryVoltage': '0', 'brake': '0.000000', 'brakeStatus': '59', 'brakeType': '0', 'drivingDistance': '0.01', 'emergencyLight': '1', 'loadCapacity': '20.0', 'mdpsAngle': '-25.000000', 'transmission': '3', 'turnSignal': '1', 'wheelSpeed': '2.222222', 'workRate': '20.0', 'yawRate': '0.000000'}} 전송완료########### 
2025-03-18 09:33:05,130 - INFO - [soc.py:215] %%%%%%%%%%%% Edge -> EdgeNode delay_time: -132.573ms, (2025-03-18 09:33:05.129895 - 2025-03-18 09:33:05.262468)
2025-03-18 09:33:05,130 - INFO - [soc.py:225] EDGE 수신 : rep cls ctrlinfo E N STSW000001 
2025-03-18 09:33:05,131 - INFO - [soc.py:48] ####카프카 rep - {'header': {'cmd': 'rep', 'actn': 'cls', 'dtlActn': 'ctrlinfo', 'strtpnt': 'N', 'dstn': 'H', 'userId': '', 'edgeId': 'STSW000001', 'edgeTy': 'CLS', 'timestamp': '2025-03-18 09:33:05.262468', 'command': '80000'}, 'data': {'blowerRun': 1, 'sideLeftBrushRun': 1, 'sideRightBrushRun': 0, 'frontBrushRun': 0, 'flapRun': 1, 'waterPumpRuns': 0}} 전송완료########### 
2025-03-18 09:33:06,035 - INFO - [soc.py:215] %%%%%%%%%%%% Edge -> EdgeNode delay_time: -33.632ms, (2025-03-18 09:33:06.035141 - 2025-03-18 09:33:06.068773)
2025-03-18 09:33:06,035 - INFO - [soc.py:225] EDGE 수신 : rep vehicle location E N STSW000001 
2025-03-18 09:33:06,036 - INFO - [soc.py:48] ####카프카 rep - {'header': {'cmd': 'rep', 'actn': 'vehicle', 'dtlActn': 'location', 'strtpnt': 'N', 'dstn': 'H', 'userId': '', 'edgeId': 'STSW000001', 'edgeTy': 'CLS', 'timestamp': '2025-03-18 09:33:06.068773', 'command': '60310'}, 'data': {'heading': '274.525513', 'latitude': '36.610365', 'longitude': '127.288451', 'speed': '9.000000'}} 전송완료########### 
2025-03-18 09:33:06,753 - INFO - [soc.py:215] %%%%%%%%%%%% Edge -> EdgeNode delay_time: -123.349ms, (2025-03-18 09:33:06.753435 - 2025-03-18 09:33:06.876784)
2025-03-18 09:33:06,754 - INFO - [soc.py:225] EDGE 수신 : rep status info E N STSW000001 
2025-03-18 09:33:06,754 - INFO - [soc.py:48] ####카프카 rep - {'header': {'cmd': 'rep', 'actn': 'status', 'dtlActn': 'info', 'strtpnt': 'N', 'dstn': 'H', 'userId': '', 'edgeId': 'STSW000001', 'edgeTy': 'CLS', 'timestamp': '2025-03-18 09:33:06.876784', 'command': '60053'}, 'data': {'accel': '100.000000', 'batteryRemainingCapacity': '60', 'batteryTemperature': '0', 'batteryVoltage': '0', 'brake': '0.000000', 'brakeStatus': '60', 'brakeType': '0', 'drivingDistance': '0.01', 'emergencyLight': '1', 'loadCapacity': '20.0', 'mdpsAngle': '-25.000000', 'transmission': '3', 'turnSignal': '1', 'wheelSpeed': '2.500000', 'workRate': '20.0', 'yawRate': '0.000000'}} 전송완료########### 
2025-03-18 09:33:07,572 - INFO - [soc.py:215] %%%%%%%%%%%% Edge -> EdgeNode delay_time: -116.793ms, (2025-03-18 09:33:07.572129 - 2025-03-18 09:33:07.688922)
2025-03-18 09:33:07,573 - INFO - [soc.py:225] EDGE 수신 : rep cls ctrlinfo E N STSW000001 
2025-03-18 09:33:07,573 - INFO - [soc.py:48] ####카프카 rep - {'header': {'cmd': 'rep', 'actn': 'cls', 'dtlActn': 'ctrlinfo', 'strtpnt': 'N', 'dstn': 'H', 'userId': '', 'edgeId': 'STSW000001', 'edgeTy': 'CLS', 'timestamp': '2025-03-18 09:33:07.688922', 'command': '80000'}, 'data': {'blowerRun': 1, 'sideLeftBrushRun': 0, 'sideRightBrushRun': 1, 'frontBrushRun': 1, 'flapRun': 1, 'waterPumpRuns': 1}} 전송완료########### 
2025-03-18 09:33:08,392 - INFO - [soc.py:215] %%%%%%%%%%%% Edge -> EdgeNode delay_time: -107.316ms, (2025-03-18 09:33:08.391649 - 2025-03-18 09:33:08.498965)
2025-03-18 09:33:08,392 - INFO - [soc.py:225] EDGE 수신 : rep vehicle location E N STSW000001 
2025-03-18 09:33:08,393 - INFO - [soc.py:48] ####카프카 rep - {'header': {'cmd': 'rep', 'actn': 'vehicle', 'dtlActn': 'location', 'strtpnt': 'N', 'dstn': 'H', 'userId': '', 'edgeId': 'STSW000001', 'edgeTy': 'CLS', 'timestamp': '2025-03-18 09:33:08.498965', 'command': '60310'}, 'data': {'heading': '273.820099', 'latitude': '36.610365', 'longitude': '127.288453', 'speed': '9.000000'}} 전송완료########### 
2025-03-18 09:33:09,179 - INFO - [soc.py:215] %%%%%%%%%%%% Edge -> EdgeNode delay_time: -133.313ms, (2025-03-18 09:33:09.179129 - 2025-03-18 09:33:09.312442)
2025-03-18 09:33:09,180 - INFO - [soc.py:225] EDGE 수신 : rep status info E N STSW000001 
2025-03-18 09:33:09,180 - INFO - [soc.py:48] ####카프카 rep - {'header': {'cmd': 'rep', 'actn': 'status', 'dtlActn': 'info', 'strtpnt': 'N', 'dstn': 'H', 'userId': '', 'edgeId': 'STSW000001', 'edgeTy': 'CLS', 'timestamp': '2025-03-18 09:33:09.312442', 'command': '60053'}, 'data': {'accel': '100.000000', 'batteryRemainingCapacity': '60', 'batteryTemperature': '0', 'batteryVoltage': '0', 'brake': '0.000000', 'brakeStatus': '60', 'brakeType': '0', 'drivingDistance': '0.01', 'emergencyLight': '1', 'loadCapacity': '20.0', 'mdpsAngle': '-18.000000', 'transmission': '3', 'turnSignal': '1', 'wheelSpeed': '2.500000', 'workRate': '20.0', 'yawRate': '0.000000'}} 전송완료########### 
2025-03-18 09:33:10,039 - INFO - [soc.py:215] %%%%%%%%%%%% Edge -> EdgeNode delay_time: -85.531ms, (2025-03-18 09:33:10.039107 - 2025-03-18 09:33:10.124638)
2025-03-18 09:33:10,040 - INFO - [soc.py:225] EDGE 수신 : rep cls ctrlinfo E N STSW000001 
2025-03-18 09:33:10,040 - INFO - [soc.py:48] ####카프카 rep - {'header': {'cmd': 'rep', 'actn': 'cls', 'dtlActn': 'ctrlinfo', 'strtpnt': 'N', 'dstn': 'H', 'userId': '', 'edgeId': 'STSW000001', 'edgeTy': 'CLS', 'timestamp': '2025-03-18 09:33:10.124638', 'command': '80000'}, 'data': {'blowerRun': 1, 'sideLeftBrushRun': 1, 'sideRightBrushRun': 1, 'frontBrushRun': 0, 'flapRun': 0, 'waterPumpRuns': 2}} 전송완료########### 
2025-03-18 09:33:10,807 - INFO - [soc.py:215] %%%%%%%%%%%% Edge -> EdgeNode delay_time: -133.389ms, (2025-03-18 09:33:10.807093 - 2025-03-18 09:33:10.940482)
2025-03-18 09:33:10,808 - INFO - [soc.py:225] EDGE 수신 : rep vehicle location E N STSW000001 
2025-03-18 09:33:10,808 - INFO - [soc.py:48] ####카프카 rep - {'header': {'cmd': 'rep', 'actn': 'vehicle', 'dtlActn': 'location', 'strtpnt': 'N', 'dstn': 'H', 'userId': '', 'edgeId': 'STSW000001', 'edgeTy': 'CLS', 'timestamp': '2025-03-18 09:33:10.940482', 'command': '60310'}, 'data': {'heading': '273.133209', 'latitude': '36.610365', 'longitude': '127.288455', 'speed': '10.000000'}} 전송완료########### 
2025-03-18 09:33:11,668 - INFO - [soc.py:215] %%%%%%%%%%%% Edge -> EdgeNode delay_time: -85.927ms, (2025-03-18 09:33:11.668487 - 2025-03-18 09:33:11.754414)
2025-03-18 09:33:11,669 - INFO - [soc.py:225] EDGE 수신 : rep status info E N STSW000001 
2025-03-18 09:33:11,669 - INFO - [soc.py:48] ####카프카 rep - {'header': {'cmd': 'rep', 'actn': 'status', 'dtlActn': 'info', 'strtpnt': 'N', 'dstn': 'H', 'userId': '', 'edgeId': 'STSW000001', 'edgeTy': 'CLS', 'timestamp': '2025-03-18 09:33:11.754414', 'command': '60053'}, 'data': {'accel': '100.000000', 'batteryRemainingCapacity': '59', 'batteryTemperature': '0', 'batteryVoltage': '0', 'brake': '0.000000', 'brakeStatus': '59', 'brakeType': '0', 'drivingDistance': '0.01', 'emergencyLight': '1', 'loadCapacity': '20.0', 'mdpsAngle': '-16.000000', 'transmission': '3', 'turnSignal': '1', 'wheelSpeed': '2.777778', 'workRate': '20.0', 'yawRate': '0.000000'}} 전송완료########### 
2025-03-18 09:33:12,487 - INFO - [soc.py:215] %%%%%%%%%%%% Edge -> EdgeNode delay_time: -78.772ms, (2025-03-18 09:33:12.487423 - 2025-03-18 09:33:12.566195)
2025-03-18 09:33:12,488 - INFO - [soc.py:225] EDGE 수신 : rep cls ctrlinfo E N STSW000001 
2025-03-18 09:33:12,488 - INFO - [soc.py:48] ####카프카 rep - {'header': {'cmd': 'rep', 'actn': 'cls', 'dtlActn': 'ctrlinfo', 'strtpnt': 'N', 'dstn': 'H', 'userId': '', 'edgeId': 'STSW000001', 'edgeTy': 'CLS', 'timestamp': '2025-03-18 09:33:12.566195', 'command': '80000'}, 'data': {'blowerRun': 2, 'sideLeftBrushRun': 2, 'sideRightBrushRun': 0, 'frontBrushRun': 0, 'flapRun': 1, 'waterPumpRuns': 0}} 전송완료########### 
2025-03-18 09:33:13,243 - INFO - [soc.py:215] %%%%%%%%%%%% Edge -> EdgeNode delay_time: -131.711ms, (2025-03-18 09:33:13.242838 - 2025-03-18 09:33:13.374549)
2025-03-18 09:33:13,243 - INFO - [soc.py:225] EDGE 수신 : rep vehicle location E N STSW000001 
2025-03-18 09:33:13,243 - INFO - [soc.py:48] ####카프카 rep - {'header': {'cmd': 'rep', 'actn': 'vehicle', 'dtlActn': 'location', 'strtpnt': 'N', 'dstn': 'H', 'userId': '', 'edgeId': 'STSW000001', 'edgeTy': 'CLS', 'timestamp': '2025-03-18 09:33:13.374549', 'command': '60310'}, 'data': {'heading': '272.681396', 'latitude': '36.610365', 'longitude': '127.288457', 'speed': '10.000000'}} 전송완료########### 
2025-03-18 09:33:14,057 - INFO - [soc.py:215] %%%%%%%%%%%% Edge -> EdgeNode delay_time: -131.988ms, (2025-03-18 09:33:14.057217 - 2025-03-18 09:33:14.189205)
2025-03-18 09:33:14,058 - INFO - [soc.py:225] EDGE 수신 : rep status info E N STSW000001 
2025-03-18 09:33:14,058 - INFO - [soc.py:48] ####카프카 rep - {'header': {'cmd': 'rep', 'actn': 'status', 'dtlActn': 'info', 'strtpnt': 'N', 'dstn': 'H', 'userId': '', 'edgeId': 'STSW000001', 'edgeTy': 'CLS', 'timestamp': '2025-03-18 09:33:14.189205', 'command': '60053'}, 'data': {'accel': '100.000000', 'batteryRemainingCapacity': '60', 'batteryTemperature': '0', 'batteryVoltage': '0', 'brake': '0.000000', 'brakeStatus': '60', 'brakeType': '0', 'drivingDistance': '0.01', 'emergencyLight': '1', 'loadCapacity': '20.0', 'mdpsAngle': '-16.000000', 'transmission': '3', 'turnSignal': '1', 'wheelSpeed': '2.777778', 'workRate': '20.0', 'yawRate': '0.000000'}} 전송완료########### 
2025-03-18 09:33:14,772 - ERROR - [soc.py:262] ==> 특장차 ConnectionResetError
Traceback (most recent call last):
  File "soc.py", line 151, in handle
    data = conn.recv(recv_len).decode(encoding=recv_encoding)
ConnectionResetError: [Errno 104] Connection reset by peer
2025-03-18 09:33:14,773 - INFO - [soc.py:280] finish
2025-03-18 09:33:14,774 - INFO - [soc.py:285] 현재 특장차 Client 접속수 : 0
2025-03-18 09:55:16,678 - INFO - [soc.py:106] __init__ 호출 MyTCPHandler1
2025-03-18 09:55:16,679 - INFO - [soc.py:133] 특장차 setup 호출
2025-03-18 09:55:16,679 - INFO - [soc.py:147] 특장차 접속 :  172.30.1.80
2025-03-18 09:55:16,686 - INFO - [soc.py:215] %%%%%%%%%%%% Edge -> EdgeNode delay_time: -110.413ms, (2025-03-18 09:55:16.685811 - 2025-03-18 09:55:16.796224)
2025-03-18 09:55:16,686 - INFO - [soc.py:225] EDGE 수신 : rep vehicle location E N STSW000001 
2025-03-18 09:55:16,687 - INFO - [soc.py:48] ####카프카 rep - {'header': {'cmd': 'rep', 'actn': 'vehicle', 'dtlActn': 'location', 'strtpnt': 'N', 'dstn': 'H', 'userId': '', 'edgeId': 'STSW000001', 'edgeTy': 'CLS', 'timestamp': '2025-03-18 09:55:16.796224', 'command': '60310'}, 'data': {'heading': '287.559692', 'latitude': '36.610374', 'longitude': '127.288359', 'speed': '0.000000'}} 전송완료########### 
2025-03-18 09:55:19,697 - INFO - [soc.py:215] %%%%%%%%%%%% Edge -> EdgeNode delay_time: -112.786ms, (2025-03-18 09:55:19.696445 - 2025-03-18 09:55:19.809231)
2025-03-18 09:55:19,697 - INFO - [soc.py:225] EDGE 수신 : rep status info E N STSW000001 
2025-03-18 09:55:19,698 - INFO - [soc.py:48] ####카프카 rep - {'header': {'cmd': 'rep', 'actn': 'status', 'dtlActn': 'info', 'strtpnt': 'N', 'dstn': 'H', 'userId': '', 'edgeId': 'STSW000001', 'edgeTy': 'CLS', 'timestamp': '2025-03-18 09:55:19.809231', 'command': '60053'}, 'data': {'accel': '0.000000', 'batteryRemainingCapacity': '60', 'batteryTemperature': '0', 'batteryVoltage': '0', 'brake': '0.000000', 'brakeStatus': '60', 'brakeType': '0', 'drivingDistance': '0.01', 'emergencyLight': '1', 'loadCapacity': '20.0', 'mdpsAngle': '-250.000000', 'transmission': '3', 'turnSignal': '1', 'wheelSpeed': '0.000000', 'workRate': '20.0', 'yawRate': '0.000000'}} 전송완료########### 
2025-03-18 09:55:22,709 - INFO - [soc.py:215] %%%%%%%%%%%% Edge -> EdgeNode delay_time: -112.235ms, (2025-03-18 09:55:22.709317 - 2025-03-18 09:55:22.821552)
2025-03-18 09:55:22,709 - INFO - [soc.py:225] EDGE 수신 : rep cls ctrlinfo E N STSW000001 
2025-03-18 09:55:22,710 - INFO - [soc.py:48] ####카프카 rep - {'header': {'cmd': 'rep', 'actn': 'cls', 'dtlActn': 'ctrlinfo', 'strtpnt': 'N', 'dstn': 'H', 'userId': '', 'edgeId': 'STSW000001', 'edgeTy': 'CLS', 'timestamp': '2025-03-18 09:55:22.821552', 'command': '80000'}, 'data': {'blowerRun': 0, 'sideLeftBrushRun': 1, 'sideRightBrushRun': 0, 'frontBrushRun': 0, 'flapRun': 1, 'waterPumpRuns': 0}} 전송완료########### 
2025-03-18 09:55:25,718 - INFO - [soc.py:215] %%%%%%%%%%%% Edge -> EdgeNode delay_time: -112.08ms, (2025-03-18 09:55:25.718054 - 2025-03-18 09:55:25.830134)
2025-03-18 09:55:25,719 - INFO - [soc.py:225] EDGE 수신 : rep vehicle location E N STSW000001 
2025-03-18 09:55:25,719 - INFO - [soc.py:48] ####카프카 rep - {'header': {'cmd': 'rep', 'actn': 'vehicle', 'dtlActn': 'location', 'strtpnt': 'N', 'dstn': 'H', 'userId': '', 'edgeId': 'STSW000001', 'edgeTy': 'CLS', 'timestamp': '2025-03-18 09:55:25.830134', 'command': '60310'}, 'data': {'heading': '287.664490', 'latitude': '36.610373', 'longitude': '127.288367', 'speed': '0.000000'}} 전송완료########### 
2025-03-18 09:55:28,720 - INFO - [soc.py:215] %%%%%%%%%%%% Edge -> EdgeNode delay_time: -111.29ms, (2025-03-18 09:55:28.720135 - 2025-03-18 09:55:28.831425)
2025-03-18 09:55:28,721 - INFO - [soc.py:225] EDGE 수신 : rep status info E N STSW000001 
2025-03-18 09:55:28,721 - INFO - [soc.py:48] ####카프카 rep - {'header': {'cmd': 'rep', 'actn': 'status', 'dtlActn': 'info', 'strtpnt': 'N', 'dstn': 'H', 'userId': '', 'edgeId': 'STSW000001', 'edgeTy': 'CLS', 'timestamp': '2025-03-18 09:55:28.831425', 'command': '60053'}, 'data': {'accel': '0.000000', 'batteryRemainingCapacity': '60', 'batteryTemperature': '0', 'batteryVoltage': '0', 'brake': '0.000000', 'brakeStatus': '60', 'brakeType': '0', 'drivingDistance': '0.01', 'emergencyLight': '1', 'loadCapacity': '20.0', 'mdpsAngle': '-247.000000', 'transmission': '3', 'turnSignal': '1', 'wheelSpeed': '0.000000', 'workRate': '20.0', 'yawRate': '0.000000'}} 전송완료########### 
2025-03-18 09:55:31,727 - INFO - [soc.py:215] %%%%%%%%%%%% Edge -> EdgeNode delay_time: -112.544ms, (2025-03-18 09:55:31.727582 - 2025-03-18 09:55:31.840126)
2025-03-18 09:55:31,728 - INFO - [soc.py:225] EDGE 수신 : rep cls ctrlinfo E N STSW000001 
2025-03-18 09:55:31,728 - INFO - [soc.py:48] ####카프카 rep - {'header': {'cmd': 'rep', 'actn': 'cls', 'dtlActn': 'ctrlinfo', 'strtpnt': 'N', 'dstn': 'H', 'userId': '', 'edgeId': 'STSW000001', 'edgeTy': 'CLS', 'timestamp': '2025-03-18 09:55:31.840126', 'command': '80000'}, 'data': {'blowerRun': 0, 'sideLeftBrushRun': 1, 'sideRightBrushRun': 0, 'frontBrushRun': 0, 'flapRun': 0, 'waterPumpRuns': 2}} 전송완료########### 
2025-03-18 09:55:34,742 - INFO - [soc.py:215] %%%%%%%%%%%% Edge -> EdgeNode delay_time: -111.605ms, (2025-03-18 09:55:34.742266 - 2025-03-18 09:55:34.853871)
2025-03-18 09:55:34,743 - INFO - [soc.py:225] EDGE 수신 : rep vehicle location E N STSW000001 
2025-03-18 09:55:34,744 - INFO - [soc.py:48] ####카프카 rep - {'header': {'cmd': 'rep', 'actn': 'vehicle', 'dtlActn': 'location', 'strtpnt': 'N', 'dstn': 'H', 'userId': '', 'edgeId': 'STSW000001', 'edgeTy': 'CLS', 'timestamp': '2025-03-18 09:55:34.853871', 'command': '60310'}, 'data': {'heading': '287.474304', 'latitude': '36.610371', 'longitude': '127.288376', 'speed': '0.000000'}} 전송완료########### 
2025-03-18 09:55:37,755 - INFO - [soc.py:215] %%%%%%%%%%%% Edge -> EdgeNode delay_time: -111.757ms, (2025-03-18 09:55:37.755123 - 2025-03-18 09:55:37.866880)
2025-03-18 09:55:37,755 - INFO - [soc.py:225] EDGE 수신 : rep status info E N STSW000001 
2025-03-18 09:55:37,756 - INFO - [soc.py:48] ####카프카 rep - {'header': {'cmd': 'rep', 'actn': 'status', 'dtlActn': 'info', 'strtpnt': 'N', 'dstn': 'H', 'userId': '', 'edgeId': 'STSW000001', 'edgeTy': 'CLS', 'timestamp': '2025-03-18 09:55:37.866880', 'command': '60053'}, 'data': {'accel': '0.000000', 'batteryRemainingCapacity': '60', 'batteryTemperature': '0', 'batteryVoltage': '0', 'brake': '0.000000', 'brakeStatus': '60', 'brakeType': '0', 'drivingDistance': '0.01', 'emergencyLight': '1', 'loadCapacity': '20.0', 'mdpsAngle': '-238.000000', 'transmission': '3', 'turnSignal': '1', 'wheelSpeed': '0.000000', 'workRate': '20.0', 'yawRate': '0.000000'}} 전송완료########### 
2025-03-18 09:55:40,757 - INFO - [soc.py:215] %%%%%%%%%%%% Edge -> EdgeNode delay_time: -111.283ms, (2025-03-18 09:55:40.757368 - 2025-03-18 09:55:40.868651)
2025-03-18 09:55:40,758 - INFO - [soc.py:225] EDGE 수신 : rep cls ctrlinfo E N STSW000001 
2025-03-18 09:55:40,758 - INFO - [soc.py:48] ####카프카 rep - {'header': {'cmd': 'rep', 'actn': 'cls', 'dtlActn': 'ctrlinfo', 'strtpnt': 'N', 'dstn': 'H', 'userId': '', 'edgeId': 'STSW000001', 'edgeTy': 'CLS', 'timestamp': '2025-03-18 09:55:40.868651', 'command': '80000'}, 'data': {'blowerRun': 1, 'sideLeftBrushRun': 1, 'sideRightBrushRun': 0, 'frontBrushRun': 0, 'flapRun': 1, 'waterPumpRuns': 0}} 전송완료########### 
2025-03-18 09:55:42,442 - INFO - [soc.py:215] %%%%%%%%%%%% Edge -> EdgeNode delay_time: -33.263ms, (2025-03-18 09:55:42.442419 - 2025-03-18 09:55:42.475682)
2025-03-18 09:55:42,443 - INFO - [soc.py:225] EDGE 수신 : rep vehicle location E N STSW000001 
2025-03-18 09:55:42,443 - INFO - [soc.py:48] ####카프카 rep - {'header': {'cmd': 'rep', 'actn': 'vehicle', 'dtlActn': 'location', 'strtpnt': 'N', 'dstn': 'H', 'userId': '', 'edgeId': 'STSW000001', 'edgeTy': 'CLS', 'timestamp': '2025-03-18 09:55:42.475682', 'command': '60310'}, 'data': {'heading': '287.175293', 'latitude': '36.610369', 'longitude': '127.288384', 'speed': '0.000000'}} 전송완료########### 
2025-03-18 09:55:43,466 - INFO - [soc.py:215] %%%%%%%%%%%% Edge -> EdgeNode delay_time: -21.339ms, (2025-03-18 09:55:43.466430 - 2025-03-18 09:55:43.487769)
2025-03-18 09:55:43,467 - INFO - [soc.py:225] EDGE 수신 : rep status info E N STSW000001 
2025-03-18 09:55:43,467 - INFO - [soc.py:48] ####카프카 rep - {'header': {'cmd': 'rep', 'actn': 'status', 'dtlActn': 'info', 'strtpnt': 'N', 'dstn': 'H', 'userId': '', 'edgeId': 'STSW000001', 'edgeTy': 'CLS', 'timestamp': '2025-03-18 09:55:43.487769', 'command': '60053'}, 'data': {'accel': '0.000000', 'batteryRemainingCapacity': '60', 'batteryTemperature': '0', 'batteryVoltage': '0', 'brake': '0.000000', 'brakeStatus': '60', 'brakeType': '0', 'drivingDistance': '0.01', 'emergencyLight': '1', 'loadCapacity': '20.0', 'mdpsAngle': '-215.000000', 'transmission': '3', 'turnSignal': '1', 'wheelSpeed': '0.000000', 'workRate': '20.0', 'yawRate': '0.000000'}} 전송완료########### 
2025-03-18 09:55:44,290 - INFO - [soc.py:215] %%%%%%%%%%%% Edge -> EdgeNode delay_time: -6.643ms, (2025-03-18 09:55:44.290237 - 2025-03-18 09:55:44.296880)
2025-03-18 09:55:44,291 - INFO - [soc.py:225] EDGE 수신 : rep cls ctrlinfo E N STSW000001 
2025-03-18 09:55:44,291 - INFO - [soc.py:48] ####카프카 rep - {'header': {'cmd': 'rep', 'actn': 'cls', 'dtlActn': 'ctrlinfo', 'strtpnt': 'N', 'dstn': 'H', 'userId': '', 'edgeId': 'STSW000001', 'edgeTy': 'CLS', 'timestamp': '2025-03-18 09:55:44.296880', 'command': '80000'}, 'data': {'blowerRun': 0, 'sideLeftBrushRun': 2, 'sideRightBrushRun': 0, 'frontBrushRun': 1, 'flapRun': 1, 'waterPumpRuns': 1}} 전송완료########### 
2025-03-18 09:55:44,397 - INFO - [soc.py:215] %%%%%%%%%%%% Edge -> EdgeNode delay_time: -111.287ms, (2025-03-18 09:55:44.397337 - 2025-03-18 09:55:44.508624)
2025-03-18 09:55:44,398 - INFO - [soc.py:225] EDGE 수신 : rep vehicle location E N STSW000001 
2025-03-18 09:55:44,398 - INFO - [soc.py:48] ####카프카 rep - {'header': {'cmd': 'rep', 'actn': 'vehicle', 'dtlActn': 'location', 'strtpnt': 'N', 'dstn': 'H', 'userId': '', 'edgeId': 'STSW000001', 'edgeTy': 'CLS', 'timestamp': '2025-03-18 09:55:44.508624', 'command': '60310'}, 'data': {'heading': '286.878815', 'latitude': '36.610368', 'longitude': '127.288393', 'speed': '0.000000'}} 전송완료########### 
2025-03-18 09:55:44,611 - INFO - [soc.py:215] %%%%%%%%%%%% Edge -> EdgeNode delay_time: -111.553ms, (2025-03-18 09:55:44.611250 - 2025-03-18 09:55:44.722803)
2025-03-18 09:55:44,612 - INFO - [soc.py:225] EDGE 수신 : rep status info E N STSW000001 
2025-03-18 09:55:44,612 - INFO - [soc.py:48] ####카프카 rep - {'header': {'cmd': 'rep', 'actn': 'status', 'dtlActn': 'info', 'strtpnt': 'N', 'dstn': 'H', 'userId': '', 'edgeId': 'STSW000001', 'edgeTy': 'CLS', 'timestamp': '2025-03-18 09:55:44.722803', 'command': '60053'}, 'data': {'accel': '0.000000', 'batteryRemainingCapacity': '60', 'batteryTemperature': '0', 'batteryVoltage': '0', 'brake': '0.000000', 'brakeStatus': '60', 'brakeType': '0', 'drivingDistance': '0.01', 'emergencyLight': '1', 'loadCapacity': '20.0', 'mdpsAngle': '-180.000000', 'transmission': '3', 'turnSignal': '1', 'wheelSpeed': '0.000000', 'workRate': '20.0', 'yawRate': '0.000000'}} 전송완료########### 
2025-03-18 09:55:44,826 - INFO - [soc.py:215] %%%%%%%%%%%% Edge -> EdgeNode delay_time: -111.879ms, (2025-03-18 09:55:44.825824 - 2025-03-18 09:55:44.937703)
2025-03-18 09:55:44,826 - INFO - [soc.py:225] EDGE 수신 : rep cls ctrlinfo E N STSW000001 
2025-03-18 09:55:44,827 - INFO - [soc.py:48] ####카프카 rep - {'header': {'cmd': 'rep', 'actn': 'cls', 'dtlActn': 'ctrlinfo', 'strtpnt': 'N', 'dstn': 'H', 'userId': '', 'edgeId': 'STSW000001', 'edgeTy': 'CLS', 'timestamp': '2025-03-18 09:55:44.937703', 'command': '80000'}, 'data': {'blowerRun': 2, 'sideLeftBrushRun': 1, 'sideRightBrushRun': 1, 'frontBrushRun': 0, 'flapRun': 1, 'waterPumpRuns': 0}} 전송완료########### 
2025-03-18 09:55:45,040 - INFO - [soc.py:215] %%%%%%%%%%%% Edge -> EdgeNode delay_time: -112.039ms, (2025-03-18 09:55:45.040098 - 2025-03-18 09:55:45.152137)
2025-03-18 09:55:45,040 - INFO - [soc.py:225] EDGE 수신 : rep vehicle location E N STSW000001 
2025-03-18 09:55:45,041 - INFO - [soc.py:48] ####카프카 rep - {'header': {'cmd': 'rep', 'actn': 'vehicle', 'dtlActn': 'location', 'strtpnt': 'N', 'dstn': 'H', 'userId': '', 'edgeId': 'STSW000001', 'edgeTy': 'CLS', 'timestamp': '2025-03-18 09:55:45.152137', 'command': '60310'}, 'data': {'heading': '286.150085', 'latitude': '36.610366', 'longitude': '127.288401', 'speed': '0.000000'}} 전송완료########### 
2025-03-18 09:55:45,255 - INFO - [soc.py:215] %%%%%%%%%%%% Edge -> EdgeNode delay_time: -112.036ms, (2025-03-18 09:55:45.255456 - 2025-03-18 09:55:45.367492)
2025-03-18 09:55:45,256 - INFO - [soc.py:225] EDGE 수신 : rep status info E N STSW000001 
2025-03-18 09:55:45,256 - INFO - [soc.py:48] ####카프카 rep - {'header': {'cmd': 'rep', 'actn': 'status', 'dtlActn': 'info', 'strtpnt': 'N', 'dstn': 'H', 'userId': '', 'edgeId': 'STSW000001', 'edgeTy': 'CLS', 'timestamp': '2025-03-18 09:55:45.367492', 'command': '60053'}, 'data': {'accel': '0.000000', 'batteryRemainingCapacity': '60', 'batteryTemperature': '0', 'batteryVoltage': '0', 'brake': '0.000000', 'brakeStatus': '60', 'brakeType': '0', 'drivingDistance': '0.01', 'emergencyLight': '1', 'loadCapacity': '20.0', 'mdpsAngle': '-127.000000', 'transmission': '3', 'turnSignal': '1', 'wheelSpeed': '0.000000', 'workRate': '20.0', 'yawRate': '0.000000'}} 전송완료########### 
2025-03-18 09:55:45,470 - INFO - [soc.py:215] %%%%%%%%%%%% Edge -> EdgeNode delay_time: -111.684ms, (2025-03-18 09:55:45.469627 - 2025-03-18 09:55:45.581311)
2025-03-18 09:55:45,470 - INFO - [soc.py:225] EDGE 수신 : rep cls ctrlinfo E N STSW000001 
2025-03-18 09:55:45,471 - INFO - [soc.py:48] ####카프카 rep - {'header': {'cmd': 'rep', 'actn': 'cls', 'dtlActn': 'ctrlinfo', 'strtpnt': 'N', 'dstn': 'H', 'userId': '', 'edgeId': 'STSW000001', 'edgeTy': 'CLS', 'timestamp': '2025-03-18 09:55:45.581311', 'command': '80000'}, 'data': {'blowerRun': 1, 'sideLeftBrushRun': 1, 'sideRightBrushRun': 2, 'frontBrushRun': 0, 'flapRun': 0, 'waterPumpRuns': 1}} 전송완료########### 
2025-03-18 09:55:45,684 - INFO - [soc.py:215] %%%%%%%%%%%% Edge -> EdgeNode delay_time: -111.795ms, (2025-03-18 09:55:45.684462 - 2025-03-18 09:55:45.796257)
2025-03-18 09:55:45,685 - INFO - [soc.py:225] EDGE 수신 : rep vehicle location E N STSW000001 
2025-03-18 09:55:45,685 - INFO - [soc.py:48] ####카프카 rep - {'header': {'cmd': 'rep', 'actn': 'vehicle', 'dtlActn': 'location', 'strtpnt': 'N', 'dstn': 'H', 'userId': '', 'edgeId': 'STSW000001', 'edgeTy': 'CLS', 'timestamp': '2025-03-18 09:55:45.796257', 'command': '60310'}, 'data': {'heading': '284.921112', 'latitude': '36.610365', 'longitude': '127.288408', 'speed': '2.000000'}} 전송완료########### 
2025-03-18 09:55:45,900 - INFO - [soc.py:215] %%%%%%%%%%%% Edge -> EdgeNode delay_time: -112.017ms, (2025-03-18 09:55:45.899539 - 2025-03-18 09:55:46.011556)
2025-03-18 09:55:45,900 - INFO - [soc.py:225] EDGE 수신 : rep status info E N STSW000001 
2025-03-18 09:55:45,900 - INFO - [soc.py:48] ####카프카 rep - {'header': {'cmd': 'rep', 'actn': 'status', 'dtlActn': 'info', 'strtpnt': 'N', 'dstn': 'H', 'userId': '', 'edgeId': 'STSW000001', 'edgeTy': 'CLS', 'timestamp': '2025-03-18 09:55:46.011556', 'command': '60053'}, 'data': {'accel': '100.000000', 'batteryRemainingCapacity': '60', 'batteryTemperature': '0', 'batteryVoltage': '0', 'brake': '0.000000', 'brakeStatus': '60', 'brakeType': '0', 'drivingDistance': '0.01', 'emergencyLight': '1', 'loadCapacity': '20.0', 'mdpsAngle': '-104.000000', 'transmission': '3', 'turnSignal': '1', 'wheelSpeed': '0.555556', 'workRate': '20.0', 'yawRate': '0.000000'}} 전송완료########### 
2025-03-18 09:55:46,116 - INFO - [soc.py:215] %%%%%%%%%%%% Edge -> EdgeNode delay_time: -112.124ms, (2025-03-18 09:55:46.115581 - 2025-03-18 09:55:46.227705)
2025-03-18 09:55:46,116 - INFO - [soc.py:225] EDGE 수신 : rep cls ctrlinfo E N STSW000001 
2025-03-18 09:55:46,116 - INFO - [soc.py:48] ####카프카 rep - {'header': {'cmd': 'rep', 'actn': 'cls', 'dtlActn': 'ctrlinfo', 'strtpnt': 'N', 'dstn': 'H', 'userId': '', 'edgeId': 'STSW000001', 'edgeTy': 'CLS', 'timestamp': '2025-03-18 09:55:46.227705', 'command': '80000'}, 'data': {'blowerRun': 1, 'sideLeftBrushRun': 1, 'sideRightBrushRun': 1, 'frontBrushRun': 0, 'flapRun': 0, 'waterPumpRuns': 1}} 전송완료########### 
2025-03-18 09:55:46,328 - INFO - [soc.py:215] %%%%%%%%%%%% Edge -> EdgeNode delay_time: -111.719ms, (2025-03-18 09:55:46.327545 - 2025-03-18 09:55:46.439264)
2025-03-18 09:55:46,328 - INFO - [soc.py:225] EDGE 수신 : rep vehicle location E N STSW000001 
2025-03-18 09:55:46,328 - INFO - [soc.py:48] ####카프카 rep - {'header': {'cmd': 'rep', 'actn': 'vehicle', 'dtlActn': 'location', 'strtpnt': 'N', 'dstn': 'H', 'userId': '', 'edgeId': 'STSW000001', 'edgeTy': 'CLS', 'timestamp': '2025-03-18 09:55:46.439264', 'command': '60310'}, 'data': {'heading': '283.698486', 'latitude': '36.610365', 'longitude': '127.288415', 'speed': '3.000000'}} 전송완료########### 
2025-03-18 09:55:46,544 - INFO - [soc.py:215] %%%%%%%%%%%% Edge -> EdgeNode delay_time: -111.256ms, (2025-03-18 09:55:46.544287 - 2025-03-18 09:55:46.655543)
2025-03-18 09:55:46,545 - INFO - [soc.py:225] EDGE 수신 : rep status info E N STSW000001 
2025-03-18 09:55:46,545 - INFO - [soc.py:48] ####카프카 rep - {'header': {'cmd': 'rep', 'actn': 'status', 'dtlActn': 'info', 'strtpnt': 'N', 'dstn': 'H', 'userId': '', 'edgeId': 'STSW000001', 'edgeTy': 'CLS', 'timestamp': '2025-03-18 09:55:46.655543', 'command': '60053'}, 'data': {'accel': '100.000000', 'batteryRemainingCapacity': '60', 'batteryTemperature': '0', 'batteryVoltage': '0', 'brake': '0.000000', 'brakeStatus': '60', 'brakeType': '0', 'drivingDistance': '0.01', 'emergencyLight': '1', 'loadCapacity': '20.0', 'mdpsAngle': '-73.000000', 'transmission': '3', 'turnSignal': '1', 'wheelSpeed': '0.833333', 'workRate': '20.0', 'yawRate': '0.000000'}} 전송완료########### 
2025-03-18 09:55:46,758 - INFO - [soc.py:215] %%%%%%%%%%%% Edge -> EdgeNode delay_time: -112.639ms, (2025-03-18 09:55:46.758252 - 2025-03-18 09:55:46.870891)
2025-03-18 09:55:46,759 - INFO - [soc.py:225] EDGE 수신 : rep cls ctrlinfo E N STSW000001 
2025-03-18 09:55:46,759 - INFO - [soc.py:48] ####카프카 rep - {'header': {'cmd': 'rep', 'actn': 'cls', 'dtlActn': 'ctrlinfo', 'strtpnt': 'N', 'dstn': 'H', 'userId': '', 'edgeId': 'STSW000001', 'edgeTy': 'CLS', 'timestamp': '2025-03-18 09:55:46.870891', 'command': '80000'}, 'data': {'blowerRun': 0, 'sideLeftBrushRun': 1, 'sideRightBrushRun': 1, 'frontBrushRun': 0, 'flapRun': 1, 'waterPumpRuns': 0}} 전송완료########### 
2025-03-18 09:55:46,974 - INFO - [soc.py:215] %%%%%%%%%%%% Edge -> EdgeNode delay_time: -112.111ms, (2025-03-18 09:55:46.973501 - 2025-03-18 09:55:47.085612)
2025-03-18 09:55:46,974 - INFO - [soc.py:225] EDGE 수신 : rep vehicle location E N STSW000001 
2025-03-18 09:55:46,975 - INFO - [soc.py:48] ####카프카 rep - {'header': {'cmd': 'rep', 'actn': 'vehicle', 'dtlActn': 'location', 'strtpnt': 'N', 'dstn': 'H', 'userId': '', 'edgeId': 'STSW000001', 'edgeTy': 'CLS', 'timestamp': '2025-03-18 09:55:47.085612', 'command': '60310'}, 'data': {'heading': '282.271515', 'latitude': '36.610364', 'longitude': '127.288421', 'speed': '4.000000'}} 전송완료########### 
2025-03-18 09:55:47,187 - INFO - [soc.py:215] %%%%%%%%%%%% Edge -> EdgeNode delay_time: -112.411ms, (2025-03-18 09:55:47.186688 - 2025-03-18 09:55:47.299099)
2025-03-18 09:55:47,187 - INFO - [soc.py:225] EDGE 수신 : rep status info E N STSW000001 
2025-03-18 09:55:47,187 - INFO - [soc.py:48] ####카프카 rep - {'header': {'cmd': 'rep', 'actn': 'status', 'dtlActn': 'info', 'strtpnt': 'N', 'dstn': 'H', 'userId': '', 'edgeId': 'STSW000001', 'edgeTy': 'CLS', 'timestamp': '2025-03-18 09:55:47.299099', 'command': '60053'}, 'data': {'accel': '100.000000', 'batteryRemainingCapacity': '59', 'batteryTemperature': '0', 'batteryVoltage': '0', 'brake': '0.000000', 'brakeStatus': '59', 'brakeType': '0', 'drivingDistance': '0.01', 'emergencyLight': '1', 'loadCapacity': '20.0', 'mdpsAngle': '-55.000000', 'transmission': '3', 'turnSignal': '1', 'wheelSpeed': '1.111111', 'workRate': '20.0', 'yawRate': '0.000000'}} 전송완료########### 
2025-03-18 09:55:47,401 - INFO - [soc.py:215] %%%%%%%%%%%% Edge -> EdgeNode delay_time: -112.524ms, (2025-03-18 09:55:47.400732 - 2025-03-18 09:55:47.513256)
2025-03-18 09:55:47,401 - INFO - [soc.py:225] EDGE 수신 : rep cls ctrlinfo E N STSW000001 
2025-03-18 09:55:47,402 - INFO - [soc.py:48] ####카프카 rep - {'header': {'cmd': 'rep', 'actn': 'cls', 'dtlActn': 'ctrlinfo', 'strtpnt': 'N', 'dstn': 'H', 'userId': '', 'edgeId': 'STSW000001', 'edgeTy': 'CLS', 'timestamp': '2025-03-18 09:55:47.513256', 'command': '80000'}, 'data': {'blowerRun': 0, 'sideLeftBrushRun': 2, 'sideRightBrushRun': 0, 'frontBrushRun': 0, 'flapRun': 1, 'waterPumpRuns': 0}} 전송완료########### 
2025-03-18 09:55:47,617 - INFO - [soc.py:215] %%%%%%%%%%%% Edge -> EdgeNode delay_time: -111.746ms, (2025-03-18 09:55:47.616789 - 2025-03-18 09:55:47.728535)
2025-03-18 09:55:47,617 - INFO - [soc.py:225] EDGE 수신 : rep vehicle location E N STSW000001 
2025-03-18 09:55:47,618 - INFO - [soc.py:48] ####카프카 rep - {'header': {'cmd': 'rep', 'actn': 'vehicle', 'dtlActn': 'location', 'strtpnt': 'N', 'dstn': 'H', 'userId': '', 'edgeId': 'STSW000001', 'edgeTy': 'CLS', 'timestamp': '2025-03-18 09:55:47.728535', 'command': '60310'}, 'data': {'heading': '281.140198', 'latitude': '36.610364', 'longitude': '127.288427', 'speed': '5.000000'}} 전송완료########### 
2025-03-18 09:55:47,831 - INFO - [soc.py:215] %%%%%%%%%%%% Edge -> EdgeNode delay_time: -112.512ms, (2025-03-18 09:55:47.830606 - 2025-03-18 09:55:47.943118)
2025-03-18 09:55:47,831 - INFO - [soc.py:225] EDGE 수신 : rep status info E N STSW000001 
2025-03-18 09:55:47,832 - INFO - [soc.py:48] ####카프카 rep - {'header': {'cmd': 'rep', 'actn': 'status', 'dtlActn': 'info', 'strtpnt': 'N', 'dstn': 'H', 'userId': '', 'edgeId': 'STSW000001', 'edgeTy': 'CLS', 'timestamp': '2025-03-18 09:55:47.943118', 'command': '60053'}, 'data': {'accel': '100.000000', 'batteryRemainingCapacity': '60', 'batteryTemperature': '0', 'batteryVoltage': '0', 'brake': '0.000000', 'brakeStatus': '60', 'brakeType': '0', 'drivingDistance': '0.01', 'emergencyLight': '1', 'loadCapacity': '20.0', 'mdpsAngle': '-41.000000', 'transmission': '3', 'turnSignal': '1', 'wheelSpeed': '1.388889', 'workRate': '20.0', 'yawRate': '0.000000'}} 전송완료########### 
2025-03-18 09:55:48,045 - INFO - [soc.py:215] %%%%%%%%%%%% Edge -> EdgeNode delay_time: -111.959ms, (2025-03-18 09:55:48.045018 - 2025-03-18 09:55:48.156977)
2025-03-18 09:55:48,045 - INFO - [soc.py:225] EDGE 수신 : rep cls ctrlinfo E N STSW000001 
2025-03-18 09:55:48,046 - INFO - [soc.py:48] ####카프카 rep - {'header': {'cmd': 'rep', 'actn': 'cls', 'dtlActn': 'ctrlinfo', 'strtpnt': 'N', 'dstn': 'H', 'userId': '', 'edgeId': 'STSW000001', 'edgeTy': 'CLS', 'timestamp': '2025-03-18 09:55:48.156977', 'command': '80000'}, 'data': {'blowerRun': 0, 'sideLeftBrushRun': 1, 'sideRightBrushRun': 0, 'frontBrushRun': 2, 'flapRun': 1, 'waterPumpRuns': 1}} 전송완료########### 
2025-03-18 09:55:48,259 - INFO - [soc.py:215] %%%%%%%%%%%% Edge -> EdgeNode delay_time: -112.224ms, (2025-03-18 09:55:48.259071 - 2025-03-18 09:55:48.371295)
2025-03-18 09:55:48,259 - INFO - [soc.py:225] EDGE 수신 : rep vehicle location E N STSW000001 
2025-03-18 09:55:48,260 - INFO - [soc.py:48] ####카프카 rep - {'header': {'cmd': 'rep', 'actn': 'vehicle', 'dtlActn': 'location', 'strtpnt': 'N', 'dstn': 'H', 'userId': '', 'edgeId': 'STSW000001', 'edgeTy': 'CLS', 'timestamp': '2025-03-18 09:55:48.371295', 'command': '60310'}, 'data': {'heading': '279.753387', 'latitude': '36.610364', 'longitude': '127.288432', 'speed': '6.000000'}} 전송완료########### 
2025-03-18 09:55:48,473 - INFO - [soc.py:215] %%%%%%%%%%%% Edge -> EdgeNode delay_time: -112.479ms, (2025-03-18 09:55:48.473374 - 2025-03-18 09:55:48.585853)
2025-03-18 09:55:48,474 - INFO - [soc.py:225] EDGE 수신 : rep status info E N STSW000001 
2025-03-18 09:55:48,474 - INFO - [soc.py:48] ####카프카 rep - {'header': {'cmd': 'rep', 'actn': 'status', 'dtlActn': 'info', 'strtpnt': 'N', 'dstn': 'H', 'userId': '', 'edgeId': 'STSW000001', 'edgeTy': 'CLS', 'timestamp': '2025-03-18 09:55:48.585853', 'command': '60053'}, 'data': {'accel': '100.000000', 'batteryRemainingCapacity': '60', 'batteryTemperature': '0', 'batteryVoltage': '0', 'brake': '0.000000', 'brakeStatus': '60', 'brakeType': '0', 'drivingDistance': '0.01', 'emergencyLight': '1', 'loadCapacity': '20.0', 'mdpsAngle': '-33.000000', 'transmission': '3', 'turnSignal': '1', 'wheelSpeed': '1.666667', 'workRate': '20.0', 'yawRate': '0.000000'}} 전송완료########### 
2025-03-18 09:55:48,687 - INFO - [soc.py:215] %%%%%%%%%%%% Edge -> EdgeNode delay_time: -110.664ms, (2025-03-18 09:55:48.687021 - 2025-03-18 09:55:48.797685)
2025-03-18 09:55:48,687 - INFO - [soc.py:225] EDGE 수신 : rep cls ctrlinfo E N STSW000001 
2025-03-18 09:55:48,688 - INFO - [soc.py:48] ####카프카 rep - {'header': {'cmd': 'rep', 'actn': 'cls', 'dtlActn': 'ctrlinfo', 'strtpnt': 'N', 'dstn': 'H', 'userId': '', 'edgeId': 'STSW000001', 'edgeTy': 'CLS', 'timestamp': '2025-03-18 09:55:48.797685', 'command': '80000'}, 'data': {'blowerRun': 1, 'sideLeftBrushRun': 1, 'sideRightBrushRun': 2, 'frontBrushRun': 1, 'flapRun': 2, 'waterPumpRuns': 1}} 전송완료########### 
2025-03-18 09:55:48,940 - INFO - [soc.py:215] %%%%%%%%%%%% Edge -> EdgeNode delay_time: -111.821ms, (2025-03-18 09:55:48.940110 - 2025-03-18 09:55:49.051931)
2025-03-18 09:55:48,941 - INFO - [soc.py:225] EDGE 수신 : rep vehicle location E N STSW000001 
2025-03-18 09:55:48,941 - INFO - [soc.py:48] ####카프카 rep - {'header': {'cmd': 'rep', 'actn': 'vehicle', 'dtlActn': 'location', 'strtpnt': 'N', 'dstn': 'H', 'userId': '', 'edgeId': 'STSW000001', 'edgeTy': 'CLS', 'timestamp': '2025-03-18 09:55:49.051931', 'command': '60310'}, 'data': {'heading': '278.290100', 'latitude': '36.610364', 'longitude': '127.288437', 'speed': '6.000000'}} 전송완료########### 
2025-03-18 09:55:49,149 - INFO - [soc.py:215] %%%%%%%%%%%% Edge -> EdgeNode delay_time: -111.897ms, (2025-03-18 09:55:49.148634 - 2025-03-18 09:55:49.260531)
2025-03-18 09:55:49,149 - INFO - [soc.py:225] EDGE 수신 : rep status info E N STSW000001 
2025-03-18 09:55:49,150 - INFO - [soc.py:48] ####카프카 rep - {'header': {'cmd': 'rep', 'actn': 'status', 'dtlActn': 'info', 'strtpnt': 'N', 'dstn': 'H', 'userId': '', 'edgeId': 'STSW000001', 'edgeTy': 'CLS', 'timestamp': '2025-03-18 09:55:49.260531', 'command': '60053'}, 'data': {'accel': '100.000000', 'batteryRemainingCapacity': '59', 'batteryTemperature': '0', 'batteryVoltage': '0', 'brake': '0.000000', 'brakeStatus': '59', 'brakeType': '0', 'drivingDistance': '0.01', 'emergencyLight': '1', 'loadCapacity': '20.0', 'mdpsAngle': '-25.000000', 'transmission': '3', 'turnSignal': '1', 'wheelSpeed': '1.666667', 'workRate': '20.0', 'yawRate': '0.000000'}} 전송완료########### 
2025-03-18 09:55:49,362 - INFO - [soc.py:215] %%%%%%%%%%%% Edge -> EdgeNode delay_time: -111.82ms, (2025-03-18 09:55:49.362564 - 2025-03-18 09:55:49.474384)
2025-03-18 09:55:49,363 - INFO - [soc.py:225] EDGE 수신 : rep cls ctrlinfo E N STSW000001 
2025-03-18 09:55:49,363 - INFO - [soc.py:48] ####카프카 rep - {'header': {'cmd': 'rep', 'actn': 'cls', 'dtlActn': 'ctrlinfo', 'strtpnt': 'N', 'dstn': 'H', 'userId': '', 'edgeId': 'STSW000001', 'edgeTy': 'CLS', 'timestamp': '2025-03-18 09:55:49.474384', 'command': '80000'}, 'data': {'blowerRun': 0, 'sideLeftBrushRun': 0, 'sideRightBrushRun': 0, 'frontBrushRun': 0, 'flapRun': 2, 'waterPumpRuns': 2}} 전송완료########### 
2025-03-18 09:55:49,565 - INFO - [soc.py:215] %%%%%%%%%%%% Edge -> EdgeNode delay_time: -111.761ms, (2025-03-18 09:55:49.564764 - 2025-03-18 09:55:49.676525)
2025-03-18 09:55:49,565 - INFO - [soc.py:225] EDGE 수신 : rep vehicle location E N STSW000001 
2025-03-18 09:55:49,565 - INFO - [soc.py:48] ####카프카 rep - {'header': {'cmd': 'rep', 'actn': 'vehicle', 'dtlActn': 'location', 'strtpnt': 'N', 'dstn': 'H', 'userId': '', 'edgeId': 'STSW000001', 'edgeTy': 'CLS', 'timestamp': '2025-03-18 09:55:49.676525', 'command': '60310'}, 'data': {'heading': '277.186401', 'latitude': '36.610364', 'longitude': '127.288441', 'speed': '7.000000'}} 전송완료########### 
2025-03-18 09:55:49,780 - INFO - [soc.py:215] %%%%%%%%%%%% Edge -> EdgeNode delay_time: -112.337ms, (2025-03-18 09:55:49.779691 - 2025-03-18 09:55:49.892028)
2025-03-18 09:55:49,780 - INFO - [soc.py:225] EDGE 수신 : rep status info E N STSW000001 
2025-03-18 09:55:49,781 - INFO - [soc.py:48] ####카프카 rep - {'header': {'cmd': 'rep', 'actn': 'status', 'dtlActn': 'info', 'strtpnt': 'N', 'dstn': 'H', 'userId': '', 'edgeId': 'STSW000001', 'edgeTy': 'CLS', 'timestamp': '2025-03-18 09:55:49.892028', 'command': '60053'}, 'data': {'accel': '100.000000', 'batteryRemainingCapacity': '60', 'batteryTemperature': '0', 'batteryVoltage': '0', 'brake': '0.000000', 'brakeStatus': '60', 'brakeType': '0', 'drivingDistance': '0.01', 'emergencyLight': '1', 'loadCapacity': '20.0', 'mdpsAngle': '-25.000000', 'transmission': '3', 'turnSignal': '1', 'wheelSpeed': '1.944444', 'workRate': '20.0', 'yawRate': '0.000000'}} 전송완료########### 
2025-03-18 09:55:49,994 - INFO - [soc.py:215] %%%%%%%%%%%% Edge -> EdgeNode delay_time: -111.944ms, (2025-03-18 09:55:49.994185 - 2025-03-18 09:55:50.106129)
2025-03-18 09:55:49,994 - INFO - [soc.py:225] EDGE 수신 : rep cls ctrlinfo E N STSW000001 
2025-03-18 09:55:49,995 - INFO - [soc.py:48] ####카프카 rep - {'header': {'cmd': 'rep', 'actn': 'cls', 'dtlActn': 'ctrlinfo', 'strtpnt': 'N', 'dstn': 'H', 'userId': '', 'edgeId': 'STSW000001', 'edgeTy': 'CLS', 'timestamp': '2025-03-18 09:55:50.106129', 'command': '80000'}, 'data': {'blowerRun': 1, 'sideLeftBrushRun': 1, 'sideRightBrushRun': 0, 'frontBrushRun': 0, 'flapRun': 1, 'waterPumpRuns': 0}} 전송완료########### 
2025-03-18 09:55:50,210 - INFO - [soc.py:215] %%%%%%%%%%%% Edge -> EdgeNode delay_time: -111.727ms, (2025-03-18 09:55:50.210595 - 2025-03-18 09:55:50.322322)
2025-03-18 09:55:50,211 - INFO - [soc.py:225] EDGE 수신 : rep vehicle location E N STSW000001 
2025-03-18 09:55:50,211 - INFO - [soc.py:48] ####카프카 rep - {'header': {'cmd': 'rep', 'actn': 'vehicle', 'dtlActn': 'location', 'strtpnt': 'N', 'dstn': 'H', 'userId': '', 'edgeId': 'STSW000001', 'edgeTy': 'CLS', 'timestamp': '2025-03-18 09:55:50.322322', 'command': '60310'}, 'data': {'heading': '276.328308', 'latitude': '36.610364', 'longitude': '127.288445', 'speed': '8.000000'}} 전송완료########### 
2025-03-18 09:55:50,427 - INFO - [soc.py:215] %%%%%%%%%%%% Edge -> EdgeNode delay_time: -110.986ms, (2025-03-18 09:55:50.427444 - 2025-03-18 09:55:50.538430)
2025-03-18 09:55:50,428 - INFO - [soc.py:225] EDGE 수신 : rep status info E N STSW000001 
2025-03-18 09:55:50,428 - INFO - [soc.py:48] ####카프카 rep - {'header': {'cmd': 'rep', 'actn': 'status', 'dtlActn': 'info', 'strtpnt': 'N', 'dstn': 'H', 'userId': '', 'edgeId': 'STSW000001', 'edgeTy': 'CLS', 'timestamp': '2025-03-18 09:55:50.538430', 'command': '60053'}, 'data': {'accel': '100.000000', 'batteryRemainingCapacity': '59', 'batteryTemperature': '0', 'batteryVoltage': '0', 'brake': '0.000000', 'brakeStatus': '59', 'brakeType': '0', 'drivingDistance': '0.01', 'emergencyLight': '1', 'loadCapacity': '20.0', 'mdpsAngle': '-25.000000', 'transmission': '3', 'turnSignal': '1', 'wheelSpeed': '2.222222', 'workRate': '20.0', 'yawRate': '0.000000'}} 전송완료########### 
2025-03-18 09:55:50,640 - INFO - [soc.py:215] %%%%%%%%%%%% Edge -> EdgeNode delay_time: -111.614ms, (2025-03-18 09:55:50.639835 - 2025-03-18 09:55:50.751449)
2025-03-18 09:55:50,640 - INFO - [soc.py:225] EDGE 수신 : rep cls ctrlinfo E N STSW000001 
2025-03-18 09:55:50,641 - INFO - [soc.py:48] ####카프카 rep - {'header': {'cmd': 'rep', 'actn': 'cls', 'dtlActn': 'ctrlinfo', 'strtpnt': 'N', 'dstn': 'H', 'userId': '', 'edgeId': 'STSW000001', 'edgeTy': 'CLS', 'timestamp': '2025-03-18 09:55:50.751449', 'command': '80000'}, 'data': {'blowerRun': 1, 'sideLeftBrushRun': 0, 'sideRightBrushRun': 1, 'frontBrushRun': 1, 'flapRun': 0, 'waterPumpRuns': 1}} 전송완료########### 
2025-03-18 09:55:50,853 - INFO - [soc.py:215] %%%%%%%%%%%% Edge -> EdgeNode delay_time: -112.423ms, (2025-03-18 09:55:50.853414 - 2025-03-18 09:55:50.965837)
2025-03-18 09:55:50,854 - INFO - [soc.py:225] EDGE 수신 : rep vehicle location E N STSW000001 
2025-03-18 09:55:50,854 - INFO - [soc.py:48] ####카프카 rep - {'header': {'cmd': 'rep', 'actn': 'vehicle', 'dtlActn': 'location', 'strtpnt': 'N', 'dstn': 'H', 'userId': '', 'edgeId': 'STSW000001', 'edgeTy': 'CLS', 'timestamp': '2025-03-18 09:55:50.965837', 'command': '60310'}, 'data': {'heading': '275.554993', 'latitude': '36.610364', 'longitude': '127.288448', 'speed': '8.000000'}} 전송완료########### 
2025-03-18 09:55:51,070 - INFO - [soc.py:215] %%%%%%%%%%%% Edge -> EdgeNode delay_time: -112.335ms, (2025-03-18 09:55:51.070093 - 2025-03-18 09:55:51.182428)
2025-03-18 09:55:51,070 - INFO - [soc.py:225] EDGE 수신 : rep status info E N STSW000001 
2025-03-18 09:55:51,071 - INFO - [soc.py:48] ####카프카 rep - {'header': {'cmd': 'rep', 'actn': 'status', 'dtlActn': 'info', 'strtpnt': 'N', 'dstn': 'H', 'userId': '', 'edgeId': 'STSW000001', 'edgeTy': 'CLS', 'timestamp': '2025-03-18 09:55:51.182428', 'command': '60053'}, 'data': {'accel': '100.000000', 'batteryRemainingCapacity': '59', 'batteryTemperature': '0', 'batteryVoltage': '0', 'brake': '0.000000', 'brakeStatus': '59', 'brakeType': '0', 'drivingDistance': '0.01', 'emergencyLight': '1', 'loadCapacity': '20.0', 'mdpsAngle': '-25.000000', 'transmission': '3', 'turnSignal': '1', 'wheelSpeed': '2.222222', 'workRate': '20.0', 'yawRate': '0.000000'}} 전송완료########### 
2025-03-18 09:55:51,288 - INFO - [soc.py:215] %%%%%%%%%%%% Edge -> EdgeNode delay_time: -112.434ms, (2025-03-18 09:55:51.287764 - 2025-03-18 09:55:51.400198)
2025-03-18 09:55:51,288 - INFO - [soc.py:225] EDGE 수신 : rep cls ctrlinfo E N STSW000001 
2025-03-18 09:55:51,288 - INFO - [soc.py:48] ####카프카 rep - {'header': {'cmd': 'rep', 'actn': 'cls', 'dtlActn': 'ctrlinfo', 'strtpnt': 'N', 'dstn': 'H', 'userId': '', 'edgeId': 'STSW000001', 'edgeTy': 'CLS', 'timestamp': '2025-03-18 09:55:51.400198', 'command': '80000'}, 'data': {'blowerRun': 1, 'sideLeftBrushRun': 1, 'sideRightBrushRun': 0, 'frontBrushRun': 0, 'flapRun': 1, 'waterPumpRuns': 0}} 전송완료########### 
2025-03-18 09:55:51,501 - INFO - [soc.py:215] %%%%%%%%%%%% Edge -> EdgeNode delay_time: -111.308ms, (2025-03-18 09:55:51.501556 - 2025-03-18 09:55:51.612864)
2025-03-18 09:55:51,502 - INFO - [soc.py:225] EDGE 수신 : rep vehicle location E N STSW000001 
2025-03-18 09:55:51,502 - INFO - [soc.py:48] ####카프카 rep - {'header': {'cmd': 'rep', 'actn': 'vehicle', 'dtlActn': 'location', 'strtpnt': 'N', 'dstn': 'H', 'userId': '', 'edgeId': 'STSW000001', 'edgeTy': 'CLS', 'timestamp': '2025-03-18 09:55:51.612864', 'command': '60310'}, 'data': {'heading': '274.525513', 'latitude': '36.610365', 'longitude': '127.288451', 'speed': '9.000000'}} 전송완료########### 
2025-03-18 09:55:51,718 - INFO - [soc.py:215] %%%%%%%%%%%% Edge -> EdgeNode delay_time: -111.755ms, (2025-03-18 09:55:51.717715 - 2025-03-18 09:55:51.829470)
2025-03-18 09:55:51,718 - INFO - [soc.py:225] EDGE 수신 : rep status info E N STSW000001 
2025-03-18 09:55:51,719 - INFO - [soc.py:48] ####카프카 rep - {'header': {'cmd': 'rep', 'actn': 'status', 'dtlActn': 'info', 'strtpnt': 'N', 'dstn': 'H', 'userId': '', 'edgeId': 'STSW000001', 'edgeTy': 'CLS', 'timestamp': '2025-03-18 09:55:51.829470', 'command': '60053'}, 'data': {'accel': '100.000000', 'batteryRemainingCapacity': '60', 'batteryTemperature': '0', 'batteryVoltage': '0', 'brake': '0.000000', 'brakeStatus': '60', 'brakeType': '0', 'drivingDistance': '0.01', 'emergencyLight': '1', 'loadCapacity': '20.0', 'mdpsAngle': '-25.000000', 'transmission': '3', 'turnSignal': '1', 'wheelSpeed': '2.500000', 'workRate': '20.0', 'yawRate': '0.000000'}} 전송완료########### 
2025-03-18 09:55:51,932 - INFO - [soc.py:215] %%%%%%%%%%%% Edge -> EdgeNode delay_time: -112.205ms, (2025-03-18 09:55:51.932247 - 2025-03-18 09:55:52.044452)
2025-03-18 09:55:51,933 - INFO - [soc.py:225] EDGE 수신 : rep cls ctrlinfo E N STSW000001 
2025-03-18 09:55:51,933 - INFO - [soc.py:48] ####카프카 rep - {'header': {'cmd': 'rep', 'actn': 'cls', 'dtlActn': 'ctrlinfo', 'strtpnt': 'N', 'dstn': 'H', 'userId': '', 'edgeId': 'STSW000001', 'edgeTy': 'CLS', 'timestamp': '2025-03-18 09:55:52.044452', 'command': '80000'}, 'data': {'blowerRun': 1, 'sideLeftBrushRun': 0, 'sideRightBrushRun': 1, 'frontBrushRun': 1, 'flapRun': 1, 'waterPumpRuns': 1}} 전송완료########### 
2025-03-18 09:55:52,146 - INFO - [soc.py:215] %%%%%%%%%%%% Edge -> EdgeNode delay_time: -112.536ms, (2025-03-18 09:55:52.146380 - 2025-03-18 09:55:52.258916)
2025-03-18 09:55:52,147 - INFO - [soc.py:225] EDGE 수신 : rep vehicle location E N STSW000001 
2025-03-18 09:55:52,147 - INFO - [soc.py:48] ####카프카 rep - {'header': {'cmd': 'rep', 'actn': 'vehicle', 'dtlActn': 'location', 'strtpnt': 'N', 'dstn': 'H', 'userId': '', 'edgeId': 'STSW000001', 'edgeTy': 'CLS', 'timestamp': '2025-03-18 09:55:52.258916', 'command': '60310'}, 'data': {'heading': '273.820099', 'latitude': '36.610365', 'longitude': '127.288453', 'speed': '9.000000'}} 전송완료########### 
2025-03-18 09:55:52,359 - INFO - [soc.py:215] %%%%%%%%%%%% Edge -> EdgeNode delay_time: -111.71ms, (2025-03-18 09:55:52.359440 - 2025-03-18 09:55:52.471150)
2025-03-18 09:55:52,360 - INFO - [soc.py:225] EDGE 수신 : rep status info E N STSW000001 
2025-03-18 09:55:52,360 - INFO - [soc.py:48] ####카프카 rep - {'header': {'cmd': 'rep', 'actn': 'status', 'dtlActn': 'info', 'strtpnt': 'N', 'dstn': 'H', 'userId': '', 'edgeId': 'STSW000001', 'edgeTy': 'CLS', 'timestamp': '2025-03-18 09:55:52.471150', 'command': '60053'}, 'data': {'accel': '100.000000', 'batteryRemainingCapacity': '60', 'batteryTemperature': '0', 'batteryVoltage': '0', 'brake': '0.000000', 'brakeStatus': '60', 'brakeType': '0', 'drivingDistance': '0.01', 'emergencyLight': '1', 'loadCapacity': '20.0', 'mdpsAngle': '-18.000000', 'transmission': '3', 'turnSignal': '1', 'wheelSpeed': '2.500000', 'workRate': '20.0', 'yawRate': '0.000000'}} 전송완료########### 
2025-03-18 09:55:52,573 - INFO - [soc.py:215] %%%%%%%%%%%% Edge -> EdgeNode delay_time: -111.779ms, (2025-03-18 09:55:52.573535 - 2025-03-18 09:55:52.685314)
2025-03-18 09:55:52,574 - INFO - [soc.py:225] EDGE 수신 : rep cls ctrlinfo E N STSW000001 
2025-03-18 09:55:52,574 - INFO - [soc.py:48] ####카프카 rep - {'header': {'cmd': 'rep', 'actn': 'cls', 'dtlActn': 'ctrlinfo', 'strtpnt': 'N', 'dstn': 'H', 'userId': '', 'edgeId': 'STSW000001', 'edgeTy': 'CLS', 'timestamp': '2025-03-18 09:55:52.685314', 'command': '80000'}, 'data': {'blowerRun': 1, 'sideLeftBrushRun': 1, 'sideRightBrushRun': 1, 'frontBrushRun': 0, 'flapRun': 0, 'waterPumpRuns': 2}} 전송완료########### 
2025-03-18 09:55:52,788 - INFO - [soc.py:215] %%%%%%%%%%%% Edge -> EdgeNode delay_time: -111.167ms, (2025-03-18 09:55:52.788747 - 2025-03-18 09:55:52.899914)
2025-03-18 09:55:52,789 - INFO - [soc.py:225] EDGE 수신 : rep vehicle location E N STSW000001 
2025-03-18 09:55:52,789 - INFO - [soc.py:48] ####카프카 rep - {'header': {'cmd': 'rep', 'actn': 'vehicle', 'dtlActn': 'location', 'strtpnt': 'N', 'dstn': 'H', 'userId': '', 'edgeId': 'STSW000001', 'edgeTy': 'CLS', 'timestamp': '2025-03-18 09:55:52.899914', 'command': '60310'}, 'data': {'heading': '273.133209', 'latitude': '36.610365', 'longitude': '127.288455', 'speed': '10.000000'}} 전송완료########### 
2025-03-18 09:55:53,003 - INFO - [soc.py:215] %%%%%%%%%%%% Edge -> EdgeNode delay_time: -112.043ms, (2025-03-18 09:55:53.002920 - 2025-03-18 09:55:53.114963)
2025-03-18 09:55:53,003 - INFO - [soc.py:225] EDGE 수신 : rep status info E N STSW000001 
2025-03-18 09:55:53,004 - INFO - [soc.py:48] ####카프카 rep - {'header': {'cmd': 'rep', 'actn': 'status', 'dtlActn': 'info', 'strtpnt': 'N', 'dstn': 'H', 'userId': '', 'edgeId': 'STSW000001', 'edgeTy': 'CLS', 'timestamp': '2025-03-18 09:55:53.114963', 'command': '60053'}, 'data': {'accel': '100.000000', 'batteryRemainingCapacity': '59', 'batteryTemperature': '0', 'batteryVoltage': '0', 'brake': '0.000000', 'brakeStatus': '59', 'brakeType': '0', 'drivingDistance': '0.01', 'emergencyLight': '1', 'loadCapacity': '20.0', 'mdpsAngle': '-16.000000', 'transmission': '3', 'turnSignal': '1', 'wheelSpeed': '2.777778', 'workRate': '20.0', 'yawRate': '0.000000'}} 전송완료########### 
2025-03-18 09:55:53,216 - INFO - [soc.py:215] %%%%%%%%%%%% Edge -> EdgeNode delay_time: -111.754ms, (2025-03-18 09:55:53.216370 - 2025-03-18 09:55:53.328124)
2025-03-18 09:55:53,217 - INFO - [soc.py:225] EDGE 수신 : rep cls ctrlinfo E N STSW000001 
2025-03-18 09:55:53,217 - INFO - [soc.py:48] ####카프카 rep - {'header': {'cmd': 'rep', 'actn': 'cls', 'dtlActn': 'ctrlinfo', 'strtpnt': 'N', 'dstn': 'H', 'userId': '', 'edgeId': 'STSW000001', 'edgeTy': 'CLS', 'timestamp': '2025-03-18 09:55:53.328124', 'command': '80000'}, 'data': {'blowerRun': 2, 'sideLeftBrushRun': 2, 'sideRightBrushRun': 0, 'frontBrushRun': 0, 'flapRun': 1, 'waterPumpRuns': 0}} 전송완료########### 
2025-03-18 09:55:53,430 - INFO - [soc.py:215] %%%%%%%%%%%% Edge -> EdgeNode delay_time: -111.533ms, (2025-03-18 09:55:53.430057 - 2025-03-18 09:55:53.541590)
2025-03-18 09:55:53,430 - INFO - [soc.py:225] EDGE 수신 : rep vehicle location E N STSW000001 
2025-03-18 09:55:53,431 - INFO - [soc.py:48] ####카프카 rep - {'header': {'cmd': 'rep', 'actn': 'vehicle', 'dtlActn': 'location', 'strtpnt': 'N', 'dstn': 'H', 'userId': '', 'edgeId': 'STSW000001', 'edgeTy': 'CLS', 'timestamp': '2025-03-18 09:55:53.541590', 'command': '60310'}, 'data': {'heading': '272.681396', 'latitude': '36.610365', 'longitude': '127.288457', 'speed': '10.000000'}} 전송완료########### 
2025-03-18 09:55:53,642 - INFO - [soc.py:215] %%%%%%%%%%%% Edge -> EdgeNode delay_time: -111.913ms, (2025-03-18 09:55:53.642535 - 2025-03-18 09:55:53.754448)
2025-03-18 09:55:53,643 - INFO - [soc.py:225] EDGE 수신 : rep status info E N STSW000001 
2025-03-18 09:55:53,643 - INFO - [soc.py:48] ####카프카 rep - {'header': {'cmd': 'rep', 'actn': 'status', 'dtlActn': 'info', 'strtpnt': 'N', 'dstn': 'H', 'userId': '', 'edgeId': 'STSW000001', 'edgeTy': 'CLS', 'timestamp': '2025-03-18 09:55:53.754448', 'command': '60053'}, 'data': {'accel': '100.000000', 'batteryRemainingCapacity': '60', 'batteryTemperature': '0', 'batteryVoltage': '0', 'brake': '0.000000', 'brakeStatus': '60', 'brakeType': '0', 'drivingDistance': '0.01', 'emergencyLight': '1', 'loadCapacity': '20.0', 'mdpsAngle': '-16.000000', 'transmission': '3', 'turnSignal': '1', 'wheelSpeed': '2.777778', 'workRate': '20.0', 'yawRate': '0.000000'}} 전송완료########### 
2025-03-18 09:55:53,859 - INFO - [soc.py:215] %%%%%%%%%%%% Edge -> EdgeNode delay_time: -112.055ms, (2025-03-18 09:55:53.858952 - 2025-03-18 09:55:53.971007)
2025-03-18 09:55:53,859 - INFO - [soc.py:225] EDGE 수신 : rep cls ctrlinfo E N STSW000001 
2025-03-18 09:55:53,859 - INFO - [soc.py:48] ####카프카 rep - {'header': {'cmd': 'rep', 'actn': 'cls', 'dtlActn': 'ctrlinfo', 'strtpnt': 'N', 'dstn': 'H', 'userId': '', 'edgeId': 'STSW000001', 'edgeTy': 'CLS', 'timestamp': '2025-03-18 09:55:53.971007', 'command': '80000'}, 'data': {'blowerRun': 0, 'sideLeftBrushRun': 2, 'sideRightBrushRun': 0, 'frontBrushRun': 0, 'flapRun': 1, 'waterPumpRuns': 0}} 전송완료########### 
2025-03-18 09:55:54,073 - INFO - [soc.py:215] %%%%%%%%%%%% Edge -> EdgeNode delay_time: -111.408ms, (2025-03-18 09:55:54.073252 - 2025-03-18 09:55:54.184660)
2025-03-18 09:55:54,074 - INFO - [soc.py:225] EDGE 수신 : rep vehicle location E N STSW000001 
2025-03-18 09:55:54,074 - INFO - [soc.py:48] ####카프카 rep - {'header': {'cmd': 'rep', 'actn': 'vehicle', 'dtlActn': 'location', 'strtpnt': 'N', 'dstn': 'H', 'userId': '', 'edgeId': 'STSW000001', 'edgeTy': 'CLS', 'timestamp': '2025-03-18 09:55:54.184660', 'command': '60310'}, 'data': {'heading': '272.334991', 'latitude': '36.610365', 'longitude': '127.288458', 'speed': '10.000000'}} 전송완료########### 
2025-03-18 09:55:54,286 - INFO - [soc.py:215] %%%%%%%%%%%% Edge -> EdgeNode delay_time: -111.827ms, (2025-03-18 09:55:54.286497 - 2025-03-18 09:55:54.398324)
2025-03-18 09:55:54,287 - INFO - [soc.py:225] EDGE 수신 : rep status info E N STSW000001 
2025-03-18 09:55:54,287 - INFO - [soc.py:48] ####카프카 rep - {'header': {'cmd': 'rep', 'actn': 'status', 'dtlActn': 'info', 'strtpnt': 'N', 'dstn': 'H', 'userId': '', 'edgeId': 'STSW000001', 'edgeTy': 'CLS', 'timestamp': '2025-03-18 09:55:54.398324', 'command': '60053'}, 'data': {'accel': '100.000000', 'batteryRemainingCapacity': '60', 'batteryTemperature': '0', 'batteryVoltage': '0', 'brake': '0.000000', 'brakeStatus': '60', 'brakeType': '0', 'drivingDistance': '0.01', 'emergencyLight': '1', 'loadCapacity': '20.0', 'mdpsAngle': '-16.000000', 'transmission': '3', 'turnSignal': '1', 'wheelSpeed': '2.777778', 'workRate': '20.0', 'yawRate': '0.000000'}} 전송완료########### 
2025-03-18 09:55:54,499 - INFO - [soc.py:215] %%%%%%%%%%%% Edge -> EdgeNode delay_time: -112.029ms, (2025-03-18 09:55:54.499483 - 2025-03-18 09:55:54.611512)
2025-03-18 09:55:54,500 - INFO - [soc.py:225] EDGE 수신 : rep cls ctrlinfo E N STSW000001 
2025-03-18 09:55:54,500 - INFO - [soc.py:48] ####카프카 rep - {'header': {'cmd': 'rep', 'actn': 'cls', 'dtlActn': 'ctrlinfo', 'strtpnt': 'N', 'dstn': 'H', 'userId': '', 'edgeId': 'STSW000001', 'edgeTy': 'CLS', 'timestamp': '2025-03-18 09:55:54.611512', 'command': '80000'}, 'data': {'blowerRun': 0, 'sideLeftBrushRun': 1, 'sideRightBrushRun': 1, 'frontBrushRun': 1, 'flapRun': 1, 'waterPumpRuns': 0}} 전송완료########### 
2025-03-18 09:55:54,712 - INFO - [soc.py:215] %%%%%%%%%%%% Edge -> EdgeNode delay_time: -111.657ms, (2025-03-18 09:55:54.712558 - 2025-03-18 09:55:54.824215)
2025-03-18 09:55:54,713 - INFO - [soc.py:225] EDGE 수신 : rep vehicle location E N STSW000001 
2025-03-18 09:55:54,713 - INFO - [soc.py:48] ####카프카 rep - {'header': {'cmd': 'rep', 'actn': 'vehicle', 'dtlActn': 'location', 'strtpnt': 'N', 'dstn': 'H', 'userId': '', 'edgeId': 'STSW000001', 'edgeTy': 'CLS', 'timestamp': '2025-03-18 09:55:54.824215', 'command': '60310'}, 'data': {'heading': '272.144104', 'latitude': '36.610365', 'longitude': '127.288458', 'speed': '10.000000'}} 전송완료########### 
2025-03-18 09:55:54,927 - INFO - [soc.py:215] %%%%%%%%%%%% Edge -> EdgeNode delay_time: -112.553ms, (2025-03-18 09:55:54.927234 - 2025-03-18 09:55:55.039787)
2025-03-18 09:55:54,928 - INFO - [soc.py:225] EDGE 수신 : rep status info E N STSW000001 
2025-03-18 09:55:54,928 - INFO - [soc.py:48] ####카프카 rep - {'header': {'cmd': 'rep', 'actn': 'status', 'dtlActn': 'info', 'strtpnt': 'N', 'dstn': 'H', 'userId': '', 'edgeId': 'STSW000001', 'edgeTy': 'CLS', 'timestamp': '2025-03-18 09:55:55.039787', 'command': '60053'}, 'data': {'accel': '100.000000', 'batteryRemainingCapacity': '59', 'batteryTemperature': '0', 'batteryVoltage': '0', 'brake': '0.000000', 'brakeStatus': '59', 'brakeType': '0', 'drivingDistance': '0.01', 'emergencyLight': '1', 'loadCapacity': '20.0', 'mdpsAngle': '-13.000000', 'transmission': '3', 'turnSignal': '1', 'wheelSpeed': '2.777778', 'workRate': '20.0', 'yawRate': '0.000000'}} 전송완료########### 
2025-03-18 09:55:55,144 - INFO - [soc.py:215] %%%%%%%%%%%% Edge -> EdgeNode delay_time: -112.28ms, (2025-03-18 09:55:55.144153 - 2025-03-18 09:55:55.256433)
2025-03-18 09:55:55,144 - INFO - [soc.py:225] EDGE 수신 : rep cls ctrlinfo E N STSW000001 
2025-03-18 09:55:55,145 - INFO - [soc.py:48] ####카프카 rep - {'header': {'cmd': 'rep', 'actn': 'cls', 'dtlActn': 'ctrlinfo', 'strtpnt': 'N', 'dstn': 'H', 'userId': '', 'edgeId': 'STSW000001', 'edgeTy': 'CLS', 'timestamp': '2025-03-18 09:55:55.256433', 'command': '80000'}, 'data': {'blowerRun': 0, 'sideLeftBrushRun': 2, 'sideRightBrushRun': 1, 'frontBrushRun': 1, 'flapRun': 0, 'waterPumpRuns': 0}} 전송완료########### 
2025-03-18 09:55:55,358 - INFO - [soc.py:215] %%%%%%%%%%%% Edge -> EdgeNode delay_time: -112.134ms, (2025-03-18 09:55:55.358439 - 2025-03-18 09:55:55.470573)
2025-03-18 09:55:55,359 - INFO - [soc.py:225] EDGE 수신 : rep vehicle location E N STSW000001 
2025-03-18 09:55:55,359 - INFO - [soc.py:48] ####카프카 rep - {'header': {'cmd': 'rep', 'actn': 'vehicle', 'dtlActn': 'location', 'strtpnt': 'N', 'dstn': 'H', 'userId': '', 'edgeId': 'STSW000001', 'edgeTy': 'CLS', 'timestamp': '2025-03-18 09:55:55.470573', 'command': '60310'}, 'data': {'heading': '272.151886', 'latitude': '36.610365', 'longitude': '127.288458', 'speed': '10.000000'}} 전송완료########### 
2025-03-18 09:55:55,416 - ERROR - [soc.py:262] ==> 특장차 ConnectionResetError
Traceback (most recent call last):
  File "soc.py", line 151, in handle
    data = conn.recv(recv_len).decode(encoding=recv_encoding)
ConnectionResetError: [Errno 104] Connection reset by peer
2025-03-18 09:55:55,417 - INFO - [soc.py:280] finish
2025-03-18 09:55:55,417 - INFO - [soc.py:285] 현재 특장차 Client 접속수 : 0
2025-03-18 09:59:11,650 - INFO - [soc.py:106] __init__ 호출 MyTCPHandler1
2025-03-18 09:59:11,651 - INFO - [soc.py:133] 특장차 setup 호출
2025-03-18 09:59:11,651 - INFO - [soc.py:147] 특장차 접속 :  172.30.1.80
2025-03-18 09:59:11,655 - INFO - [soc.py:215] %%%%%%%%%%%% Edge -> EdgeNode delay_time: -109.172ms, (2025-03-18 09:59:11.655153 - 2025-03-18 09:59:11.764325)
2025-03-18 09:59:11,655 - INFO - [soc.py:225] EDGE 수신 : rep vehicle location E N STSW000001 
2025-03-18 09:59:11,656 - INFO - [soc.py:48] ####카프카 rep - {'header': {'cmd': 'rep', 'actn': 'vehicle', 'dtlActn': 'location', 'strtpnt': 'N', 'dstn': 'H', 'userId': '', 'edgeId': 'STSW000001', 'edgeTy': 'CLS', 'timestamp': '2025-03-18 09:59:11.764325', 'command': '60310'}, 'data': {'heading': '287.559692', 'latitude': '36.610374', 'longitude': '127.288359', 'speed': '0.000000'}} 전송완료########### 
2025-03-18 09:59:14,715 - INFO - [soc.py:215] %%%%%%%%%%%% Edge -> EdgeNode delay_time: -59.67ms, (2025-03-18 09:59:14.715218 - 2025-03-18 09:59:14.774888)
2025-03-18 09:59:14,716 - INFO - [soc.py:225] EDGE 수신 : rep status info E N STSW000001 
2025-03-18 09:59:14,716 - INFO - [soc.py:48] ####카프카 rep - {'header': {'cmd': 'rep', 'actn': 'status', 'dtlActn': 'info', 'strtpnt': 'N', 'dstn': 'H', 'userId': '', 'edgeId': 'STSW000001', 'edgeTy': 'CLS', 'timestamp': '2025-03-18 09:59:14.774888', 'command': '60053'}, 'data': {'accel': '0.000000', 'batteryRemainingCapacity': '60', 'batteryTemperature': '0', 'batteryVoltage': '0', 'brake': '0.000000', 'brakeStatus': '60', 'brakeType': '0', 'drivingDistance': '0.01', 'emergencyLight': '1', 'loadCapacity': '20.0', 'mdpsAngle': '-250.000000', 'transmission': '3', 'turnSignal': '1', 'wheelSpeed': '0.000000', 'workRate': '20.0', 'yawRate': '0.000000'}} 전송완료########### 
2025-03-18 09:59:15,539 - INFO - [soc.py:215] %%%%%%%%%%%% Edge -> EdgeNode delay_time: -47.579ms, (2025-03-18 09:59:15.538769 - 2025-03-18 09:59:15.586348)
2025-03-18 09:59:15,539 - INFO - [soc.py:225] EDGE 수신 : rep cls ctrlinfo E N STSW000001 
2025-03-18 09:59:15,540 - INFO - [soc.py:48] ####카프카 rep - {'header': {'cmd': 'rep', 'actn': 'cls', 'dtlActn': 'ctrlinfo', 'strtpnt': 'N', 'dstn': 'H', 'userId': '', 'edgeId': 'STSW000001', 'edgeTy': 'CLS', 'timestamp': '2025-03-18 09:59:15.586348', 'command': '80000'}, 'data': {'blowerRun': 0, 'sideLeftBrushRun': 1, 'sideRightBrushRun': 0, 'frontBrushRun': 0, 'flapRun': 1, 'waterPumpRuns': 0}} 전송완료########### 
2025-03-18 09:59:17,491 - INFO - [soc.py:215] %%%%%%%%%%%% Edge -> EdgeNode delay_time: -109.159ms, (2025-03-18 09:59:17.491551 - 2025-03-18 09:59:17.600710)
2025-03-18 09:59:17,492 - INFO - [soc.py:225] EDGE 수신 : rep vehicle location E N STSW000001 
2025-03-18 09:59:17,492 - INFO - [soc.py:48] ####카프카 rep - {'header': {'cmd': 'rep', 'actn': 'vehicle', 'dtlActn': 'location', 'strtpnt': 'N', 'dstn': 'H', 'userId': '', 'edgeId': 'STSW000001', 'edgeTy': 'CLS', 'timestamp': '2025-03-18 09:59:17.600710', 'command': '60310'}, 'data': {'heading': '287.664490', 'latitude': '36.610373', 'longitude': '127.288367', 'speed': '0.000000'}} 전송완료########### 
2025-03-18 09:59:19,497 - INFO - [soc.py:215] %%%%%%%%%%%% Edge -> EdgeNode delay_time: -108.63ms, (2025-03-18 09:59:19.497096 - 2025-03-18 09:59:19.605726)
2025-03-18 09:59:19,497 - INFO - [soc.py:225] EDGE 수신 : rep status info E N STSW000001 
2025-03-18 09:59:19,498 - INFO - [soc.py:48] ####카프카 rep - {'header': {'cmd': 'rep', 'actn': 'status', 'dtlActn': 'info', 'strtpnt': 'N', 'dstn': 'H', 'userId': '', 'edgeId': 'STSW000001', 'edgeTy': 'CLS', 'timestamp': '2025-03-18 09:59:19.605726', 'command': '60053'}, 'data': {'accel': '0.000000', 'batteryRemainingCapacity': '60', 'batteryTemperature': '0', 'batteryVoltage': '0', 'brake': '0.000000', 'brakeStatus': '60', 'brakeType': '0', 'drivingDistance': '0.01', 'emergencyLight': '1', 'loadCapacity': '20.0', 'mdpsAngle': '-247.000000', 'transmission': '3', 'turnSignal': '1', 'wheelSpeed': '0.000000', 'workRate': '20.0', 'yawRate': '0.000000'}} 전송완료########### 
2025-03-18 09:59:21,722 - INFO - [soc.py:215] %%%%%%%%%%%% Edge -> EdgeNode delay_time: 103.77ms, (2025-03-18 09:59:21.722538 - 2025-03-18 09:59:21.618768)
2025-03-18 09:59:21,723 - INFO - [soc.py:225] EDGE 수신 : rep cls ctrlinfo E N STSW000001 
2025-03-18 09:59:21,724 - INFO - [soc.py:48] ####카프카 rep - {'header': {'cmd': 'rep', 'actn': 'cls', 'dtlActn': 'ctrlinfo', 'strtpnt': 'N', 'dstn': 'H', 'userId': '', 'edgeId': 'STSW000001', 'edgeTy': 'CLS', 'timestamp': '2025-03-18 09:59:21.618768', 'command': '80000'}, 'data': {'blowerRun': 0, 'sideLeftBrushRun': 1, 'sideRightBrushRun': 0, 'frontBrushRun': 0, 'flapRun': 0, 'waterPumpRuns': 2}} 전송완료########### 
2025-03-18 09:59:23,628 - INFO - [soc.py:215] %%%%%%%%%%%% Edge -> EdgeNode delay_time: -4.912ms, (2025-03-18 09:59:23.627779 - 2025-03-18 09:59:23.632691)
2025-03-18 09:59:23,628 - INFO - [soc.py:225] EDGE 수신 : rep vehicle location E N STSW000001 
2025-03-18 09:59:23,628 - INFO - [soc.py:48] ####카프카 rep - {'header': {'cmd': 'rep', 'actn': 'vehicle', 'dtlActn': 'location', 'strtpnt': 'N', 'dstn': 'H', 'userId': '', 'edgeId': 'STSW000001', 'edgeTy': 'CLS', 'timestamp': '2025-03-18 09:59:23.632691', 'command': '60310'}, 'data': {'heading': '287.474304', 'latitude': '36.610371', 'longitude': '127.288376', 'speed': '0.000000'}} 전송완료########### 
2025-03-18 09:59:25,574 - INFO - [soc.py:215] %%%%%%%%%%%% Edge -> EdgeNode delay_time: -61.069ms, (2025-03-18 09:59:25.574298 - 2025-03-18 09:59:25.635367)
2025-03-18 09:59:25,575 - INFO - [soc.py:225] EDGE 수신 : rep status info E N STSW000001 
2025-03-18 09:59:25,575 - INFO - [soc.py:48] ####카프카 rep - {'header': {'cmd': 'rep', 'actn': 'status', 'dtlActn': 'info', 'strtpnt': 'N', 'dstn': 'H', 'userId': '', 'edgeId': 'STSW000001', 'edgeTy': 'CLS', 'timestamp': '2025-03-18 09:59:25.635367', 'command': '60053'}, 'data': {'accel': '0.000000', 'batteryRemainingCapacity': '60', 'batteryTemperature': '0', 'batteryVoltage': '0', 'brake': '0.000000', 'brakeStatus': '60', 'brakeType': '0', 'drivingDistance': '0.01', 'emergencyLight': '1', 'loadCapacity': '20.0', 'mdpsAngle': '-238.000000', 'transmission': '3', 'turnSignal': '1', 'wheelSpeed': '0.000000', 'workRate': '20.0', 'yawRate': '0.000000'}} 전송완료########### 
2025-03-18 09:59:27,533 - INFO - [soc.py:215] %%%%%%%%%%%% Edge -> EdgeNode delay_time: -108.771ms, (2025-03-18 09:59:27.533171 - 2025-03-18 09:59:27.641942)
2025-03-18 09:59:27,533 - INFO - [soc.py:225] EDGE 수신 : rep cls ctrlinfo E N STSW000001 
2025-03-18 09:59:27,534 - INFO - [soc.py:48] ####카프카 rep - {'header': {'cmd': 'rep', 'actn': 'cls', 'dtlActn': 'ctrlinfo', 'strtpnt': 'N', 'dstn': 'H', 'userId': '', 'edgeId': 'STSW000001', 'edgeTy': 'CLS', 'timestamp': '2025-03-18 09:59:27.641942', 'command': '80000'}, 'data': {'blowerRun': 1, 'sideLeftBrushRun': 1, 'sideRightBrushRun': 0, 'frontBrushRun': 0, 'flapRun': 1, 'waterPumpRuns': 0}} 전송완료########### 
2025-03-18 09:59:29,730 - INFO - [soc.py:215] %%%%%%%%%%%% Edge -> EdgeNode delay_time: 79.162ms, (2025-03-18 09:59:29.729943 - 2025-03-18 09:59:29.650781)
2025-03-18 09:59:29,730 - INFO - [soc.py:225] EDGE 수신 : rep vehicle location E N STSW000001 
2025-03-18 09:59:29,731 - INFO - [soc.py:48] ####카프카 rep - {'header': {'cmd': 'rep', 'actn': 'vehicle', 'dtlActn': 'location', 'strtpnt': 'N', 'dstn': 'H', 'userId': '', 'edgeId': 'STSW000001', 'edgeTy': 'CLS', 'timestamp': '2025-03-18 09:59:29.650781', 'command': '60310'}, 'data': {'heading': '287.175293', 'latitude': '36.610369', 'longitude': '127.288384', 'speed': '0.000000'}} 전송완료########### 
2025-03-18 09:59:31,616 - INFO - [soc.py:215] %%%%%%%%%%%% Edge -> EdgeNode delay_time: -50.78ms, (2025-03-18 09:59:31.615689 - 2025-03-18 09:59:31.666469)
2025-03-18 09:59:31,616 - INFO - [soc.py:225] EDGE 수신 : rep status info E N STSW000001 
2025-03-18 09:59:31,616 - INFO - [soc.py:48] ####카프카 rep - {'header': {'cmd': 'rep', 'actn': 'status', 'dtlActn': 'info', 'strtpnt': 'N', 'dstn': 'H', 'userId': '', 'edgeId': 'STSW000001', 'edgeTy': 'CLS', 'timestamp': '2025-03-18 09:59:31.666469', 'command': '60053'}, 'data': {'accel': '0.000000', 'batteryRemainingCapacity': '60', 'batteryTemperature': '0', 'batteryVoltage': '0', 'brake': '0.000000', 'brakeStatus': '60', 'brakeType': '0', 'drivingDistance': '0.01', 'emergencyLight': '1', 'loadCapacity': '20.0', 'mdpsAngle': '-215.000000', 'transmission': '3', 'turnSignal': '1', 'wheelSpeed': '0.000000', 'workRate': '20.0', 'yawRate': '0.000000'}} 전송완료########### 
2025-03-18 09:59:33,663 - INFO - [soc.py:215] %%%%%%%%%%%% Edge -> EdgeNode delay_time: -21.066ms, (2025-03-18 09:59:33.663524 - 2025-03-18 09:59:33.684590)
2025-03-18 09:59:33,664 - INFO - [soc.py:225] EDGE 수신 : rep cls ctrlinfo E N STSW000001 
2025-03-18 09:59:33,664 - INFO - [soc.py:48] ####카프카 rep - {'header': {'cmd': 'rep', 'actn': 'cls', 'dtlActn': 'ctrlinfo', 'strtpnt': 'N', 'dstn': 'H', 'userId': '', 'edgeId': 'STSW000001', 'edgeTy': 'CLS', 'timestamp': '2025-03-18 09:59:33.684590', 'command': '80000'}, 'data': {'blowerRun': 0, 'sideLeftBrushRun': 2, 'sideRightBrushRun': 0, 'frontBrushRun': 1, 'flapRun': 1, 'waterPumpRuns': 1}} 전송완료########### 
2025-03-18 09:59:35,609 - INFO - [soc.py:215] %%%%%%%%%%%% Edge -> EdgeNode delay_time: -87.514ms, (2025-03-18 09:59:35.609390 - 2025-03-18 09:59:35.696904)
2025-03-18 09:59:35,610 - INFO - [soc.py:225] EDGE 수신 : rep vehicle location E N STSW000001 
2025-03-18 09:59:35,610 - INFO - [soc.py:48] ####카프카 rep - {'header': {'cmd': 'rep', 'actn': 'vehicle', 'dtlActn': 'location', 'strtpnt': 'N', 'dstn': 'H', 'userId': '', 'edgeId': 'STSW000001', 'edgeTy': 'CLS', 'timestamp': '2025-03-18 09:59:35.696904', 'command': '60310'}, 'data': {'heading': '286.878815', 'latitude': '36.610368', 'longitude': '127.288393', 'speed': '0.000000'}} 전송완료########### 
2025-03-18 09:59:37,594 - INFO - [soc.py:215] %%%%%%%%%%%% Edge -> EdgeNode delay_time: -107.343ms, (2025-03-18 09:59:37.594360 - 2025-03-18 09:59:37.701703)
2025-03-18 09:59:37,595 - INFO - [soc.py:225] EDGE 수신 : rep status info E N STSW000001 
2025-03-18 09:59:37,595 - INFO - [soc.py:48] ####카프카 rep - {'header': {'cmd': 'rep', 'actn': 'status', 'dtlActn': 'info', 'strtpnt': 'N', 'dstn': 'H', 'userId': '', 'edgeId': 'STSW000001', 'edgeTy': 'CLS', 'timestamp': '2025-03-18 09:59:37.701703', 'command': '60053'}, 'data': {'accel': '0.000000', 'batteryRemainingCapacity': '60', 'batteryTemperature': '0', 'batteryVoltage': '0', 'brake': '0.000000', 'brakeStatus': '60', 'brakeType': '0', 'drivingDistance': '0.01', 'emergencyLight': '1', 'loadCapacity': '20.0', 'mdpsAngle': '-180.000000', 'transmission': '3', 'turnSignal': '1', 'wheelSpeed': '0.000000', 'workRate': '20.0', 'yawRate': '0.000000'}} 전송완료########### 
2025-03-18 09:59:39,737 - INFO - [soc.py:215] %%%%%%%%%%%% Edge -> EdgeNode delay_time: 26.775ms, (2025-03-18 09:59:39.736976 - 2025-03-18 09:59:39.710201)
2025-03-18 09:59:39,737 - INFO - [soc.py:225] EDGE 수신 : rep cls ctrlinfo E N STSW000001 
2025-03-18 09:59:39,738 - INFO - [soc.py:48] ####카프카 rep - {'header': {'cmd': 'rep', 'actn': 'cls', 'dtlActn': 'ctrlinfo', 'strtpnt': 'N', 'dstn': 'H', 'userId': '', 'edgeId': 'STSW000001', 'edgeTy': 'CLS', 'timestamp': '2025-03-18 09:59:39.710201', 'command': '80000'}, 'data': {'blowerRun': 2, 'sideLeftBrushRun': 1, 'sideRightBrushRun': 1, 'frontBrushRun': 0, 'flapRun': 1, 'waterPumpRuns': 0}} 전송완료########### 
2025-03-18 09:59:41,739 - INFO - [soc.py:215] %%%%%%%%%%%% Edge -> EdgeNode delay_time: 20.244ms, (2025-03-18 09:59:41.738837 - 2025-03-18 09:59:41.718593)
2025-03-18 09:59:41,739 - INFO - [soc.py:225] EDGE 수신 : rep vehicle location E N STSW000001 
2025-03-18 09:59:41,740 - INFO - [soc.py:48] ####카프카 rep - {'header': {'cmd': 'rep', 'actn': 'vehicle', 'dtlActn': 'location', 'strtpnt': 'N', 'dstn': 'H', 'userId': '', 'edgeId': 'STSW000001', 'edgeTy': 'CLS', 'timestamp': '2025-03-18 09:59:41.718593', 'command': '60310'}, 'data': {'heading': '286.150085', 'latitude': '36.610366', 'longitude': '127.288401', 'speed': '0.000000'}} 전송완료########### 
2025-03-18 09:59:43,698 - INFO - [soc.py:215] %%%%%%%%%%%% Edge -> EdgeNode delay_time: -29.887ms, (2025-03-18 09:59:43.698498 - 2025-03-18 09:59:43.728385)
2025-03-18 09:59:43,698 - INFO - [soc.py:225] EDGE 수신 : rep status info E N STSW000001 
2025-03-18 09:59:43,699 - INFO - [soc.py:48] ####카프카 rep - {'header': {'cmd': 'rep', 'actn': 'status', 'dtlActn': 'info', 'strtpnt': 'N', 'dstn': 'H', 'userId': '', 'edgeId': 'STSW000001', 'edgeTy': 'CLS', 'timestamp': '2025-03-18 09:59:43.728385', 'command': '60053'}, 'data': {'accel': '0.000000', 'batteryRemainingCapacity': '60', 'batteryTemperature': '0', 'batteryVoltage': '0', 'brake': '0.000000', 'brakeStatus': '60', 'brakeType': '0', 'drivingDistance': '0.01', 'emergencyLight': '1', 'loadCapacity': '20.0', 'mdpsAngle': '-127.000000', 'transmission': '3', 'turnSignal': '1', 'wheelSpeed': '0.000000', 'workRate': '20.0', 'yawRate': '0.000000'}} 전송완료########### 
2025-03-18 09:59:45,644 - INFO - [soc.py:215] %%%%%%%%%%%% Edge -> EdgeNode delay_time: -91.125ms, (2025-03-18 09:59:45.644501 - 2025-03-18 09:59:45.735626)
2025-03-18 09:59:45,645 - INFO - [soc.py:225] EDGE 수신 : rep cls ctrlinfo E N STSW000001 
2025-03-18 09:59:45,645 - INFO - [soc.py:48] ####카프카 rep - {'header': {'cmd': 'rep', 'actn': 'cls', 'dtlActn': 'ctrlinfo', 'strtpnt': 'N', 'dstn': 'H', 'userId': '', 'edgeId': 'STSW000001', 'edgeTy': 'CLS', 'timestamp': '2025-03-18 09:59:45.735626', 'command': '80000'}, 'data': {'blowerRun': 1, 'sideLeftBrushRun': 1, 'sideRightBrushRun': 2, 'frontBrushRun': 0, 'flapRun': 0, 'waterPumpRuns': 1}} 전송완료########### 
2025-03-18 09:59:47,642 - INFO - [soc.py:215] %%%%%%%%%%%% Edge -> EdgeNode delay_time: -107.278ms, (2025-03-18 09:59:47.641783 - 2025-03-18 09:59:47.749061)
2025-03-18 09:59:47,642 - INFO - [soc.py:225] EDGE 수신 : rep vehicle location E N STSW000001 
2025-03-18 09:59:47,642 - INFO - [soc.py:48] ####카프카 rep - {'header': {'cmd': 'rep', 'actn': 'vehicle', 'dtlActn': 'location', 'strtpnt': 'N', 'dstn': 'H', 'userId': '', 'edgeId': 'STSW000001', 'edgeTy': 'CLS', 'timestamp': '2025-03-18 09:59:47.749061', 'command': '60310'}, 'data': {'heading': '284.921112', 'latitude': '36.610365', 'longitude': '127.288408', 'speed': '2.000000'}} 전송완료########### 
2025-03-18 09:59:47,855 - INFO - [soc.py:215] %%%%%%%%%%%% Edge -> EdgeNode delay_time: -109.191ms, (2025-03-18 09:59:47.855366 - 2025-03-18 09:59:47.964557)
2025-03-18 09:59:47,856 - INFO - [soc.py:225] EDGE 수신 : rep status info E N STSW000001 
2025-03-18 09:59:47,856 - INFO - [soc.py:48] ####카프카 rep - {'header': {'cmd': 'rep', 'actn': 'status', 'dtlActn': 'info', 'strtpnt': 'N', 'dstn': 'H', 'userId': '', 'edgeId': 'STSW000001', 'edgeTy': 'CLS', 'timestamp': '2025-03-18 09:59:47.964557', 'command': '60053'}, 'data': {'accel': '100.000000', 'batteryRemainingCapacity': '60', 'batteryTemperature': '0', 'batteryVoltage': '0', 'brake': '0.000000', 'brakeStatus': '60', 'brakeType': '0', 'drivingDistance': '0.01', 'emergencyLight': '1', 'loadCapacity': '20.0', 'mdpsAngle': '-104.000000', 'transmission': '3', 'turnSignal': '1', 'wheelSpeed': '0.555556', 'workRate': '20.0', 'yawRate': '0.000000'}} 전송완료########### 
2025-03-18 09:59:48,070 - INFO - [soc.py:215] %%%%%%%%%%%% Edge -> EdgeNode delay_time: -108.683ms, (2025-03-18 09:59:48.070431 - 2025-03-18 09:59:48.179114)
2025-03-18 09:59:48,070 - INFO - [soc.py:225] EDGE 수신 : rep cls ctrlinfo E N STSW000001 
2025-03-18 09:59:48,071 - INFO - [soc.py:48] ####카프카 rep - {'header': {'cmd': 'rep', 'actn': 'cls', 'dtlActn': 'ctrlinfo', 'strtpnt': 'N', 'dstn': 'H', 'userId': '', 'edgeId': 'STSW000001', 'edgeTy': 'CLS', 'timestamp': '2025-03-18 09:59:48.179114', 'command': '80000'}, 'data': {'blowerRun': 1, 'sideLeftBrushRun': 1, 'sideRightBrushRun': 1, 'frontBrushRun': 0, 'flapRun': 0, 'waterPumpRuns': 1}} 전송완료########### 
2025-03-18 09:59:48,285 - INFO - [soc.py:215] %%%%%%%%%%%% Edge -> EdgeNode delay_time: -108.358ms, (2025-03-18 09:59:48.284831 - 2025-03-18 09:59:48.393189)
2025-03-18 09:59:48,285 - INFO - [soc.py:225] EDGE 수신 : rep vehicle location E N STSW000001 
2025-03-18 09:59:48,286 - INFO - [soc.py:48] ####카프카 rep - {'header': {'cmd': 'rep', 'actn': 'vehicle', 'dtlActn': 'location', 'strtpnt': 'N', 'dstn': 'H', 'userId': '', 'edgeId': 'STSW000001', 'edgeTy': 'CLS', 'timestamp': '2025-03-18 09:59:48.393189', 'command': '60310'}, 'data': {'heading': '283.698486', 'latitude': '36.610365', 'longitude': '127.288415', 'speed': '3.000000'}} 전송완료########### 
2025-03-18 09:59:48,502 - INFO - [soc.py:215] %%%%%%%%%%%% Edge -> EdgeNode delay_time: -107.408ms, (2025-03-18 09:59:48.501982 - 2025-03-18 09:59:48.609390)
2025-03-18 09:59:48,502 - INFO - [soc.py:225] EDGE 수신 : rep status info E N STSW000001 
2025-03-18 09:59:48,502 - INFO - [soc.py:48] ####카프카 rep - {'header': {'cmd': 'rep', 'actn': 'status', 'dtlActn': 'info', 'strtpnt': 'N', 'dstn': 'H', 'userId': '', 'edgeId': 'STSW000001', 'edgeTy': 'CLS', 'timestamp': '2025-03-18 09:59:48.609390', 'command': '60053'}, 'data': {'accel': '100.000000', 'batteryRemainingCapacity': '60', 'batteryTemperature': '0', 'batteryVoltage': '0', 'brake': '0.000000', 'brakeStatus': '60', 'brakeType': '0', 'drivingDistance': '0.01', 'emergencyLight': '1', 'loadCapacity': '20.0', 'mdpsAngle': '-73.000000', 'transmission': '3', 'turnSignal': '1', 'wheelSpeed': '0.833333', 'workRate': '20.0', 'yawRate': '0.000000'}} 전송완료########### 
2025-03-18 09:59:48,716 - INFO - [soc.py:215] %%%%%%%%%%%% Edge -> EdgeNode delay_time: -108.829ms, (2025-03-18 09:59:48.715784 - 2025-03-18 09:59:48.824613)
2025-03-18 09:59:48,716 - INFO - [soc.py:225] EDGE 수신 : rep cls ctrlinfo E N STSW000001 
2025-03-18 09:59:48,717 - INFO - [soc.py:48] ####카프카 rep - {'header': {'cmd': 'rep', 'actn': 'cls', 'dtlActn': 'ctrlinfo', 'strtpnt': 'N', 'dstn': 'H', 'userId': '', 'edgeId': 'STSW000001', 'edgeTy': 'CLS', 'timestamp': '2025-03-18 09:59:48.824613', 'command': '80000'}, 'data': {'blowerRun': 0, 'sideLeftBrushRun': 1, 'sideRightBrushRun': 1, 'frontBrushRun': 0, 'flapRun': 1, 'waterPumpRuns': 0}} 전송완료########### 
2025-03-18 09:59:48,930 - INFO - [soc.py:215] %%%%%%%%%%%% Edge -> EdgeNode delay_time: -107.851ms, (2025-03-18 09:59:48.929639 - 2025-03-18 09:59:49.037490)
2025-03-18 09:59:48,930 - INFO - [soc.py:225] EDGE 수신 : rep vehicle location E N STSW000001 
2025-03-18 09:59:48,931 - INFO - [soc.py:48] ####카프카 rep - {'header': {'cmd': 'rep', 'actn': 'vehicle', 'dtlActn': 'location', 'strtpnt': 'N', 'dstn': 'H', 'userId': '', 'edgeId': 'STSW000001', 'edgeTy': 'CLS', 'timestamp': '2025-03-18 09:59:49.037490', 'command': '60310'}, 'data': {'heading': '282.271515', 'latitude': '36.610364', 'longitude': '127.288421', 'speed': '4.000000'}} 전송완료########### 
2025-03-18 09:59:49,143 - INFO - [soc.py:215] %%%%%%%%%%%% Edge -> EdgeNode delay_time: -108.339ms, (2025-03-18 09:59:49.142795 - 2025-03-18 09:59:49.251134)
2025-03-18 09:59:49,143 - INFO - [soc.py:225] EDGE 수신 : rep status info E N STSW000001 
2025-03-18 09:59:49,144 - INFO - [soc.py:48] ####카프카 rep - {'header': {'cmd': 'rep', 'actn': 'status', 'dtlActn': 'info', 'strtpnt': 'N', 'dstn': 'H', 'userId': '', 'edgeId': 'STSW000001', 'edgeTy': 'CLS', 'timestamp': '2025-03-18 09:59:49.251134', 'command': '60053'}, 'data': {'accel': '100.000000', 'batteryRemainingCapacity': '59', 'batteryTemperature': '0', 'batteryVoltage': '0', 'brake': '0.000000', 'brakeStatus': '59', 'brakeType': '0', 'drivingDistance': '0.01', 'emergencyLight': '1', 'loadCapacity': '20.0', 'mdpsAngle': '-55.000000', 'transmission': '3', 'turnSignal': '1', 'wheelSpeed': '1.111111', 'workRate': '20.0', 'yawRate': '0.000000'}} 전송완료########### 
2025-03-18 09:59:49,358 - INFO - [soc.py:215] %%%%%%%%%%%% Edge -> EdgeNode delay_time: -108.531ms, (2025-03-18 09:59:49.358218 - 2025-03-18 09:59:49.466749)
2025-03-18 09:59:49,359 - INFO - [soc.py:225] EDGE 수신 : rep cls ctrlinfo E N STSW000001 
2025-03-18 09:59:49,359 - INFO - [soc.py:48] ####카프카 rep - {'header': {'cmd': 'rep', 'actn': 'cls', 'dtlActn': 'ctrlinfo', 'strtpnt': 'N', 'dstn': 'H', 'userId': '', 'edgeId': 'STSW000001', 'edgeTy': 'CLS', 'timestamp': '2025-03-18 09:59:49.466749', 'command': '80000'}, 'data': {'blowerRun': 0, 'sideLeftBrushRun': 2, 'sideRightBrushRun': 0, 'frontBrushRun': 0, 'flapRun': 1, 'waterPumpRuns': 0}} 전송완료########### 
2025-03-18 09:59:49,571 - INFO - [soc.py:215] %%%%%%%%%%%% Edge -> EdgeNode delay_time: -108.177ms, (2025-03-18 09:59:49.571426 - 2025-03-18 09:59:49.679603)
2025-03-18 09:59:49,572 - INFO - [soc.py:225] EDGE 수신 : rep vehicle location E N STSW000001 
2025-03-18 09:59:49,572 - INFO - [soc.py:48] ####카프카 rep - {'header': {'cmd': 'rep', 'actn': 'vehicle', 'dtlActn': 'location', 'strtpnt': 'N', 'dstn': 'H', 'userId': '', 'edgeId': 'STSW000001', 'edgeTy': 'CLS', 'timestamp': '2025-03-18 09:59:49.679603', 'command': '60310'}, 'data': {'heading': '281.140198', 'latitude': '36.610364', 'longitude': '127.288427', 'speed': '5.000000'}} 전송완료########### 
2025-03-18 09:59:49,788 - INFO - [soc.py:215] %%%%%%%%%%%% Edge -> EdgeNode delay_time: -106.92ms, (2025-03-18 09:59:49.788003 - 2025-03-18 09:59:49.894923)
2025-03-18 09:59:49,788 - INFO - [soc.py:225] EDGE 수신 : rep status info E N STSW000001 
2025-03-18 09:59:49,789 - INFO - [soc.py:48] ####카프카 rep - {'header': {'cmd': 'rep', 'actn': 'status', 'dtlActn': 'info', 'strtpnt': 'N', 'dstn': 'H', 'userId': '', 'edgeId': 'STSW000001', 'edgeTy': 'CLS', 'timestamp': '2025-03-18 09:59:49.894923', 'command': '60053'}, 'data': {'accel': '100.000000', 'batteryRemainingCapacity': '60', 'batteryTemperature': '0', 'batteryVoltage': '0', 'brake': '0.000000', 'brakeStatus': '60', 'brakeType': '0', 'drivingDistance': '0.01', 'emergencyLight': '1', 'loadCapacity': '20.0', 'mdpsAngle': '-41.000000', 'transmission': '3', 'turnSignal': '1', 'wheelSpeed': '1.388889', 'workRate': '20.0', 'yawRate': '0.000000'}} 전송완료########### 
2025-03-18 09:59:50,002 - INFO - [soc.py:215] %%%%%%%%%%%% Edge -> EdgeNode delay_time: -108.754ms, (2025-03-18 09:59:50.002145 - 2025-03-18 09:59:50.110899)
2025-03-18 09:59:50,003 - INFO - [soc.py:225] EDGE 수신 : rep cls ctrlinfo E N STSW000001 
2025-03-18 09:59:50,003 - INFO - [soc.py:48] ####카프카 rep - {'header': {'cmd': 'rep', 'actn': 'cls', 'dtlActn': 'ctrlinfo', 'strtpnt': 'N', 'dstn': 'H', 'userId': '', 'edgeId': 'STSW000001', 'edgeTy': 'CLS', 'timestamp': '2025-03-18 09:59:50.110899', 'command': '80000'}, 'data': {'blowerRun': 0, 'sideLeftBrushRun': 1, 'sideRightBrushRun': 0, 'frontBrushRun': 2, 'flapRun': 1, 'waterPumpRuns': 1}} 전송완료########### 
2025-03-18 09:59:50,216 - INFO - [soc.py:215] %%%%%%%%%%%% Edge -> EdgeNode delay_time: -108.138ms, (2025-03-18 09:59:50.215932 - 2025-03-18 09:59:50.324070)
2025-03-18 09:59:50,216 - INFO - [soc.py:225] EDGE 수신 : rep vehicle location E N STSW000001 
2025-03-18 09:59:50,217 - INFO - [soc.py:48] ####카프카 rep - {'header': {'cmd': 'rep', 'actn': 'vehicle', 'dtlActn': 'location', 'strtpnt': 'N', 'dstn': 'H', 'userId': '', 'edgeId': 'STSW000001', 'edgeTy': 'CLS', 'timestamp': '2025-03-18 09:59:50.324070', 'command': '60310'}, 'data': {'heading': '279.753387', 'latitude': '36.610364', 'longitude': '127.288432', 'speed': '6.000000'}} 전송완료########### 
2025-03-18 09:59:50,430 - INFO - [soc.py:215] %%%%%%%%%%%% Edge -> EdgeNode delay_time: -106.959ms, (2025-03-18 09:59:50.429828 - 2025-03-18 09:59:50.536787)
2025-03-18 09:59:50,430 - INFO - [soc.py:225] EDGE 수신 : rep status info E N STSW000001 
2025-03-18 09:59:50,431 - INFO - [soc.py:48] ####카프카 rep - {'header': {'cmd': 'rep', 'actn': 'status', 'dtlActn': 'info', 'strtpnt': 'N', 'dstn': 'H', 'userId': '', 'edgeId': 'STSW000001', 'edgeTy': 'CLS', 'timestamp': '2025-03-18 09:59:50.536787', 'command': '60053'}, 'data': {'accel': '100.000000', 'batteryRemainingCapacity': '60', 'batteryTemperature': '0', 'batteryVoltage': '0', 'brake': '0.000000', 'brakeStatus': '60', 'brakeType': '0', 'drivingDistance': '0.01', 'emergencyLight': '1', 'loadCapacity': '20.0', 'mdpsAngle': '-33.000000', 'transmission': '3', 'turnSignal': '1', 'wheelSpeed': '1.666667', 'workRate': '20.0', 'yawRate': '0.000000'}} 전송완료########### 
2025-03-18 09:59:50,642 - INFO - [soc.py:215] %%%%%%%%%%%% Edge -> EdgeNode delay_time: -108.824ms, (2025-03-18 09:59:50.642072 - 2025-03-18 09:59:50.750896)
2025-03-18 09:59:50,642 - INFO - [soc.py:225] EDGE 수신 : rep cls ctrlinfo E N STSW000001 
2025-03-18 09:59:50,643 - INFO - [soc.py:48] ####카프카 rep - {'header': {'cmd': 'rep', 'actn': 'cls', 'dtlActn': 'ctrlinfo', 'strtpnt': 'N', 'dstn': 'H', 'userId': '', 'edgeId': 'STSW000001', 'edgeTy': 'CLS', 'timestamp': '2025-03-18 09:59:50.750896', 'command': '80000'}, 'data': {'blowerRun': 1, 'sideLeftBrushRun': 1, 'sideRightBrushRun': 2, 'frontBrushRun': 1, 'flapRun': 2, 'waterPumpRuns': 1}} 전송완료########### 
2025-03-18 09:59:50,855 - INFO - [soc.py:215] %%%%%%%%%%%% Edge -> EdgeNode delay_time: -108.583ms, (2025-03-18 09:59:50.854854 - 2025-03-18 09:59:50.963437)
2025-03-18 09:59:50,855 - INFO - [soc.py:225] EDGE 수신 : rep vehicle location E N STSW000001 
2025-03-18 09:59:50,856 - INFO - [soc.py:48] ####카프카 rep - {'header': {'cmd': 'rep', 'actn': 'vehicle', 'dtlActn': 'location', 'strtpnt': 'N', 'dstn': 'H', 'userId': '', 'edgeId': 'STSW000001', 'edgeTy': 'CLS', 'timestamp': '2025-03-18 09:59:50.963437', 'command': '60310'}, 'data': {'heading': '278.290100', 'latitude': '36.610364', 'longitude': '127.288437', 'speed': '6.000000'}} 전송완료########### 
2025-03-18 09:59:51,070 - INFO - [soc.py:215] %%%%%%%%%%%% Edge -> EdgeNode delay_time: -107.673ms, (2025-03-18 09:59:51.070325 - 2025-03-18 09:59:51.177998)
2025-03-18 09:59:51,071 - INFO - [soc.py:225] EDGE 수신 : rep status info E N STSW000001 
2025-03-18 09:59:51,071 - INFO - [soc.py:48] ####카프카 rep - {'header': {'cmd': 'rep', 'actn': 'status', 'dtlActn': 'info', 'strtpnt': 'N', 'dstn': 'H', 'userId': '', 'edgeId': 'STSW000001', 'edgeTy': 'CLS', 'timestamp': '2025-03-18 09:59:51.177998', 'command': '60053'}, 'data': {'accel': '100.000000', 'batteryRemainingCapacity': '59', 'batteryTemperature': '0', 'batteryVoltage': '0', 'brake': '0.000000', 'brakeStatus': '59', 'brakeType': '0', 'drivingDistance': '0.01', 'emergencyLight': '1', 'loadCapacity': '20.0', 'mdpsAngle': '-25.000000', 'transmission': '3', 'turnSignal': '1', 'wheelSpeed': '1.666667', 'workRate': '20.0', 'yawRate': '0.000000'}} 전송완료########### 
2025-03-18 09:59:51,283 - INFO - [soc.py:215] %%%%%%%%%%%% Edge -> EdgeNode delay_time: -108.389ms, (2025-03-18 09:59:51.283232 - 2025-03-18 09:59:51.391621)
2025-03-18 09:59:51,284 - INFO - [soc.py:225] EDGE 수신 : rep cls ctrlinfo E N STSW000001 
2025-03-18 09:59:51,284 - INFO - [soc.py:48] ####카프카 rep - {'header': {'cmd': 'rep', 'actn': 'cls', 'dtlActn': 'ctrlinfo', 'strtpnt': 'N', 'dstn': 'H', 'userId': '', 'edgeId': 'STSW000001', 'edgeTy': 'CLS', 'timestamp': '2025-03-18 09:59:51.391621', 'command': '80000'}, 'data': {'blowerRun': 0, 'sideLeftBrushRun': 0, 'sideRightBrushRun': 0, 'frontBrushRun': 0, 'flapRun': 2, 'waterPumpRuns': 2}} 전송완료########### 
2025-03-18 09:59:51,498 - INFO - [soc.py:215] %%%%%%%%%%%% Edge -> EdgeNode delay_time: -108.513ms, (2025-03-18 09:59:51.498193 - 2025-03-18 09:59:51.606706)
2025-03-18 09:59:51,499 - INFO - [soc.py:225] EDGE 수신 : rep vehicle location E N STSW000001 
2025-03-18 09:59:51,499 - INFO - [soc.py:48] ####카프카 rep - {'header': {'cmd': 'rep', 'actn': 'vehicle', 'dtlActn': 'location', 'strtpnt': 'N', 'dstn': 'H', 'userId': '', 'edgeId': 'STSW000001', 'edgeTy': 'CLS', 'timestamp': '2025-03-18 09:59:51.606706', 'command': '60310'}, 'data': {'heading': '277.186401', 'latitude': '36.610364', 'longitude': '127.288441', 'speed': '7.000000'}} 전송완료########### 
2025-03-18 09:59:51,712 - INFO - [soc.py:215] %%%%%%%%%%%% Edge -> EdgeNode delay_time: -108.559ms, (2025-03-18 09:59:51.712022 - 2025-03-18 09:59:51.820581)
2025-03-18 09:59:51,712 - INFO - [soc.py:225] EDGE 수신 : rep status info E N STSW000001 
2025-03-18 09:59:51,713 - INFO - [soc.py:48] ####카프카 rep - {'header': {'cmd': 'rep', 'actn': 'status', 'dtlActn': 'info', 'strtpnt': 'N', 'dstn': 'H', 'userId': '', 'edgeId': 'STSW000001', 'edgeTy': 'CLS', 'timestamp': '2025-03-18 09:59:51.820581', 'command': '60053'}, 'data': {'accel': '100.000000', 'batteryRemainingCapacity': '60', 'batteryTemperature': '0', 'batteryVoltage': '0', 'brake': '0.000000', 'brakeStatus': '60', 'brakeType': '0', 'drivingDistance': '0.01', 'emergencyLight': '1', 'loadCapacity': '20.0', 'mdpsAngle': '-25.000000', 'transmission': '3', 'turnSignal': '1', 'wheelSpeed': '1.944444', 'workRate': '20.0', 'yawRate': '0.000000'}} 전송완료########### 
2025-03-18 09:59:51,930 - INFO - [soc.py:215] %%%%%%%%%%%% Edge -> EdgeNode delay_time: -108.439ms, (2025-03-18 09:59:51.929858 - 2025-03-18 09:59:52.038297)
2025-03-18 09:59:51,930 - INFO - [soc.py:225] EDGE 수신 : rep cls ctrlinfo E N STSW000001 
2025-03-18 09:59:51,931 - INFO - [soc.py:48] ####카프카 rep - {'header': {'cmd': 'rep', 'actn': 'cls', 'dtlActn': 'ctrlinfo', 'strtpnt': 'N', 'dstn': 'H', 'userId': '', 'edgeId': 'STSW000001', 'edgeTy': 'CLS', 'timestamp': '2025-03-18 09:59:52.038297', 'command': '80000'}, 'data': {'blowerRun': 1, 'sideLeftBrushRun': 1, 'sideRightBrushRun': 0, 'frontBrushRun': 0, 'flapRun': 1, 'waterPumpRuns': 0}} 전송완료########### 
2025-03-18 09:59:52,145 - INFO - [soc.py:215] %%%%%%%%%%%% Edge -> EdgeNode delay_time: -106.846ms, (2025-03-18 09:59:52.145333 - 2025-03-18 09:59:52.252179)
2025-03-18 09:59:52,146 - INFO - [soc.py:225] EDGE 수신 : rep vehicle location E N STSW000001 
2025-03-18 09:59:52,146 - INFO - [soc.py:48] ####카프카 rep - {'header': {'cmd': 'rep', 'actn': 'vehicle', 'dtlActn': 'location', 'strtpnt': 'N', 'dstn': 'H', 'userId': '', 'edgeId': 'STSW000001', 'edgeTy': 'CLS', 'timestamp': '2025-03-18 09:59:52.252179', 'command': '60310'}, 'data': {'heading': '276.328308', 'latitude': '36.610364', 'longitude': '127.288445', 'speed': '8.000000'}} 전송완료########### 
2025-03-18 09:59:52,359 - INFO - [soc.py:215] %%%%%%%%%%%% Edge -> EdgeNode delay_time: -107.4ms, (2025-03-18 09:59:52.359133 - 2025-03-18 09:59:52.466533)
2025-03-18 09:59:52,360 - INFO - [soc.py:225] EDGE 수신 : rep status info E N STSW000001 
2025-03-18 09:59:52,360 - INFO - [soc.py:48] ####카프카 rep - {'header': {'cmd': 'rep', 'actn': 'status', 'dtlActn': 'info', 'strtpnt': 'N', 'dstn': 'H', 'userId': '', 'edgeId': 'STSW000001', 'edgeTy': 'CLS', 'timestamp': '2025-03-18 09:59:52.466533', 'command': '60053'}, 'data': {'accel': '100.000000', 'batteryRemainingCapacity': '59', 'batteryTemperature': '0', 'batteryVoltage': '0', 'brake': '0.000000', 'brakeStatus': '59', 'brakeType': '0', 'drivingDistance': '0.01', 'emergencyLight': '1', 'loadCapacity': '20.0', 'mdpsAngle': '-25.000000', 'transmission': '3', 'turnSignal': '1', 'wheelSpeed': '2.222222', 'workRate': '20.0', 'yawRate': '0.000000'}} 전송완료########### 
2025-03-18 09:59:52,573 - INFO - [soc.py:215] %%%%%%%%%%%% Edge -> EdgeNode delay_time: -108.945ms, (2025-03-18 09:59:52.573151 - 2025-03-18 09:59:52.682096)
2025-03-18 09:59:52,574 - INFO - [soc.py:225] EDGE 수신 : rep cls ctrlinfo E N STSW000001 
2025-03-18 09:59:52,575 - INFO - [soc.py:48] ####카프카 rep - {'header': {'cmd': 'rep', 'actn': 'cls', 'dtlActn': 'ctrlinfo', 'strtpnt': 'N', 'dstn': 'H', 'userId': '', 'edgeId': 'STSW000001', 'edgeTy': 'CLS', 'timestamp': '2025-03-18 09:59:52.682096', 'command': '80000'}, 'data': {'blowerRun': 1, 'sideLeftBrushRun': 0, 'sideRightBrushRun': 1, 'frontBrushRun': 1, 'flapRun': 0, 'waterPumpRuns': 1}} 전송완료########### 
2025-03-18 09:59:52,788 - INFO - [soc.py:215] %%%%%%%%%%%% Edge -> EdgeNode delay_time: -107.933ms, (2025-03-18 09:59:52.787743 - 2025-03-18 09:59:52.895676)
2025-03-18 09:59:52,788 - INFO - [soc.py:225] EDGE 수신 : rep vehicle location E N STSW000001 
2025-03-18 09:59:52,789 - INFO - [soc.py:48] ####카프카 rep - {'header': {'cmd': 'rep', 'actn': 'vehicle', 'dtlActn': 'location', 'strtpnt': 'N', 'dstn': 'H', 'userId': '', 'edgeId': 'STSW000001', 'edgeTy': 'CLS', 'timestamp': '2025-03-18 09:59:52.895676', 'command': '60310'}, 'data': {'heading': '275.554993', 'latitude': '36.610364', 'longitude': '127.288448', 'speed': '8.000000'}} 전송완료########### 
2025-03-18 09:59:53,003 - INFO - [soc.py:215] %%%%%%%%%%%% Edge -> EdgeNode delay_time: -108.109ms, (2025-03-18 09:59:53.002603 - 2025-03-18 09:59:53.110712)
2025-03-18 09:59:53,004 - INFO - [soc.py:225] EDGE 수신 : rep status info E N STSW000001 
2025-03-18 09:59:53,004 - INFO - [soc.py:48] ####카프카 rep - {'header': {'cmd': 'rep', 'actn': 'status', 'dtlActn': 'info', 'strtpnt': 'N', 'dstn': 'H', 'userId': '', 'edgeId': 'STSW000001', 'edgeTy': 'CLS', 'timestamp': '2025-03-18 09:59:53.110712', 'command': '60053'}, 'data': {'accel': '100.000000', 'batteryRemainingCapacity': '59', 'batteryTemperature': '0', 'batteryVoltage': '0', 'brake': '0.000000', 'brakeStatus': '59', 'brakeType': '0', 'drivingDistance': '0.01', 'emergencyLight': '1', 'loadCapacity': '20.0', 'mdpsAngle': '-25.000000', 'transmission': '3', 'turnSignal': '1', 'wheelSpeed': '2.222222', 'workRate': '20.0', 'yawRate': '0.000000'}} 전송완료########### 
2025-03-18 09:59:53,221 - INFO - [soc.py:215] %%%%%%%%%%%% Edge -> EdgeNode delay_time: -106.643ms, (2025-03-18 09:59:53.221062 - 2025-03-18 09:59:53.327705)
2025-03-18 09:59:53,222 - INFO - [soc.py:225] EDGE 수신 : rep cls ctrlinfo E N STSW000001 
2025-03-18 09:59:53,222 - INFO - [soc.py:48] ####카프카 rep - {'header': {'cmd': 'rep', 'actn': 'cls', 'dtlActn': 'ctrlinfo', 'strtpnt': 'N', 'dstn': 'H', 'userId': '', 'edgeId': 'STSW000001', 'edgeTy': 'CLS', 'timestamp': '2025-03-18 09:59:53.327705', 'command': '80000'}, 'data': {'blowerRun': 1, 'sideLeftBrushRun': 1, 'sideRightBrushRun': 0, 'frontBrushRun': 0, 'flapRun': 1, 'waterPumpRuns': 0}} 전송완료########### 
2025-03-18 09:59:53,434 - INFO - [soc.py:215] %%%%%%%%%%%% Edge -> EdgeNode delay_time: -107.251ms, (2025-03-18 09:59:53.433735 - 2025-03-18 09:59:53.540986)
2025-03-18 09:59:53,434 - INFO - [soc.py:225] EDGE 수신 : rep vehicle location E N STSW000001 
2025-03-18 09:59:53,435 - INFO - [soc.py:48] ####카프카 rep - {'header': {'cmd': 'rep', 'actn': 'vehicle', 'dtlActn': 'location', 'strtpnt': 'N', 'dstn': 'H', 'userId': '', 'edgeId': 'STSW000001', 'edgeTy': 'CLS', 'timestamp': '2025-03-18 09:59:53.540986', 'command': '60310'}, 'data': {'heading': '274.525513', 'latitude': '36.610365', 'longitude': '127.288451', 'speed': '9.000000'}} 전송완료########### 
2025-03-18 09:59:53,646 - INFO - [soc.py:215] %%%%%%%%%%%% Edge -> EdgeNode delay_time: -107.346ms, (2025-03-18 09:59:53.646454 - 2025-03-18 09:59:53.753800)
2025-03-18 09:59:53,647 - INFO - [soc.py:225] EDGE 수신 : rep status info E N STSW000001 
2025-03-18 09:59:53,648 - INFO - [soc.py:48] ####카프카 rep - {'header': {'cmd': 'rep', 'actn': 'status', 'dtlActn': 'info', 'strtpnt': 'N', 'dstn': 'H', 'userId': '', 'edgeId': 'STSW000001', 'edgeTy': 'CLS', 'timestamp': '2025-03-18 09:59:53.753800', 'command': '60053'}, 'data': {'accel': '100.000000', 'batteryRemainingCapacity': '60', 'batteryTemperature': '0', 'batteryVoltage': '0', 'brake': '0.000000', 'brakeStatus': '60', 'brakeType': '0', 'drivingDistance': '0.01', 'emergencyLight': '1', 'loadCapacity': '20.0', 'mdpsAngle': '-25.000000', 'transmission': '3', 'turnSignal': '1', 'wheelSpeed': '2.500000', 'workRate': '20.0', 'yawRate': '0.000000'}} 전송완료########### 
2025-03-18 09:59:53,860 - INFO - [soc.py:215] %%%%%%%%%%%% Edge -> EdgeNode delay_time: -109.141ms, (2025-03-18 09:59:53.860465 - 2025-03-18 09:59:53.969606)
2025-03-18 09:59:53,860 - INFO - [soc.py:225] EDGE 수신 : rep cls ctrlinfo E N STSW000001 
2025-03-18 09:59:53,860 - INFO - [soc.py:48] ####카프카 rep - {'header': {'cmd': 'rep', 'actn': 'cls', 'dtlActn': 'ctrlinfo', 'strtpnt': 'N', 'dstn': 'H', 'userId': '', 'edgeId': 'STSW000001', 'edgeTy': 'CLS', 'timestamp': '2025-03-18 09:59:53.969606', 'command': '80000'}, 'data': {'blowerRun': 1, 'sideLeftBrushRun': 0, 'sideRightBrushRun': 1, 'frontBrushRun': 1, 'flapRun': 1, 'waterPumpRuns': 1}} 전송완료########### 
2025-03-18 09:59:54,077 - INFO - [soc.py:215] %%%%%%%%%%%% Edge -> EdgeNode delay_time: -106.721ms, (2025-03-18 09:59:54.076987 - 2025-03-18 09:59:54.183708)
2025-03-18 09:59:54,078 - INFO - [soc.py:225] EDGE 수신 : rep vehicle location E N STSW000001 
2025-03-18 09:59:54,078 - INFO - [soc.py:48] ####카프카 rep - {'header': {'cmd': 'rep', 'actn': 'vehicle', 'dtlActn': 'location', 'strtpnt': 'N', 'dstn': 'H', 'userId': '', 'edgeId': 'STSW000001', 'edgeTy': 'CLS', 'timestamp': '2025-03-18 09:59:54.183708', 'command': '60310'}, 'data': {'heading': '273.820099', 'latitude': '36.610365', 'longitude': '127.288453', 'speed': '9.000000'}} 전송완료########### 
2025-03-18 09:59:54,291 - INFO - [soc.py:215] %%%%%%%%%%%% Edge -> EdgeNode delay_time: -107.619ms, (2025-03-18 09:59:54.291133 - 2025-03-18 09:59:54.398752)
2025-03-18 09:59:54,292 - INFO - [soc.py:225] EDGE 수신 : rep status info E N STSW000001 
2025-03-18 09:59:54,292 - INFO - [soc.py:48] ####카프카 rep - {'header': {'cmd': 'rep', 'actn': 'status', 'dtlActn': 'info', 'strtpnt': 'N', 'dstn': 'H', 'userId': '', 'edgeId': 'STSW000001', 'edgeTy': 'CLS', 'timestamp': '2025-03-18 09:59:54.398752', 'command': '60053'}, 'data': {'accel': '100.000000', 'batteryRemainingCapacity': '60', 'batteryTemperature': '0', 'batteryVoltage': '0', 'brake': '0.000000', 'brakeStatus': '60', 'brakeType': '0', 'drivingDistance': '0.01', 'emergencyLight': '1', 'loadCapacity': '20.0', 'mdpsAngle': '-18.000000', 'transmission': '3', 'turnSignal': '1', 'wheelSpeed': '2.500000', 'workRate': '20.0', 'yawRate': '0.000000'}} 전송완료########### 
2025-03-18 09:59:54,509 - INFO - [soc.py:215] %%%%%%%%%%%% Edge -> EdgeNode delay_time: -108.276ms, (2025-03-18 09:59:54.509202 - 2025-03-18 09:59:54.617478)
2025-03-18 09:59:54,510 - INFO - [soc.py:225] EDGE 수신 : rep cls ctrlinfo E N STSW000001 
2025-03-18 09:59:54,510 - INFO - [soc.py:48] ####카프카 rep - {'header': {'cmd': 'rep', 'actn': 'cls', 'dtlActn': 'ctrlinfo', 'strtpnt': 'N', 'dstn': 'H', 'userId': '', 'edgeId': 'STSW000001', 'edgeTy': 'CLS', 'timestamp': '2025-03-18 09:59:54.617478', 'command': '80000'}, 'data': {'blowerRun': 1, 'sideLeftBrushRun': 1, 'sideRightBrushRun': 1, 'frontBrushRun': 0, 'flapRun': 0, 'waterPumpRuns': 2}} 전송완료########### 
2025-03-18 09:59:54,724 - INFO - [soc.py:215] %%%%%%%%%%%% Edge -> EdgeNode delay_time: -108.057ms, (2025-03-18 09:59:54.724209 - 2025-03-18 09:59:54.832266)
2025-03-18 09:59:54,725 - INFO - [soc.py:225] EDGE 수신 : rep vehicle location E N STSW000001 
2025-03-18 09:59:54,725 - INFO - [soc.py:48] ####카프카 rep - {'header': {'cmd': 'rep', 'actn': 'vehicle', 'dtlActn': 'location', 'strtpnt': 'N', 'dstn': 'H', 'userId': '', 'edgeId': 'STSW000001', 'edgeTy': 'CLS', 'timestamp': '2025-03-18 09:59:54.832266', 'command': '60310'}, 'data': {'heading': '273.133209', 'latitude': '36.610365', 'longitude': '127.288455', 'speed': '10.000000'}} 전송완료########### 
2025-03-18 09:59:54,937 - INFO - [soc.py:215] %%%%%%%%%%%% Edge -> EdgeNode delay_time: -108.304ms, (2025-03-18 09:59:54.937149 - 2025-03-18 09:59:55.045453)
2025-03-18 09:59:54,938 - INFO - [soc.py:225] EDGE 수신 : rep status info E N STSW000001 
2025-03-18 09:59:54,938 - INFO - [soc.py:48] ####카프카 rep - {'header': {'cmd': 'rep', 'actn': 'status', 'dtlActn': 'info', 'strtpnt': 'N', 'dstn': 'H', 'userId': '', 'edgeId': 'STSW000001', 'edgeTy': 'CLS', 'timestamp': '2025-03-18 09:59:55.045453', 'command': '60053'}, 'data': {'accel': '100.000000', 'batteryRemainingCapacity': '59', 'batteryTemperature': '0', 'batteryVoltage': '0', 'brake': '0.000000', 'brakeStatus': '59', 'brakeType': '0', 'drivingDistance': '0.01', 'emergencyLight': '1', 'loadCapacity': '20.0', 'mdpsAngle': '-16.000000', 'transmission': '3', 'turnSignal': '1', 'wheelSpeed': '2.777778', 'workRate': '20.0', 'yawRate': '0.000000'}} 전송완료########### 
2025-03-18 09:59:54,939 - ERROR - [soc.py:262] ==> 특장차 ConnectionResetError
Traceback (most recent call last):
  File "soc.py", line 151, in handle
    data = conn.recv(recv_len).decode(encoding=recv_encoding)
ConnectionResetError: [Errno 104] Connection reset by peer
2025-03-18 09:59:54,939 - INFO - [soc.py:280] finish
2025-03-18 09:59:54,939 - INFO - [soc.py:285] 현재 특장차 Client 접속수 : 0
2025-03-18 10:46:02,608 - INFO - [mqtt_pub.py:551] 구성정보파일 읽기 /home/nmone/mk/python/kafka/pj_2(confluent)/pj(confluent)
2025-03-18 10:46:02,608 - INFO - [mqtt_pub.py:552] 구성정보파일 읽기 <configparser.ConfigParser object at 0x7183dbcc0d90>
2025-03-18 10:46:02,608 - INFO - [mqtt_pub.py:553] 구성정보파일 읽기 서버1:0.0.0.0, 5000, 서버2:0.0.0.0, 31910
2025-03-18 10:46:02,632 - INFO - [mqtt_pub.py:176] Mqtt Broker connected OK
2025-03-18 10:46:02,703 - INFO - [mqtt_pub.py:340] In on_subscribe: 1 (0,)
2025-03-18 10:46:37,381 - INFO - [soc.py:106] __init__ 호출 MyTCPHandler1
2025-03-18 10:46:37,382 - INFO - [soc.py:133] 특장차 setup 호출
2025-03-18 10:46:37,382 - INFO - [soc.py:147] 특장차 접속 :  172.30.1.80
2025-03-18 10:46:37,502 - INFO - [soc.py:215] %%%%%%%%%%%% Edge -> EdgeNode delay_time: -154.494ms, (2025-03-18 10:46:37.496294 - 2025-03-18 10:46:37.650788)
2025-03-18 10:46:37,503 - INFO - [soc.py:225] EDGE 수신 : rep vehicle location E N STSW000001 
2025-03-18 10:46:37,751 - INFO - [mqtt_pub.py:386] 차량 정보 업데이트: {'heading': '287.559692', 'latitude': '36.610374', 'longitude': '127.288359', 'speed': '0.000000'}
2025-03-18 10:46:40,552 - INFO - [soc.py:215] %%%%%%%%%%%% Edge -> EdgeNode delay_time: -115.966ms, (2025-03-18 10:46:40.551631 - 2025-03-18 10:46:40.667597)
2025-03-18 10:46:40,552 - INFO - [soc.py:225] EDGE 수신 : rep status info E N STSW000001 
2025-03-18 10:46:40,562 - INFO - [mqtt_pub.py:390] 위치 정보 업데이트: {'accel': '0.000000', 'batteryRemainingCapacity': '60', 'batteryTemperature': '0', 'batteryVoltage': '0', 'brake': '0.000000', 'brakeStatus': '60', 'brakeType': '0', 'drivingDistance': '0.01', 'emergencyLight': '1', 'loadCapacity': '20.0', 'mdpsAngle': '-250.000000', 'transmission': '3', 'turnSignal': '1', 'wheelSpeed': '0.000000', 'workRate': '20.0', 'yawRate': '0.000000'}
2025-03-18 10:46:40,563 - ERROR - [mqtt_pub.py:478] 메시지 처리 중 오류 발생: 'Mqtt' object has no attribute 'edgeId'
2025-03-18 10:46:40,563 - ERROR - [mqtt_pub.py:500] 메시지 처리 실패
2025-03-18 10:46:42,395 - INFO - [soc.py:215] %%%%%%%%%%%% Edge -> EdgeNode delay_time: -77.579ms, (2025-03-18 10:46:42.395163 - 2025-03-18 10:46:42.472742)
2025-03-18 10:46:42,396 - INFO - [soc.py:225] EDGE 수신 : rep cls ctrlinfo E N STSW000001 
2025-03-18 10:46:44,125 - INFO - [soc.py:215] %%%%%%%%%%%% Edge -> EdgeNode delay_time: -156.6ms, (2025-03-18 10:46:44.124921 - 2025-03-18 10:46:44.281521)
2025-03-18 10:46:44,125 - INFO - [soc.py:225] EDGE 수신 : rep vehicle location E N STSW000001 
2025-03-18 10:46:44,135 - INFO - [mqtt_pub.py:386] 차량 정보 업데이트: {'heading': '287.664490', 'latitude': '36.610373', 'longitude': '127.288367', 'speed': '0.000000'}
2025-03-18 10:46:44,136 - ERROR - [mqtt_pub.py:478] 메시지 처리 중 오류 발생: 'Mqtt' object has no attribute 'edgeId'
2025-03-18 10:46:44,136 - ERROR - [mqtt_pub.py:500] 메시지 처리 실패
2025-03-18 10:46:45,931 - INFO - [soc.py:215] %%%%%%%%%%%% Edge -> EdgeNode delay_time: -156.012ms, (2025-03-18 10:46:45.930646 - 2025-03-18 10:46:46.086658)
2025-03-18 10:46:45,931 - INFO - [soc.py:225] EDGE 수신 : rep status info E N STSW000001 
2025-03-18 10:46:45,944 - INFO - [mqtt_pub.py:390] 위치 정보 업데이트: {'accel': '0.000000', 'batteryRemainingCapacity': '60', 'batteryTemperature': '0', 'batteryVoltage': '0', 'brake': '0.000000', 'brakeStatus': '60', 'brakeType': '0', 'drivingDistance': '0.01', 'emergencyLight': '1', 'loadCapacity': '20.0', 'mdpsAngle': '-247.000000', 'transmission': '3', 'turnSignal': '1', 'wheelSpeed': '0.000000', 'workRate': '20.0', 'yawRate': '0.000000'}
2025-03-18 10:46:45,944 - ERROR - [mqtt_pub.py:478] 메시지 처리 중 오류 발생: 'Mqtt' object has no attribute 'edgeId'
2025-03-18 10:46:45,944 - ERROR - [mqtt_pub.py:500] 메시지 처리 실패
2025-03-18 10:46:47,736 - INFO - [soc.py:215] %%%%%%%%%%%% Edge -> EdgeNode delay_time: -156.667ms, (2025-03-18 10:46:47.736207 - 2025-03-18 10:46:47.892874)
2025-03-18 10:46:47,738 - INFO - [soc.py:225] EDGE 수신 : rep cls ctrlinfo E N STSW000001 
2025-03-18 10:46:49,542 - INFO - [soc.py:215] %%%%%%%%%%%% Edge -> EdgeNode delay_time: -157.358ms, (2025-03-18 10:46:49.541882 - 2025-03-18 10:46:49.699240)
2025-03-18 10:46:49,543 - INFO - [soc.py:225] EDGE 수신 : rep vehicle location E N STSW000001 
2025-03-18 10:46:49,552 - INFO - [mqtt_pub.py:386] 차량 정보 업데이트: {'heading': '287.474304', 'latitude': '36.610371', 'longitude': '127.288376', 'speed': '0.000000'}
2025-03-18 10:46:49,553 - ERROR - [mqtt_pub.py:478] 메시지 처리 중 오류 발생: 'Mqtt' object has no attribute 'edgeId'
2025-03-18 10:46:49,553 - ERROR - [mqtt_pub.py:500] 메시지 처리 실패
2025-03-18 10:46:51,406 - INFO - [soc.py:215] %%%%%%%%%%%% Edge -> EdgeNode delay_time: -100.971ms, (2025-03-18 10:46:51.406321 - 2025-03-18 10:46:51.507292)
2025-03-18 10:46:51,407 - INFO - [soc.py:225] EDGE 수신 : rep status info E N STSW000001 
2025-03-18 10:46:51,416 - INFO - [mqtt_pub.py:390] 위치 정보 업데이트: {'accel': '0.000000', 'batteryRemainingCapacity': '60', 'batteryTemperature': '0', 'batteryVoltage': '0', 'brake': '0.000000', 'brakeStatus': '60', 'brakeType': '0', 'drivingDistance': '0.01', 'emergencyLight': '1', 'loadCapacity': '20.0', 'mdpsAngle': '-238.000000', 'transmission': '3', 'turnSignal': '1', 'wheelSpeed': '0.000000', 'workRate': '20.0', 'yawRate': '0.000000'}
2025-03-18 10:46:51,417 - ERROR - [mqtt_pub.py:478] 메시지 처리 중 오류 발생: 'Mqtt' object has no attribute 'edgeId'
2025-03-18 10:46:51,417 - ERROR - [mqtt_pub.py:500] 메시지 처리 실패
2025-03-18 10:46:53,187 - INFO - [soc.py:215] %%%%%%%%%%%% Edge -> EdgeNode delay_time: -125.466ms, (2025-03-18 10:46:53.187269 - 2025-03-18 10:46:53.312735)
2025-03-18 10:46:53,188 - INFO - [soc.py:225] EDGE 수신 : rep cls ctrlinfo E N STSW000001 
2025-03-18 10:46:54,970 - INFO - [soc.py:215] %%%%%%%%%%%% Edge -> EdgeNode delay_time: -157.651ms, (2025-03-18 10:46:54.970511 - 2025-03-18 10:46:55.128162)
2025-03-18 10:46:54,971 - INFO - [soc.py:225] EDGE 수신 : rep vehicle location E N STSW000001 
2025-03-18 10:46:54,980 - INFO - [mqtt_pub.py:386] 차량 정보 업데이트: {'heading': '287.175293', 'latitude': '36.610369', 'longitude': '127.288384', 'speed': '0.000000'}
2025-03-18 10:46:54,980 - ERROR - [mqtt_pub.py:478] 메시지 처리 중 오류 발생: 'Mqtt' object has no attribute 'edgeId'
2025-03-18 10:46:54,980 - ERROR - [mqtt_pub.py:500] 메시지 처리 실패
2025-03-18 10:46:56,170 - ERROR - [soc.py:285] ==> 특장차 ConnectionResetError
Traceback (most recent call last):
  File "soc.py", line 151, in handle
    data = conn.recv(recv_len).decode(encoding=recv_encoding)
ConnectionResetError: [Errno 104] Connection reset by peer
2025-03-18 10:46:56,172 - INFO - [soc.py:303] finish
2025-03-18 10:46:56,172 - INFO - [soc.py:308] 현재 특장차 Client 접속수 : 0
2025-03-18 10:49:45,803 - INFO - [mqtt_pub.py:551] 구성정보파일 읽기 /home/nmone/mk/python/kafka/pj_2(confluent)/pj(confluent)
2025-03-18 10:49:45,803 - INFO - [mqtt_pub.py:552] 구성정보파일 읽기 <configparser.ConfigParser object at 0x7e8208c41d90>
2025-03-18 10:49:45,803 - INFO - [mqtt_pub.py:553] 구성정보파일 읽기 서버1:0.0.0.0, 5000, 서버2:0.0.0.0, 31910
2025-03-18 10:49:52,993 - INFO - [mqtt_pub.py:551] 구성정보파일 읽기 /home/nmone/mk/python/kafka/pj_2(confluent)/pj(confluent)
2025-03-18 10:49:52,993 - INFO - [mqtt_pub.py:552] 구성정보파일 읽기 <configparser.ConfigParser object at 0x7e3ebdc41d90>
2025-03-18 10:49:52,994 - INFO - [mqtt_pub.py:553] 구성정보파일 읽기 서버1:0.0.0.0, 5000, 서버2:0.0.0.0, 31910
2025-03-18 10:50:59,114 - INFO - [mqtt_pub.py:551] 구성정보파일 읽기 /home/nmone/mk/python/kafka/pj_2(confluent)/pj(confluent)
2025-03-18 10:50:59,114 - INFO - [mqtt_pub.py:552] 구성정보파일 읽기 <configparser.ConfigParser object at 0x7c0ff2b40d90>
2025-03-18 10:50:59,114 - INFO - [mqtt_pub.py:553] 구성정보파일 읽기 서버1:0.0.0.0, 5000, 서버2:0.0.0.0, 31910
2025-03-18 10:50:59,139 - INFO - [mqtt_pub.py:176] Mqtt Broker connected OK
2025-03-18 10:50:59,214 - INFO - [mqtt_pub.py:340] In on_subscribe: 1 (0,)
2025-03-18 10:51:01,210 - INFO - [soc.py:106] __init__ 호출 MyTCPHandler1
2025-03-18 10:51:01,211 - INFO - [soc.py:133] 특장차 setup 호출
2025-03-18 10:51:01,211 - INFO - [soc.py:147] 특장차 접속 :  172.30.1.80
2025-03-18 10:51:01,219 - INFO - [soc.py:215] %%%%%%%%%%%% Edge -> EdgeNode delay_time: -160.495ms, (2025-03-18 10:51:01.219006 - 2025-03-18 10:51:01.379501)
2025-03-18 10:51:01,219 - INFO - [soc.py:225] EDGE 수신 : rep vehicle location E N STSW000001 
2025-03-18 10:51:01,230 - INFO - [mqtt_pub.py:386] 차량 정보 업데이트: {'heading': '287.559692', 'latitude': '36.610374', 'longitude': '127.288359', 'speed': '0.000000'}
2025-03-18 10:51:04,234 - INFO - [soc.py:215] %%%%%%%%%%%% Edge -> EdgeNode delay_time: -161.125ms, (2025-03-18 10:51:04.234188 - 2025-03-18 10:51:04.395313)
2025-03-18 10:51:04,235 - INFO - [soc.py:225] EDGE 수신 : rep status info E N STSW000001 
2025-03-18 10:51:04,245 - INFO - [mqtt_pub.py:390] 위치 정보 업데이트: {'accel': '0.000000', 'batteryRemainingCapacity': '60', 'batteryTemperature': '0', 'batteryVoltage': '0', 'brake': '0.000000', 'brakeStatus': '60', 'brakeType': '0', 'drivingDistance': '0.01', 'emergencyLight': '1', 'loadCapacity': '20.0', 'mdpsAngle': '-250.000000', 'transmission': '3', 'turnSignal': '1', 'wheelSpeed': '0.000000', 'workRate': '20.0', 'yawRate': '0.000000'}
2025-03-18 10:51:04,246 - ERROR - [mqtt_pub.py:478] 메시지 처리 중 오류 발생: No matching overloads found for *static* watosys.utils.eg.msg.MsgEncrypt.encode(str,str,dict), options are:
	public static final java.lang.String watosys.utils.eg.msg.MsgEncrypt.encode(java.lang.String,java.lang.String,java.lang.String)
	public static final java.lang.String watosys.utils.eg.msg.MsgEncrypt.encode(java.lang.String,java.lang.String)

2025-03-18 10:51:04,247 - ERROR - [mqtt_pub.py:500] 메시지 처리 실패
2025-03-18 10:51:05,448 - INFO - [soc.py:215] %%%%%%%%%%%% Edge -> EdgeNode delay_time: -161.309ms, (2025-03-18 10:51:05.447923 - 2025-03-18 10:51:05.609232)
2025-03-18 10:51:05,449 - INFO - [soc.py:225] EDGE 수신 : rep cls ctrlinfo E N STSW000001 
2025-03-18 10:51:06,798 - INFO - [soc.py:215] %%%%%%%%%%%% Edge -> EdgeNode delay_time: -21.07ms, (2025-03-18 10:51:06.798478 - 2025-03-18 10:51:06.819548)
2025-03-18 10:51:06,799 - INFO - [soc.py:225] EDGE 수신 : rep vehicle location E N STSW000001 
2025-03-18 10:51:06,809 - INFO - [mqtt_pub.py:386] 차량 정보 업데이트: {'heading': '287.664490', 'latitude': '36.610373', 'longitude': '127.288367', 'speed': '0.000000'}
2025-03-18 10:51:07,870 - INFO - [soc.py:215] %%%%%%%%%%%% Edge -> EdgeNode delay_time: -160.626ms, (2025-03-18 10:51:07.869644 - 2025-03-18 10:51:08.030270)
2025-03-18 10:51:07,870 - INFO - [soc.py:225] EDGE 수신 : rep status info E N STSW000001 
2025-03-18 10:51:07,879 - INFO - [mqtt_pub.py:390] 위치 정보 업데이트: {'accel': '0.000000', 'batteryRemainingCapacity': '60', 'batteryTemperature': '0', 'batteryVoltage': '0', 'brake': '0.000000', 'brakeStatus': '60', 'brakeType': '0', 'drivingDistance': '0.01', 'emergencyLight': '1', 'loadCapacity': '20.0', 'mdpsAngle': '-247.000000', 'transmission': '3', 'turnSignal': '1', 'wheelSpeed': '0.000000', 'workRate': '20.0', 'yawRate': '0.000000'}
2025-03-18 10:51:07,880 - ERROR - [mqtt_pub.py:478] 메시지 처리 중 오류 발생: No matching overloads found for *static* watosys.utils.eg.msg.MsgEncrypt.encode(str,str,dict), options are:
	public static final java.lang.String watosys.utils.eg.msg.MsgEncrypt.encode(java.lang.String,java.lang.String,java.lang.String)
	public static final java.lang.String watosys.utils.eg.msg.MsgEncrypt.encode(java.lang.String,java.lang.String)

2025-03-18 10:51:07,880 - ERROR - [mqtt_pub.py:500] 메시지 처리 실패
2025-03-18 10:51:09,085 - INFO - [soc.py:215] %%%%%%%%%%%% Edge -> EdgeNode delay_time: -160.402ms, (2025-03-18 10:51:09.084745 - 2025-03-18 10:51:09.245147)
2025-03-18 10:51:09,085 - INFO - [soc.py:225] EDGE 수신 : rep cls ctrlinfo E N STSW000001 
2025-03-18 10:51:10,294 - INFO - [soc.py:215] %%%%%%%%%%%% Edge -> EdgeNode delay_time: -160.849ms, (2025-03-18 10:51:10.293846 - 2025-03-18 10:51:10.454695)
2025-03-18 10:51:10,294 - INFO - [soc.py:225] EDGE 수신 : rep vehicle location E N STSW000001 
2025-03-18 10:51:10,304 - INFO - [mqtt_pub.py:386] 차량 정보 업데이트: {'heading': '287.474304', 'latitude': '36.610371', 'longitude': '127.288376', 'speed': '0.000000'}
2025-03-18 10:51:11,500 - INFO - [soc.py:215] %%%%%%%%%%%% Edge -> EdgeNode delay_time: -161.438ms, (2025-03-18 10:51:11.499994 - 2025-03-18 10:51:11.661432)
2025-03-18 10:51:11,500 - INFO - [soc.py:225] EDGE 수신 : rep status info E N STSW000001 
2025-03-18 10:51:12,710 - INFO - [soc.py:215] %%%%%%%%%%%% Edge -> EdgeNode delay_time: -161.501ms, (2025-03-18 10:51:12.709934 - 2025-03-18 10:51:12.871435)
2025-03-18 10:51:12,710 - INFO - [soc.py:225] EDGE 수신 : rep cls ctrlinfo E N STSW000001 
2025-03-18 10:51:13,923 - INFO - [soc.py:215] %%%%%%%%%%%% Edge -> EdgeNode delay_time: -159.986ms, (2025-03-18 10:51:13.923236 - 2025-03-18 10:51:14.083222)
2025-03-18 10:51:13,924 - INFO - [soc.py:225] EDGE 수신 : rep vehicle location E N STSW000001 
2025-03-18 10:51:14,118 - ERROR - [soc.py:285] ==> 특장차 ConnectionResetError
Traceback (most recent call last):
  File "soc.py", line 151, in handle
    data = conn.recv(recv_len).decode(encoding=recv_encoding)
ConnectionResetError: [Errno 104] Connection reset by peer
2025-03-18 10:51:14,119 - INFO - [soc.py:303] finish
2025-03-18 10:51:14,119 - INFO - [soc.py:308] 현재 특장차 Client 접속수 : 0
2025-03-18 10:52:36,882 - INFO - [mqtt_pub.py:551] 구성정보파일 읽기 /home/nmone/mk/python/kafka/pj_2(confluent)/pj(confluent)
2025-03-18 10:52:36,883 - INFO - [mqtt_pub.py:552] 구성정보파일 읽기 <configparser.ConfigParser object at 0x75daa5480d90>
2025-03-18 10:52:36,883 - INFO - [mqtt_pub.py:553] 구성정보파일 읽기 서버1:0.0.0.0, 5000, 서버2:0.0.0.0, 31910
2025-03-18 10:52:36,910 - INFO - [mqtt_pub.py:176] Mqtt Broker connected OK
2025-03-18 10:52:36,989 - INFO - [mqtt_pub.py:340] In on_subscribe: 1 (0,)
2025-03-18 10:52:38,700 - INFO - [soc.py:106] __init__ 호출 MyTCPHandler1
2025-03-18 10:52:38,701 - INFO - [soc.py:133] 특장차 setup 호출
2025-03-18 10:52:38,701 - INFO - [soc.py:147] 특장차 접속 :  172.30.1.80
2025-03-18 10:52:38,702 - INFO - [soc.py:215] %%%%%%%%%%%% Edge -> EdgeNode delay_time: -160.228ms, (2025-03-18 10:52:38.701715 - 2025-03-18 10:52:38.861943)
2025-03-18 10:52:38,702 - INFO - [soc.py:225] EDGE 수신 : rep vehicle location E N STSW000001 
2025-03-18 10:52:38,711 - INFO - [mqtt_pub.py:386] 차량 정보 업데이트: {'heading': '287.559692', 'latitude': '36.610374', 'longitude': '127.288359', 'speed': '0.000000'}
2025-03-18 10:52:41,719 - INFO - [soc.py:215] %%%%%%%%%%%% Edge -> EdgeNode delay_time: -160.498ms, (2025-03-18 10:52:41.718877 - 2025-03-18 10:52:41.879375)
2025-03-18 10:52:41,719 - INFO - [soc.py:225] EDGE 수신 : rep status info E N STSW000001 
2025-03-18 10:52:41,729 - INFO - [mqtt_pub.py:390] 위치 정보 업데이트: {'accel': '0.000000', 'batteryRemainingCapacity': '60', 'batteryTemperature': '0', 'batteryVoltage': '0', 'brake': '0.000000', 'brakeStatus': '60', 'brakeType': '0', 'drivingDistance': '0.01', 'emergencyLight': '1', 'loadCapacity': '20.0', 'mdpsAngle': '-250.000000', 'transmission': '3', 'turnSignal': '1', 'wheelSpeed': '0.000000', 'workRate': '20.0', 'yawRate': '0.000000'}
2025-03-18 10:52:41,729 - ERROR - [mqtt_pub.py:478] 메시지 처리 중 오류 발생: No matching overloads found for *static* watosys.utils.eg.msg.MsgEncrypt.encode(str,str,dict), options are:
	public static final java.lang.String watosys.utils.eg.msg.MsgEncrypt.encode(java.lang.String,java.lang.String,java.lang.String)
	public static final java.lang.String watosys.utils.eg.msg.MsgEncrypt.encode(java.lang.String,java.lang.String)

2025-03-18 10:52:41,730 - ERROR - [mqtt_pub.py:500] 메시지 처리 실패
2025-03-18 10:52:43,551 - INFO - [soc.py:215] %%%%%%%%%%%% Edge -> EdgeNode delay_time: -135.819ms, (2025-03-18 10:52:43.551507 - 2025-03-18 10:52:43.687326)
2025-03-18 10:52:43,552 - INFO - [soc.py:225] EDGE 수신 : rep cls ctrlinfo E N STSW000001 
2025-03-18 10:52:45,334 - INFO - [soc.py:215] %%%%%%%%%%%% Edge -> EdgeNode delay_time: -162.205ms, (2025-03-18 10:52:45.333526 - 2025-03-18 10:52:45.495731)
2025-03-18 10:52:45,335 - INFO - [soc.py:225] EDGE 수신 : rep vehicle location E N STSW000001 
2025-03-18 10:52:45,344 - INFO - [mqtt_pub.py:386] 차량 정보 업데이트: {'heading': '287.664490', 'latitude': '36.610373', 'longitude': '127.288367', 'speed': '0.000000'}
2025-03-18 10:52:47,141 - INFO - [soc.py:215] %%%%%%%%%%%% Edge -> EdgeNode delay_time: -162.029ms, (2025-03-18 10:52:47.140640 - 2025-03-18 10:52:47.302669)
2025-03-18 10:52:47,141 - INFO - [soc.py:225] EDGE 수신 : rep status info E N STSW000001 
2025-03-18 10:52:47,151 - INFO - [mqtt_pub.py:390] 위치 정보 업데이트: {'accel': '0.000000', 'batteryRemainingCapacity': '60', 'batteryTemperature': '0', 'batteryVoltage': '0', 'brake': '0.000000', 'brakeStatus': '60', 'brakeType': '0', 'drivingDistance': '0.01', 'emergencyLight': '1', 'loadCapacity': '20.0', 'mdpsAngle': '-247.000000', 'transmission': '3', 'turnSignal': '1', 'wheelSpeed': '0.000000', 'workRate': '20.0', 'yawRate': '0.000000'}
2025-03-18 10:52:47,151 - ERROR - [mqtt_pub.py:478] 메시지 처리 중 오류 발생: No matching overloads found for *static* watosys.utils.eg.msg.MsgEncrypt.encode(str,str,dict), options are:
	public static final java.lang.String watosys.utils.eg.msg.MsgEncrypt.encode(java.lang.String,java.lang.String,java.lang.String)
	public static final java.lang.String watosys.utils.eg.msg.MsgEncrypt.encode(java.lang.String,java.lang.String)

2025-03-18 10:52:47,152 - ERROR - [mqtt_pub.py:500] 메시지 처리 실패
2025-03-18 10:52:48,952 - INFO - [soc.py:215] %%%%%%%%%%%% Edge -> EdgeNode delay_time: -161.267ms, (2025-03-18 10:52:48.952502 - 2025-03-18 10:52:49.113769)
2025-03-18 10:52:48,953 - INFO - [soc.py:225] EDGE 수신 : rep cls ctrlinfo E N STSW000001 
2025-03-18 10:52:50,759 - INFO - [soc.py:215] %%%%%%%%%%%% Edge -> EdgeNode delay_time: -162.314ms, (2025-03-18 10:52:50.758593 - 2025-03-18 10:52:50.920907)
2025-03-18 10:52:50,759 - INFO - [soc.py:225] EDGE 수신 : rep vehicle location E N STSW000001 
2025-03-18 10:52:50,768 - INFO - [mqtt_pub.py:386] 차량 정보 업데이트: {'heading': '287.474304', 'latitude': '36.610371', 'longitude': '127.288376', 'speed': '0.000000'}
2025-03-18 10:52:52,664 - INFO - [soc.py:215] %%%%%%%%%%%% Edge -> EdgeNode delay_time: -65.127ms, (2025-03-18 10:52:52.664060 - 2025-03-18 10:52:52.729187)
2025-03-18 10:52:52,665 - INFO - [soc.py:225] EDGE 수신 : rep status info E N STSW000001 
2025-03-18 10:52:52,675 - INFO - [mqtt_pub.py:390] 위치 정보 업데이트: {'accel': '0.000000', 'batteryRemainingCapacity': '60', 'batteryTemperature': '0', 'batteryVoltage': '0', 'brake': '0.000000', 'brakeStatus': '60', 'brakeType': '0', 'drivingDistance': '0.01', 'emergencyLight': '1', 'loadCapacity': '20.0', 'mdpsAngle': '-238.000000', 'transmission': '3', 'turnSignal': '1', 'wheelSpeed': '0.000000', 'workRate': '20.0', 'yawRate': '0.000000'}
2025-03-18 10:52:52,675 - ERROR - [mqtt_pub.py:478] 메시지 처리 중 오류 발생: No matching overloads found for *static* watosys.utils.eg.msg.MsgEncrypt.encode(str,str,dict), options are:
	public static final java.lang.String watosys.utils.eg.msg.MsgEncrypt.encode(java.lang.String,java.lang.String,java.lang.String)
	public static final java.lang.String watosys.utils.eg.msg.MsgEncrypt.encode(java.lang.String,java.lang.String)

2025-03-18 10:52:52,676 - ERROR - [mqtt_pub.py:500] 메시지 처리 실패
2025-03-18 10:52:53,483 - ERROR - [soc.py:285] ==> 특장차 ConnectionResetError
Traceback (most recent call last):
  File "soc.py", line 151, in handle
    data = conn.recv(recv_len).decode(encoding=recv_encoding)
ConnectionResetError: [Errno 104] Connection reset by peer
2025-03-18 10:52:53,484 - INFO - [soc.py:303] finish
2025-03-18 10:52:53,484 - INFO - [soc.py:308] 현재 특장차 Client 접속수 : 0
2025-03-18 10:53:35,400 - INFO - [mqtt_pub.py:551] 구성정보파일 읽기 /home/nmone/mk/python/kafka/pj_2(confluent)/pj(confluent)
2025-03-18 10:53:35,400 - INFO - [mqtt_pub.py:552] 구성정보파일 읽기 <configparser.ConfigParser object at 0x7078719c9d90>
2025-03-18 10:53:35,401 - INFO - [mqtt_pub.py:553] 구성정보파일 읽기 서버1:0.0.0.0, 5000, 서버2:0.0.0.0, 31910
2025-03-18 10:53:35,420 - INFO - [mqtt_pub.py:176] Mqtt Broker connected OK
2025-03-18 10:53:35,489 - INFO - [mqtt_pub.py:340] In on_subscribe: 1 (0,)
2025-03-18 10:53:37,079 - INFO - [soc.py:106] __init__ 호출 MyTCPHandler1
2025-03-18 10:53:37,080 - INFO - [soc.py:133] 특장차 setup 호출
2025-03-18 10:53:37,080 - INFO - [soc.py:147] 특장차 접속 :  172.30.1.80
2025-03-18 10:53:37,088 - INFO - [soc.py:215] %%%%%%%%%%%% Edge -> EdgeNode delay_time: -162.058ms, (2025-03-18 10:53:37.087892 - 2025-03-18 10:53:37.249950)
2025-03-18 10:53:37,088 - INFO - [soc.py:225] EDGE 수신 : rep vehicle location E N STSW000001 
2025-03-18 10:53:37,098 - INFO - [mqtt_pub.py:386] 차량 정보 업데이트: {'heading': '287.559692', 'latitude': '36.610374', 'longitude': '127.288359', 'speed': '0.000000'}
2025-03-18 10:53:40,093 - INFO - [soc.py:215] %%%%%%%%%%%% Edge -> EdgeNode delay_time: -162.481ms, (2025-03-18 10:53:40.092973 - 2025-03-18 10:53:40.255454)
2025-03-18 10:53:40,094 - INFO - [soc.py:225] EDGE 수신 : rep status info E N STSW000001 
2025-03-18 10:53:40,103 - INFO - [mqtt_pub.py:390] 위치 정보 업데이트: {'accel': '0.000000', 'batteryRemainingCapacity': '60', 'batteryTemperature': '0', 'batteryVoltage': '0', 'brake': '0.000000', 'brakeStatus': '60', 'brakeType': '0', 'drivingDistance': '0.01', 'emergencyLight': '1', 'loadCapacity': '20.0', 'mdpsAngle': '-250.000000', 'transmission': '3', 'turnSignal': '1', 'wheelSpeed': '0.000000', 'workRate': '20.0', 'yawRate': '0.000000'}
2025-03-18 10:53:40,905 - INFO - [soc.py:215] %%%%%%%%%%%% Edge -> EdgeNode delay_time: -162.833ms, (2025-03-18 10:53:40.904790 - 2025-03-18 10:53:41.067623)
2025-03-18 10:53:40,905 - INFO - [soc.py:225] EDGE 수신 : rep cls ctrlinfo E N STSW000001 
2025-03-18 10:53:41,815 - INFO - [soc.py:215] %%%%%%%%%%%% Edge -> EdgeNode delay_time: -66.153ms, (2025-03-18 10:53:41.815162 - 2025-03-18 10:53:41.881315)
2025-03-18 10:53:41,816 - INFO - [soc.py:225] EDGE 수신 : rep vehicle location E N STSW000001 
2025-03-18 10:53:41,826 - INFO - [mqtt_pub.py:386] 차량 정보 업데이트: {'heading': '287.664490', 'latitude': '36.610373', 'longitude': '127.288367', 'speed': '0.000000'}
2025-03-18 10:53:42,635 - INFO - [soc.py:215] %%%%%%%%%%%% Edge -> EdgeNode delay_time: -56.942ms, (2025-03-18 10:53:42.635337 - 2025-03-18 10:53:42.692279)
2025-03-18 10:53:42,636 - INFO - [soc.py:225] EDGE 수신 : rep status info E N STSW000001 
2025-03-18 10:53:42,646 - INFO - [mqtt_pub.py:390] 위치 정보 업데이트: {'accel': '0.000000', 'batteryRemainingCapacity': '60', 'batteryTemperature': '0', 'batteryVoltage': '0', 'brake': '0.000000', 'brakeStatus': '60', 'brakeType': '0', 'drivingDistance': '0.01', 'emergencyLight': '1', 'loadCapacity': '20.0', 'mdpsAngle': '-247.000000', 'transmission': '3', 'turnSignal': '1', 'wheelSpeed': '0.000000', 'workRate': '20.0', 'yawRate': '0.000000'}
2025-03-18 10:53:43,343 - INFO - [soc.py:215] %%%%%%%%%%%% Edge -> EdgeNode delay_time: -161.509ms, (2025-03-18 10:53:43.342770 - 2025-03-18 10:53:43.504279)
2025-03-18 10:53:43,344 - INFO - [soc.py:225] EDGE 수신 : rep cls ctrlinfo E N STSW000001 
2025-03-18 10:53:44,156 - INFO - [soc.py:215] %%%%%%%%%%%% Edge -> EdgeNode delay_time: -163.137ms, (2025-03-18 10:53:44.155849 - 2025-03-18 10:53:44.318986)
2025-03-18 10:53:44,156 - INFO - [soc.py:225] EDGE 수신 : rep vehicle location E N STSW000001 
2025-03-18 10:53:44,166 - INFO - [mqtt_pub.py:386] 차량 정보 업데이트: {'heading': '287.474304', 'latitude': '36.610371', 'longitude': '127.288376', 'speed': '0.000000'}
2025-03-18 10:53:44,967 - INFO - [soc.py:215] %%%%%%%%%%%% Edge -> EdgeNode delay_time: -162.418ms, (2025-03-18 10:53:44.967065 - 2025-03-18 10:53:45.129483)
2025-03-18 10:53:44,968 - INFO - [soc.py:225] EDGE 수신 : rep status info E N STSW000001 
2025-03-18 10:53:44,977 - INFO - [mqtt_pub.py:390] 위치 정보 업데이트: {'accel': '0.000000', 'batteryRemainingCapacity': '60', 'batteryTemperature': '0', 'batteryVoltage': '0', 'brake': '0.000000', 'brakeStatus': '60', 'brakeType': '0', 'drivingDistance': '0.01', 'emergencyLight': '1', 'loadCapacity': '20.0', 'mdpsAngle': '-238.000000', 'transmission': '3', 'turnSignal': '1', 'wheelSpeed': '0.000000', 'workRate': '20.0', 'yawRate': '0.000000'}
2025-03-18 10:53:45,809 - INFO - [soc.py:215] %%%%%%%%%%%% Edge -> EdgeNode delay_time: -134.826ms, (2025-03-18 10:53:45.808569 - 2025-03-18 10:53:45.943395)
2025-03-18 10:53:45,809 - INFO - [soc.py:225] EDGE 수신 : rep cls ctrlinfo E N STSW000001 
2025-03-18 10:53:46,620 - INFO - [soc.py:215] %%%%%%%%%%%% Edge -> EdgeNode delay_time: -137.313ms, (2025-03-18 10:53:46.619805 - 2025-03-18 10:53:46.757118)
2025-03-18 10:53:46,621 - INFO - [soc.py:225] EDGE 수신 : rep vehicle location E N STSW000001 
2025-03-18 10:53:46,630 - INFO - [mqtt_pub.py:386] 차량 정보 업데이트: {'heading': '287.175293', 'latitude': '36.610369', 'longitude': '127.288384', 'speed': '0.000000'}
2025-03-18 10:53:47,409 - INFO - [soc.py:215] %%%%%%%%%%%% Edge -> EdgeNode delay_time: -160.64ms, (2025-03-18 10:53:47.408725 - 2025-03-18 10:53:47.569365)
2025-03-18 10:53:47,409 - INFO - [soc.py:225] EDGE 수신 : rep status info E N STSW000001 
2025-03-18 10:53:47,419 - INFO - [mqtt_pub.py:390] 위치 정보 업데이트: {'accel': '0.000000', 'batteryRemainingCapacity': '60', 'batteryTemperature': '0', 'batteryVoltage': '0', 'brake': '0.000000', 'brakeStatus': '60', 'brakeType': '0', 'drivingDistance': '0.01', 'emergencyLight': '1', 'loadCapacity': '20.0', 'mdpsAngle': '-215.000000', 'transmission': '3', 'turnSignal': '1', 'wheelSpeed': '0.000000', 'workRate': '20.0', 'yawRate': '0.000000'}
2025-03-18 10:53:48,220 - INFO - [soc.py:215] %%%%%%%%%%%% Edge -> EdgeNode delay_time: -162.616ms, (2025-03-18 10:53:48.219920 - 2025-03-18 10:53:48.382536)
2025-03-18 10:53:48,220 - INFO - [soc.py:225] EDGE 수신 : rep cls ctrlinfo E N STSW000001 
2025-03-18 10:53:49,036 - INFO - [soc.py:215] %%%%%%%%%%%% Edge -> EdgeNode delay_time: -162.586ms, (2025-03-18 10:53:49.036143 - 2025-03-18 10:53:49.198729)
2025-03-18 10:53:49,037 - INFO - [soc.py:225] EDGE 수신 : rep vehicle location E N STSW000001 
2025-03-18 10:53:49,045 - INFO - [mqtt_pub.py:386] 차량 정보 업데이트: {'heading': '286.878815', 'latitude': '36.610368', 'longitude': '127.288393', 'speed': '0.000000'}
2025-03-18 10:53:49,843 - INFO - [soc.py:215] %%%%%%%%%%%% Edge -> EdgeNode delay_time: -161.567ms, (2025-03-18 10:53:49.842423 - 2025-03-18 10:53:50.003990)
2025-03-18 10:53:49,843 - INFO - [soc.py:225] EDGE 수신 : rep status info E N STSW000001 
2025-03-18 10:53:49,853 - INFO - [mqtt_pub.py:390] 위치 정보 업데이트: {'accel': '0.000000', 'batteryRemainingCapacity': '60', 'batteryTemperature': '0', 'batteryVoltage': '0', 'brake': '0.000000', 'brakeStatus': '60', 'brakeType': '0', 'drivingDistance': '0.01', 'emergencyLight': '1', 'loadCapacity': '20.0', 'mdpsAngle': '-180.000000', 'transmission': '3', 'turnSignal': '1', 'wheelSpeed': '0.000000', 'workRate': '20.0', 'yawRate': '0.000000'}
2025-03-18 10:53:50,644 - INFO - [soc.py:215] %%%%%%%%%%%% Edge -> EdgeNode delay_time: -162.534ms, (2025-03-18 10:53:50.643636 - 2025-03-18 10:53:50.806170)
2025-03-18 10:53:50,644 - INFO - [soc.py:225] EDGE 수신 : rep cls ctrlinfo E N STSW000001 
2025-03-18 10:53:50,654 - ERROR - [mqtt_pub.py:478] 메시지 처리 중 오류 발생: Java Virtual Machine is not running
2025-03-18 10:53:50,654 - ERROR - [mqtt_pub.py:500] 메시지 처리 실패
2025-03-18 10:53:51,457 - INFO - [soc.py:215] %%%%%%%%%%%% Edge -> EdgeNode delay_time: -161.859ms, (2025-03-18 10:53:51.456965 - 2025-03-18 10:53:51.618824)
2025-03-18 10:53:51,457 - INFO - [soc.py:225] EDGE 수신 : rep vehicle location E N STSW000001 
2025-03-18 10:53:52,269 - INFO - [soc.py:215] %%%%%%%%%%%% Edge -> EdgeNode delay_time: -163.083ms, (2025-03-18 10:53:52.269048 - 2025-03-18 10:53:52.432131)
2025-03-18 10:53:52,270 - INFO - [soc.py:225] EDGE 수신 : rep status info E N STSW000001 
2025-03-18 10:53:53,072 - INFO - [soc.py:215] %%%%%%%%%%%% Edge -> EdgeNode delay_time: -163.379ms, (2025-03-18 10:53:53.071935 - 2025-03-18 10:53:53.235314)
2025-03-18 10:53:53,073 - INFO - [soc.py:225] EDGE 수신 : rep cls ctrlinfo E N STSW000001 
2025-03-18 10:53:53,887 - INFO - [soc.py:215] %%%%%%%%%%%% Edge -> EdgeNode delay_time: -162.219ms, (2025-03-18 10:53:53.887473 - 2025-03-18 10:53:54.049692)
2025-03-18 10:53:53,888 - INFO - [soc.py:225] EDGE 수신 : rep vehicle location E N STSW000001 
2025-03-18 10:53:54,718 - INFO - [soc.py:215] %%%%%%%%%%%% Edge -> EdgeNode delay_time: -142.432ms, (2025-03-18 10:53:54.717686 - 2025-03-18 10:53:54.860118)
2025-03-18 10:53:54,718 - INFO - [soc.py:225] EDGE 수신 : rep status info E N STSW000001 
2025-03-18 10:53:55,012 - ERROR - [soc.py:285] ==> 특장차 ConnectionResetError
Traceback (most recent call last):
  File "soc.py", line 151, in handle
    data = conn.recv(recv_len).decode(encoding=recv_encoding)
ConnectionResetError: [Errno 104] Connection reset by peer
2025-03-18 10:53:55,013 - INFO - [soc.py:303] finish
2025-03-18 10:53:55,013 - INFO - [soc.py:308] 현재 특장차 Client 접속수 : 0
2025-03-18 10:55:28,422 - INFO - [soc.py:106] __init__ 호출 MyTCPHandler1
2025-03-18 10:55:28,423 - INFO - [soc.py:133] 특장차 setup 호출
2025-03-18 10:55:28,423 - INFO - [soc.py:147] 특장차 접속 :  172.30.1.80
2025-03-18 10:55:28,429 - INFO - [soc.py:215] %%%%%%%%%%%% Edge -> EdgeNode delay_time: -163.227ms, (2025-03-18 10:55:28.428944 - 2025-03-18 10:55:28.592171)
2025-03-18 10:55:28,429 - INFO - [soc.py:225] EDGE 수신 : rep vehicle location E N STSW000001 
2025-03-18 10:55:31,437 - INFO - [soc.py:215] %%%%%%%%%%%% Edge -> EdgeNode delay_time: -163.054ms, (2025-03-18 10:55:31.436875 - 2025-03-18 10:55:31.599929)
2025-03-18 10:55:31,437 - INFO - [soc.py:225] EDGE 수신 : rep status info E N STSW000001 
2025-03-18 10:55:33,259 - INFO - [soc.py:215] %%%%%%%%%%%% Edge -> EdgeNode delay_time: -149.451ms, (2025-03-18 10:55:33.258590 - 2025-03-18 10:55:33.408041)
2025-03-18 10:55:33,259 - INFO - [soc.py:225] EDGE 수신 : rep cls ctrlinfo E N STSW000001 
2025-03-18 10:55:35,046 - INFO - [soc.py:215] %%%%%%%%%%%% Edge -> EdgeNode delay_time: -162.76ms, (2025-03-18 10:55:35.046062 - 2025-03-18 10:55:35.208822)
2025-03-18 10:55:35,046 - INFO - [soc.py:225] EDGE 수신 : rep vehicle location E N STSW000001 
2025-03-18 10:55:36,911 - INFO - [soc.py:215] %%%%%%%%%%%% Edge -> EdgeNode delay_time: -108.891ms, (2025-03-18 10:55:36.910542 - 2025-03-18 10:55:37.019433)
2025-03-18 10:55:36,911 - INFO - [soc.py:225] EDGE 수신 : rep status info E N STSW000001 
2025-03-18 10:55:38,759 - INFO - [soc.py:215] %%%%%%%%%%%% Edge -> EdgeNode delay_time: -66.9ms, (2025-03-18 10:55:38.758982 - 2025-03-18 10:55:38.825882)
2025-03-18 10:55:38,760 - INFO - [soc.py:225] EDGE 수신 : rep cls ctrlinfo E N STSW000001 
2025-03-18 10:55:40,467 - INFO - [soc.py:215] %%%%%%%%%%%% Edge -> EdgeNode delay_time: -162.48ms, (2025-03-18 10:55:40.467409 - 2025-03-18 10:55:40.629889)
2025-03-18 10:55:40,468 - INFO - [soc.py:225] EDGE 수신 : rep vehicle location E N STSW000001 
2025-03-18 10:55:42,272 - INFO - [soc.py:215] %%%%%%%%%%%% Edge -> EdgeNode delay_time: -163.571ms, (2025-03-18 10:55:42.272433 - 2025-03-18 10:55:42.436004)
2025-03-18 10:55:42,273 - INFO - [soc.py:225] EDGE 수신 : rep status info E N STSW000001 
2025-03-18 10:55:44,080 - INFO - [soc.py:215] %%%%%%%%%%%% Edge -> EdgeNode delay_time: -163.879ms, (2025-03-18 10:55:44.080026 - 2025-03-18 10:55:44.243905)
2025-03-18 10:55:44,080 - INFO - [soc.py:225] EDGE 수신 : rep cls ctrlinfo E N STSW000001 
2025-03-18 10:55:45,922 - INFO - [soc.py:215] %%%%%%%%%%%% Edge -> EdgeNode delay_time: -128.074ms, (2025-03-18 10:55:45.921617 - 2025-03-18 10:55:46.049691)
2025-03-18 10:55:45,922 - INFO - [soc.py:225] EDGE 수신 : rep vehicle location E N STSW000001 
2025-03-18 10:55:47,695 - INFO - [soc.py:215] %%%%%%%%%%%% Edge -> EdgeNode delay_time: -160.949ms, (2025-03-18 10:55:47.695017 - 2025-03-18 10:55:47.855966)
2025-03-18 10:55:47,695 - INFO - [soc.py:225] EDGE 수신 : rep status info E N STSW000001 
2025-03-18 10:55:49,499 - INFO - [soc.py:215] %%%%%%%%%%%% Edge -> EdgeNode delay_time: -163.395ms, (2025-03-18 10:55:49.498596 - 2025-03-18 10:55:49.661991)
2025-03-18 10:55:49,499 - INFO - [soc.py:225] EDGE 수신 : rep cls ctrlinfo E N STSW000001 
2025-03-18 10:55:51,302 - INFO - [soc.py:215] %%%%%%%%%%%% Edge -> EdgeNode delay_time: -163.318ms, (2025-03-18 10:55:51.302386 - 2025-03-18 10:55:51.465704)
2025-03-18 10:55:51,303 - INFO - [soc.py:225] EDGE 수신 : rep vehicle location E N STSW000001 
2025-03-18 10:55:53,107 - INFO - [soc.py:215] %%%%%%%%%%%% Edge -> EdgeNode delay_time: -163.829ms, (2025-03-18 10:55:53.106659 - 2025-03-18 10:55:53.270488)
2025-03-18 10:55:53,107 - INFO - [soc.py:225] EDGE 수신 : rep status info E N STSW000001 
2025-03-18 10:55:54,911 - INFO - [soc.py:215] %%%%%%%%%%%% Edge -> EdgeNode delay_time: -163.579ms, (2025-03-18 10:55:54.910887 - 2025-03-18 10:55:55.074466)
2025-03-18 10:55:54,912 - INFO - [soc.py:225] EDGE 수신 : rep cls ctrlinfo E N STSW000001 
2025-03-18 10:55:56,721 - INFO - [soc.py:215] %%%%%%%%%%%% Edge -> EdgeNode delay_time: -163.456ms, (2025-03-18 10:55:56.720736 - 2025-03-18 10:55:56.884192)
2025-03-18 10:55:56,721 - INFO - [soc.py:225] EDGE 수신 : rep vehicle location E N STSW000001 
2025-03-18 10:55:58,538 - INFO - [soc.py:215] %%%%%%%%%%%% Edge -> EdgeNode delay_time: -162.988ms, (2025-03-18 10:55:58.538181 - 2025-03-18 10:55:58.701169)
2025-03-18 10:55:58,539 - INFO - [soc.py:225] EDGE 수신 : rep status info E N STSW000001 
2025-03-18 10:56:00,345 - INFO - [soc.py:215] %%%%%%%%%%%% Edge -> EdgeNode delay_time: -163.248ms, (2025-03-18 10:56:00.344754 - 2025-03-18 10:56:00.508002)
2025-03-18 10:56:00,345 - INFO - [soc.py:225] EDGE 수신 : rep cls ctrlinfo E N STSW000001 
2025-03-18 10:56:02,153 - INFO - [soc.py:215] %%%%%%%%%%%% Edge -> EdgeNode delay_time: -163.361ms, (2025-03-18 10:56:02.153401 - 2025-03-18 10:56:02.316762)
2025-03-18 10:56:02,154 - INFO - [soc.py:225] EDGE 수신 : rep vehicle location E N STSW000001 
2025-03-18 10:56:03,967 - INFO - [soc.py:215] %%%%%%%%%%%% Edge -> EdgeNode delay_time: -162.255ms, (2025-03-18 10:56:03.967172 - 2025-03-18 10:56:04.129427)
2025-03-18 10:56:03,968 - INFO - [soc.py:225] EDGE 수신 : rep status info E N STSW000001 
2025-03-18 10:56:05,791 - INFO - [soc.py:215] %%%%%%%%%%%% Edge -> EdgeNode delay_time: -147.192ms, (2025-03-18 10:56:05.791387 - 2025-03-18 10:56:05.938579)
2025-03-18 10:56:05,792 - INFO - [soc.py:225] EDGE 수신 : rep cls ctrlinfo E N STSW000001 
2025-03-18 10:56:07,581 - INFO - [soc.py:215] %%%%%%%%%%%% Edge -> EdgeNode delay_time: -162.962ms, (2025-03-18 10:56:07.581120 - 2025-03-18 10:56:07.744082)
2025-03-18 10:56:07,582 - INFO - [soc.py:225] EDGE 수신 : rep vehicle location E N STSW000001 
2025-03-18 10:56:09,386 - INFO - [soc.py:215] %%%%%%%%%%%% Edge -> EdgeNode delay_time: -163.565ms, (2025-03-18 10:56:09.386377 - 2025-03-18 10:56:09.549942)
2025-03-18 10:56:09,387 - INFO - [soc.py:225] EDGE 수신 : rep status info E N STSW000001 
2025-03-18 10:56:11,196 - INFO - [soc.py:215] %%%%%%%%%%%% Edge -> EdgeNode delay_time: -162.605ms, (2025-03-18 10:56:11.195671 - 2025-03-18 10:56:11.358276)
2025-03-18 10:56:11,197 - INFO - [soc.py:225] EDGE 수신 : rep cls ctrlinfo E N STSW000001 
2025-03-18 10:56:13,011 - INFO - [soc.py:215] %%%%%%%%%%%% Edge -> EdgeNode delay_time: -164.15ms, (2025-03-18 10:56:13.010657 - 2025-03-18 10:56:13.174807)
2025-03-18 10:56:13,011 - INFO - [soc.py:225] EDGE 수신 : rep vehicle location E N STSW000001 
2025-03-18 10:56:14,821 - INFO - [soc.py:215] %%%%%%%%%%%% Edge -> EdgeNode delay_time: -164.628ms, (2025-03-18 10:56:14.820793 - 2025-03-18 10:56:14.985421)
2025-03-18 10:56:14,821 - INFO - [soc.py:225] EDGE 수신 : rep status info E N STSW000001 
2025-03-18 10:56:16,641 - INFO - [soc.py:215] %%%%%%%%%%%% Edge -> EdgeNode delay_time: -149.939ms, (2025-03-18 10:56:16.641393 - 2025-03-18 10:56:16.791332)
2025-03-18 10:56:16,642 - INFO - [soc.py:225] EDGE 수신 : rep cls ctrlinfo E N STSW000001 
2025-03-18 10:56:18,429 - INFO - [soc.py:215] %%%%%%%%%%%% Edge -> EdgeNode delay_time: -164.559ms, (2025-03-18 10:56:18.429413 - 2025-03-18 10:56:18.593972)
2025-03-18 10:56:18,430 - INFO - [soc.py:225] EDGE 수신 : rep vehicle location E N STSW000001 
2025-03-18 10:56:20,241 - INFO - [soc.py:215] %%%%%%%%%%%% Edge -> EdgeNode delay_time: -164.225ms, (2025-03-18 10:56:20.241320 - 2025-03-18 10:56:20.405545)
2025-03-18 10:56:20,242 - INFO - [soc.py:225] EDGE 수신 : rep status info E N STSW000001 
2025-03-18 10:56:22,059 - INFO - [soc.py:215] %%%%%%%%%%%% Edge -> EdgeNode delay_time: -164.182ms, (2025-03-18 10:56:22.058990 - 2025-03-18 10:56:22.223172)
2025-03-18 10:56:22,059 - INFO - [soc.py:225] EDGE 수신 : rep cls ctrlinfo E N STSW000001 
2025-03-18 10:56:23,871 - INFO - [soc.py:215] %%%%%%%%%%%% Edge -> EdgeNode delay_time: -164.213ms, (2025-03-18 10:56:23.871047 - 2025-03-18 10:56:24.035260)
2025-03-18 10:56:23,871 - INFO - [soc.py:225] EDGE 수신 : rep vehicle location E N STSW000001 
2025-03-18 10:56:25,759 - INFO - [soc.py:215] %%%%%%%%%%%% Edge -> EdgeNode delay_time: -83.298ms, (2025-03-18 10:56:25.759169 - 2025-03-18 10:56:25.842467)
2025-03-18 10:56:25,760 - INFO - [soc.py:225] EDGE 수신 : rep status info E N STSW000001 
2025-03-18 10:56:27,491 - INFO - [soc.py:215] %%%%%%%%%%%% Edge -> EdgeNode delay_time: -163.458ms, (2025-03-18 10:56:27.491210 - 2025-03-18 10:56:27.654668)
2025-03-18 10:56:27,492 - INFO - [soc.py:225] EDGE 수신 : rep cls ctrlinfo E N STSW000001 
2025-03-18 10:56:29,296 - INFO - [soc.py:215] %%%%%%%%%%%% Edge -> EdgeNode delay_time: -164.419ms, (2025-03-18 10:56:29.295365 - 2025-03-18 10:56:29.459784)
2025-03-18 10:56:29,296 - INFO - [soc.py:225] EDGE 수신 : rep vehicle location E N STSW000001 
2025-03-18 10:56:31,104 - INFO - [soc.py:215] %%%%%%%%%%%% Edge -> EdgeNode delay_time: -164.459ms, (2025-03-18 10:56:31.103660 - 2025-03-18 10:56:31.268119)
2025-03-18 10:56:31,104 - INFO - [soc.py:225] EDGE 수신 : rep status info E N STSW000001 
2025-03-18 10:56:32,923 - INFO - [soc.py:215] %%%%%%%%%%%% Edge -> EdgeNode delay_time: -154.012ms, (2025-03-18 10:56:32.922969 - 2025-03-18 10:56:33.076981)
2025-03-18 10:56:32,924 - INFO - [soc.py:225] EDGE 수신 : rep cls ctrlinfo E N STSW000001 
2025-03-18 10:56:34,765 - INFO - [soc.py:215] %%%%%%%%%%%% Edge -> EdgeNode delay_time: -128.868ms, (2025-03-18 10:56:34.764901 - 2025-03-18 10:56:34.893769)
2025-03-18 10:56:34,765 - INFO - [soc.py:225] EDGE 수신 : rep vehicle location E N STSW000001 
2025-03-18 10:56:36,533 - INFO - [soc.py:215] %%%%%%%%%%%% Edge -> EdgeNode delay_time: -163.733ms, (2025-03-18 10:56:36.533167 - 2025-03-18 10:56:36.696900)
2025-03-18 10:56:36,534 - INFO - [soc.py:225] EDGE 수신 : rep status info E N STSW000001 
2025-03-18 10:56:38,351 - INFO - [soc.py:215] %%%%%%%%%%%% Edge -> EdgeNode delay_time: -163.859ms, (2025-03-18 10:56:38.350623 - 2025-03-18 10:56:38.514482)
2025-03-18 10:56:38,351 - INFO - [soc.py:225] EDGE 수신 : rep cls ctrlinfo E N STSW000001 
2025-03-18 10:56:39,239 - INFO - [soc.py:215] %%%%%%%%%%%% Edge -> EdgeNode delay_time: 69820.065ms, (2025-03-18 10:56:39.238897 - 2025-03-18 10:55:29.418832)
2025-03-18 10:56:39,239 - INFO - [soc.py:225] EDGE 수신 : rep cls setctrllogin E N STSW000001 
2025-03-18 10:56:39,555 - ERROR - [soc.py:273] json.decoder.JSONDecodeError Expecting ':' delimiter: line 1 column 44 (char 43), [{"command":"60360","type":"VEHICLE_INFO",""VID":"STSW000001", "edgeTy":"ctrlsub","timestamp":"2025-03-18 10:56:39.558231","data":{"boxstage1":"0"}}]
Traceback (most recent call last):
  File "soc.py", line 172, in handle
    res= json.loads(str(data))
  File "/usr/lib/python3.8/json/__init__.py", line 357, in loads
    return _default_decoder.decode(s)
  File "/usr/lib/python3.8/json/decoder.py", line 337, in decode
    obj, end = self.raw_decode(s, idx=_w(s, 0).end())
  File "/usr/lib/python3.8/json/decoder.py", line 353, in raw_decode
    obj, end = self.scan_once(s, idx)
json.decoder.JSONDecodeError: Expecting ':' delimiter: line 1 column 44 (char 43)
2025-03-18 10:56:39,988 - INFO - [soc.py:215] %%%%%%%%%%%% Edge -> EdgeNode delay_time: -109.366ms, (2025-03-18 10:56:39.988231 - 2025-03-18 10:56:40.097597)
2025-03-18 10:56:39,989 - INFO - [soc.py:225] EDGE 수신 : rep cls lanetype  E N STSW000001 
2025-03-18 10:56:40,157 - INFO - [soc.py:215] %%%%%%%%%%%% Edge -> EdgeNode delay_time: -163.765ms, (2025-03-18 10:56:40.155834 - 2025-03-18 10:56:40.319599)
2025-03-18 10:56:40,157 - INFO - [soc.py:225] EDGE 수신 : rep tractor workinfo E N STSW000001 
2025-03-18 10:56:40,160 - INFO - [soc.py:215] %%%%%%%%%%%% Edge -> EdgeNode delay_time: -164.567ms, (2025-03-18 10:56:40.159874 - 2025-03-18 10:56:40.324441)
2025-03-18 10:56:40,160 - INFO - [soc.py:225] EDGE 수신 : rep vehicle location E N STSW000001 
2025-03-18 10:56:40,498 - INFO - [soc.py:215] %%%%%%%%%%%% Edge -> EdgeNode delay_time: -126.473ms, (2025-03-18 10:56:40.497643 - 2025-03-18 10:56:40.624116)
2025-03-18 10:56:40,498 - INFO - [soc.py:225] EDGE 수신 : rep cls lanetype  E N STSW000001 
2025-03-18 10:56:40,628 - INFO - [soc.py:215] %%%%%%%%%%%% Edge -> EdgeNode delay_time: -163.348ms, (2025-03-18 10:56:40.628325 - 2025-03-18 10:56:40.791673)
2025-03-18 10:56:40,629 - INFO - [soc.py:225] EDGE 수신 : event event all E N STSW000001 
2025-03-18 10:56:40,796 - INFO - [soc.py:215] %%%%%%%%%%%% Edge -> EdgeNode delay_time: -163.682ms, (2025-03-18 10:56:40.796233 - 2025-03-18 10:56:40.959915)
2025-03-18 10:56:40,797 - INFO - [soc.py:225] EDGE 수신 : rep cls trafficinfo E N STSW000001 
2025-03-18 10:56:40,964 - INFO - [soc.py:215] %%%%%%%%%%%% Edge -> EdgeNode delay_time: -163.819ms, (2025-03-18 10:56:40.963664 - 2025-03-18 10:56:41.127483)
2025-03-18 10:56:40,964 - INFO - [soc.py:225] EDGE 수신 : event event all E N STSW000001 
2025-03-18 10:56:41,100 - INFO - [soc.py:215] %%%%%%%%%%%% Edge -> EdgeNode delay_time: -163.846ms, (2025-03-18 10:56:41.099925 - 2025-03-18 10:56:41.263771)
2025-03-18 10:56:41,100 - INFO - [soc.py:225] EDGE 수신 : rep cls trafficinfo E N STSW000001 
2025-03-18 10:56:41,238 - INFO - [soc.py:215] %%%%%%%%%%%% Edge -> EdgeNode delay_time: -163.863ms, (2025-03-18 10:56:41.238318 - 2025-03-18 10:56:41.402181)
2025-03-18 10:56:41,239 - INFO - [soc.py:225] EDGE 수신 : event event all E N STSW000001 
2025-03-18 10:56:42,011 - INFO - [soc.py:215] %%%%%%%%%%%% Edge -> EdgeNode delay_time: -125.113ms, (2025-03-18 10:56:42.011427 - 2025-03-18 10:56:42.136540)
2025-03-18 10:56:42,012 - INFO - [soc.py:225] EDGE 수신 : rep status info E N STSW000001 
2025-03-18 10:56:43,788 - INFO - [soc.py:215] %%%%%%%%%%%% Edge -> EdgeNode delay_time: -163.524ms, (2025-03-18 10:56:43.787698 - 2025-03-18 10:56:43.951222)
2025-03-18 10:56:43,788 - INFO - [soc.py:225] EDGE 수신 : rep cls ctrlinfo E N STSW000001 
2025-03-18 10:56:45,600 - INFO - [soc.py:215] %%%%%%%%%%%% Edge -> EdgeNode delay_time: -161.999ms, (2025-03-18 10:56:45.600301 - 2025-03-18 10:56:45.762300)
2025-03-18 10:56:45,601 - INFO - [soc.py:225] EDGE 수신 : rep vehicle location E N STSW000001 
2025-03-18 10:56:47,462 - INFO - [soc.py:215] %%%%%%%%%%%% Edge -> EdgeNode delay_time: -116.162ms, (2025-03-18 10:56:47.462094 - 2025-03-18 10:56:47.578256)
2025-03-18 10:56:47,462 - INFO - [soc.py:225] EDGE 수신 : rep status info E N STSW000001 
2025-03-18 10:56:49,227 - INFO - [soc.py:215] %%%%%%%%%%%% Edge -> EdgeNode delay_time: -163.101ms, (2025-03-18 10:56:49.226737 - 2025-03-18 10:56:49.389838)
2025-03-18 10:56:49,227 - INFO - [soc.py:225] EDGE 수신 : rep cls ctrlinfo E N STSW000001 
2025-03-18 10:56:51,037 - INFO - [soc.py:215] %%%%%%%%%%%% Edge -> EdgeNode delay_time: -163.975ms, (2025-03-18 10:56:51.036814 - 2025-03-18 10:56:51.200789)
2025-03-18 10:56:51,037 - INFO - [soc.py:225] EDGE 수신 : rep vehicle location E N STSW000001 
2025-03-18 10:56:52,861 - INFO - [soc.py:215] %%%%%%%%%%%% Edge -> EdgeNode delay_time: -164.006ms, (2025-03-18 10:56:52.860547 - 2025-03-18 10:56:53.024553)
2025-03-18 10:56:52,861 - INFO - [soc.py:225] EDGE 수신 : rep status info E N STSW000001 
2025-03-18 10:56:54,675 - INFO - [soc.py:215] %%%%%%%%%%%% Edge -> EdgeNode delay_time: -162.519ms, (2025-03-18 10:56:54.674776 - 2025-03-18 10:56:54.837295)
2025-03-18 10:56:54,675 - INFO - [soc.py:225] EDGE 수신 : rep cls ctrlinfo E N STSW000001 
2025-03-18 10:56:56,486 - INFO - [soc.py:215] %%%%%%%%%%%% Edge -> EdgeNode delay_time: -163.715ms, (2025-03-18 10:56:56.486510 - 2025-03-18 10:56:56.650225)
2025-03-18 10:56:56,487 - INFO - [soc.py:225] EDGE 수신 : rep vehicle location E N STSW000001 
2025-03-18 10:56:58,295 - INFO - [soc.py:215] %%%%%%%%%%%% Edge -> EdgeNode delay_time: -164.471ms, (2025-03-18 10:56:58.295760 - 2025-03-18 10:56:58.460231)
2025-03-18 10:56:58,296 - INFO - [soc.py:225] EDGE 수신 : rep status info E N STSW000001 
2025-03-18 10:56:59,224 - INFO - [soc.py:215] %%%%%%%%%%%% Edge -> EdgeNode delay_time: -127.499ms, (2025-03-18 10:56:59.224514 - 2025-03-18 10:56:59.352013)
2025-03-18 10:56:59,224 - INFO - [soc.py:225] EDGE 수신 : event event all E N STSW000001 
2025-03-18 10:56:59,339 - INFO - [soc.py:215] %%%%%%%%%%%% Edge -> EdgeNode delay_time: -164.402ms, (2025-03-18 10:56:59.339289 - 2025-03-18 10:56:59.503691)
2025-03-18 10:56:59,339 - INFO - [soc.py:225] EDGE 수신 : event event all E N STSW000001 
2025-03-18 10:57:00,108 - INFO - [soc.py:215] %%%%%%%%%%%% Edge -> EdgeNode delay_time: -165.192ms, (2025-03-18 10:57:00.108703 - 2025-03-18 10:57:00.273895)
2025-03-18 10:57:00,109 - INFO - [soc.py:225] EDGE 수신 : rep cls ctrlinfo E N STSW000001 
2025-03-18 10:57:00,476 - INFO - [soc.py:215] %%%%%%%%%%%% Edge -> EdgeNode delay_time: 946.891ms, (2025-03-18 10:57:00.476343 - 2025-03-18 10:56:59.529452)
2025-03-18 10:57:00,477 - INFO - [soc.py:225] EDGE 수신 : rep status all E N STSW000001 
2025-03-18 10:57:01,910 - INFO - [soc.py:215] %%%%%%%%%%%% Edge -> EdgeNode delay_time: -164.355ms, (2025-03-18 10:57:01.910404 - 2025-03-18 10:57:02.074759)
2025-03-18 10:57:01,911 - INFO - [soc.py:225] EDGE 수신 : rep vehicle location E N STSW000001 
2025-03-18 10:57:03,721 - INFO - [soc.py:215] %%%%%%%%%%%% Edge -> EdgeNode delay_time: -164.152ms, (2025-03-18 10:57:03.721367 - 2025-03-18 10:57:03.885519)
2025-03-18 10:57:03,721 - INFO - [soc.py:225] EDGE 수신 : rep status info E N STSW000001 
2025-03-18 10:57:05,558 - INFO - [soc.py:215] %%%%%%%%%%%% Edge -> EdgeNode delay_time: -139.624ms, (2025-03-18 10:57:05.558335 - 2025-03-18 10:57:05.697959)
2025-03-18 10:57:05,558 - INFO - [soc.py:225] EDGE 수신 : rep cls ctrlinfo E N STSW000001 
2025-03-18 10:57:07,337 - INFO - [soc.py:215] %%%%%%%%%%%% Edge -> EdgeNode delay_time: -164.748ms, (2025-03-18 10:57:07.337079 - 2025-03-18 10:57:07.501827)
2025-03-18 10:57:07,337 - INFO - [soc.py:225] EDGE 수신 : rep vehicle location E N STSW000001 
2025-03-18 10:57:09,139 - INFO - [soc.py:215] %%%%%%%%%%%% Edge -> EdgeNode delay_time: -165.459ms, (2025-03-18 10:57:09.139354 - 2025-03-18 10:57:09.304813)
2025-03-18 10:57:09,140 - INFO - [soc.py:225] EDGE 수신 : rep status info E N STSW000001 
2025-03-18 10:57:10,955 - INFO - [soc.py:215] %%%%%%%%%%%% Edge -> EdgeNode delay_time: -164.21ms, (2025-03-18 10:57:10.955706 - 2025-03-18 10:57:11.119916)
2025-03-18 10:57:10,956 - INFO - [soc.py:225] EDGE 수신 : rep cls ctrlinfo E N STSW000001 
2025-03-18 10:57:12,766 - INFO - [soc.py:215] %%%%%%%%%%%% Edge -> EdgeNode delay_time: -164.756ms, (2025-03-18 10:57:12.765157 - 2025-03-18 10:57:12.929913)
2025-03-18 10:57:12,766 - INFO - [soc.py:225] EDGE 수신 : rep vehicle location E N STSW000001 
2025-03-18 10:57:14,581 - INFO - [soc.py:215] %%%%%%%%%%%% Edge -> EdgeNode delay_time: -164.745ms, (2025-03-18 10:57:14.580987 - 2025-03-18 10:57:14.745732)
2025-03-18 10:57:14,581 - INFO - [soc.py:225] EDGE 수신 : rep status info E N STSW000001 
2025-03-18 10:57:16,390 - INFO - [soc.py:215] %%%%%%%%%%%% Edge -> EdgeNode delay_time: -164.132ms, (2025-03-18 10:57:16.390314 - 2025-03-18 10:57:16.554446)
2025-03-18 10:57:16,391 - INFO - [soc.py:225] EDGE 수신 : rep cls ctrlinfo E N STSW000001 
2025-03-18 10:57:18,205 - INFO - [soc.py:215] %%%%%%%%%%%% Edge -> EdgeNode delay_time: -164.892ms, (2025-03-18 10:57:18.205175 - 2025-03-18 10:57:18.370067)
2025-03-18 10:57:18,205 - INFO - [soc.py:225] EDGE 수신 : rep vehicle location E N STSW000001 
2025-03-18 10:57:20,024 - INFO - [soc.py:215] %%%%%%%%%%%% Edge -> EdgeNode delay_time: -152.812ms, (2025-03-18 10:57:20.024593 - 2025-03-18 10:57:20.177405)
2025-03-18 10:57:20,025 - INFO - [soc.py:225] EDGE 수신 : rep status info E N STSW000001 
2025-03-18 10:57:21,867 - INFO - [soc.py:215] %%%%%%%%%%%% Edge -> EdgeNode delay_time: -119.215ms, (2025-03-18 10:57:21.867715 - 2025-03-18 10:57:21.986930)
2025-03-18 10:57:21,868 - INFO - [soc.py:225] EDGE 수신 : rep cls ctrlinfo E N STSW000001 
2025-03-18 10:57:23,631 - INFO - [soc.py:215] %%%%%%%%%%%% Edge -> EdgeNode delay_time: -164.206ms, (2025-03-18 10:57:23.631544 - 2025-03-18 10:57:23.795750)
2025-03-18 10:57:23,632 - INFO - [soc.py:225] EDGE 수신 : rep vehicle location E N STSW000001 
2025-03-18 10:57:25,446 - INFO - [soc.py:215] %%%%%%%%%%%% Edge -> EdgeNode delay_time: -164.209ms, (2025-03-18 10:57:25.445986 - 2025-03-18 10:57:25.610195)
2025-03-18 10:57:25,446 - INFO - [soc.py:225] EDGE 수신 : rep status info E N STSW000001 
2025-03-18 10:57:27,251 - INFO - [soc.py:215] %%%%%%%%%%%% Edge -> EdgeNode delay_time: -162.219ms, (2025-03-18 10:57:27.251533 - 2025-03-18 10:57:27.413752)
2025-03-18 10:57:27,252 - INFO - [soc.py:225] EDGE 수신 : rep cls ctrlinfo E N STSW000001 
2025-03-18 10:57:29,054 - INFO - [soc.py:215] %%%%%%%%%%%% Edge -> EdgeNode delay_time: -164.489ms, (2025-03-18 10:57:29.054129 - 2025-03-18 10:57:29.218618)
2025-03-18 10:57:29,055 - INFO - [soc.py:225] EDGE 수신 : rep vehicle location E N STSW000001 
2025-03-18 10:57:30,869 - INFO - [soc.py:215] %%%%%%%%%%%% Edge -> EdgeNode delay_time: -165.306ms, (2025-03-18 10:57:30.869156 - 2025-03-18 10:57:31.034462)
2025-03-18 10:57:30,870 - INFO - [soc.py:225] EDGE 수신 : rep status info E N STSW000001 
2025-03-18 10:57:32,677 - INFO - [soc.py:215] %%%%%%%%%%%% Edge -> EdgeNode delay_time: -163.189ms, (2025-03-18 10:57:32.676833 - 2025-03-18 10:57:32.840022)
2025-03-18 10:57:32,678 - INFO - [soc.py:225] EDGE 수신 : rep cls ctrlinfo E N STSW000001 
2025-03-18 10:57:34,566 - INFO - [soc.py:215] %%%%%%%%%%%% Edge -> EdgeNode delay_time: -80.317ms, (2025-03-18 10:57:34.565915 - 2025-03-18 10:57:34.646232)
2025-03-18 10:57:34,566 - INFO - [soc.py:225] EDGE 수신 : rep vehicle location E N STSW000001 
2025-03-18 10:57:36,295 - INFO - [soc.py:215] %%%%%%%%%%%% Edge -> EdgeNode delay_time: -164.15ms, (2025-03-18 10:57:36.294618 - 2025-03-18 10:57:36.458768)
2025-03-18 10:57:36,295 - INFO - [soc.py:225] EDGE 수신 : rep status info E N STSW000001 
2025-03-18 10:57:38,108 - INFO - [soc.py:215] %%%%%%%%%%%% Edge -> EdgeNode delay_time: -164.81ms, (2025-03-18 10:57:38.108038 - 2025-03-18 10:57:38.272848)
2025-03-18 10:57:38,109 - INFO - [soc.py:225] EDGE 수신 : rep cls ctrlinfo E N STSW000001 
2025-03-18 10:57:39,940 - INFO - [soc.py:215] %%%%%%%%%%%% Edge -> EdgeNode delay_time: -148.028ms, (2025-03-18 10:57:39.940219 - 2025-03-18 10:57:40.088247)
2025-03-18 10:57:39,940 - INFO - [soc.py:225] EDGE 수신 : rep vehicle location E N STSW000001 
2025-03-18 10:57:41,738 - INFO - [soc.py:215] %%%%%%%%%%%% Edge -> EdgeNode delay_time: -163.729ms, (2025-03-18 10:57:41.738166 - 2025-03-18 10:57:41.901895)
2025-03-18 10:57:41,739 - INFO - [soc.py:225] EDGE 수신 : rep status info E N STSW000001 
2025-03-18 10:57:43,571 - INFO - [soc.py:215] %%%%%%%%%%%% Edge -> EdgeNode delay_time: -144.994ms, (2025-03-18 10:57:43.571449 - 2025-03-18 10:57:43.716443)
2025-03-18 10:57:43,572 - INFO - [soc.py:225] EDGE 수신 : rep cls ctrlinfo E N STSW000001 
2025-03-18 10:57:45,360 - INFO - [soc.py:215] %%%%%%%%%%%% Edge -> EdgeNode delay_time: -163.516ms, (2025-03-18 10:57:45.360166 - 2025-03-18 10:57:45.523682)
2025-03-18 10:57:45,361 - INFO - [soc.py:225] EDGE 수신 : rep vehicle location E N STSW000001 
2025-03-18 10:57:47,170 - INFO - [soc.py:215] %%%%%%%%%%%% Edge -> EdgeNode delay_time: -164.491ms, (2025-03-18 10:57:47.169992 - 2025-03-18 10:57:47.334483)
2025-03-18 10:57:47,171 - INFO - [soc.py:225] EDGE 수신 : rep status info E N STSW000001 
2025-03-18 10:57:48,983 - INFO - [soc.py:215] %%%%%%%%%%%% Edge -> EdgeNode delay_time: -165.165ms, (2025-03-18 10:57:48.982893 - 2025-03-18 10:57:49.148058)
2025-03-18 10:57:48,984 - INFO - [soc.py:225] EDGE 수신 : rep cls ctrlinfo E N STSW000001 
2025-03-18 10:57:50,789 - INFO - [soc.py:215] %%%%%%%%%%%% Edge -> EdgeNode delay_time: -165.117ms, (2025-03-18 10:57:50.788990 - 2025-03-18 10:57:50.954107)
2025-03-18 10:57:50,790 - INFO - [soc.py:225] EDGE 수신 : rep vehicle location E N STSW000001 
2025-03-18 10:57:52,601 - INFO - [soc.py:215] %%%%%%%%%%%% Edge -> EdgeNode delay_time: -163.896ms, (2025-03-18 10:57:52.600629 - 2025-03-18 10:57:52.764525)
2025-03-18 10:57:52,601 - INFO - [soc.py:225] EDGE 수신 : rep status info E N STSW000001 
2025-03-18 10:57:54,405 - INFO - [soc.py:215] %%%%%%%%%%%% Edge -> EdgeNode delay_time: -165.123ms, (2025-03-18 10:57:54.405442 - 2025-03-18 10:57:54.570565)
2025-03-18 10:57:54,406 - INFO - [soc.py:225] EDGE 수신 : rep cls ctrlinfo E N STSW000001 
2025-03-18 10:57:56,211 - INFO - [soc.py:215] %%%%%%%%%%%% Edge -> EdgeNode delay_time: -164.909ms, (2025-03-18 10:57:56.211477 - 2025-03-18 10:57:56.376386)
2025-03-18 10:57:56,212 - INFO - [soc.py:225] EDGE 수신 : rep vehicle location E N STSW000001 
2025-03-18 10:57:58,021 - INFO - [soc.py:215] %%%%%%%%%%%% Edge -> EdgeNode delay_time: -163.826ms, (2025-03-18 10:57:58.021185 - 2025-03-18 10:57:58.185011)
2025-03-18 10:57:58,022 - INFO - [soc.py:225] EDGE 수신 : rep status info E N STSW000001 
2025-03-18 10:57:59,825 - INFO - [soc.py:215] %%%%%%%%%%%% Edge -> EdgeNode delay_time: -164.309ms, (2025-03-18 10:57:59.825141 - 2025-03-18 10:57:59.989450)
2025-03-18 10:57:59,826 - INFO - [soc.py:225] EDGE 수신 : rep cls ctrlinfo E N STSW000001 
2025-03-18 10:58:01,637 - INFO - [soc.py:215] %%%%%%%%%%%% Edge -> EdgeNode delay_time: -164.667ms, (2025-03-18 10:58:01.637195 - 2025-03-18 10:58:01.801862)
2025-03-18 10:58:01,638 - INFO - [soc.py:225] EDGE 수신 : rep vehicle location E N STSW000001 
2025-03-18 10:58:03,545 - INFO - [soc.py:215] %%%%%%%%%%%% Edge -> EdgeNode delay_time: -70.016ms, (2025-03-18 10:58:03.545419 - 2025-03-18 10:58:03.615435)
2025-03-18 10:58:03,546 - INFO - [soc.py:225] EDGE 수신 : rep status info E N STSW000001 
2025-03-18 10:58:05,266 - INFO - [soc.py:215] %%%%%%%%%%%% Edge -> EdgeNode delay_time: -164.914ms, (2025-03-18 10:58:05.265678 - 2025-03-18 10:58:05.430592)
2025-03-18 10:58:05,266 - INFO - [soc.py:225] EDGE 수신 : rep cls ctrlinfo E N STSW000001 
2025-03-18 10:58:07,079 - INFO - [soc.py:215] %%%%%%%%%%%% Edge -> EdgeNode delay_time: -165.519ms, (2025-03-18 10:58:07.078739 - 2025-03-18 10:58:07.244258)
2025-03-18 10:58:07,080 - INFO - [soc.py:225] EDGE 수신 : rep vehicle location E N STSW000001 
2025-03-18 10:58:08,977 - INFO - [soc.py:215] %%%%%%%%%%%% Edge -> EdgeNode delay_time: -78.544ms, (2025-03-18 10:58:08.976624 - 2025-03-18 10:58:09.055168)
2025-03-18 10:58:08,977 - INFO - [soc.py:225] EDGE 수신 : rep status info E N STSW000001 
2025-03-18 10:58:10,700 - INFO - [soc.py:215] %%%%%%%%%%%% Edge -> EdgeNode delay_time: -164.349ms, (2025-03-18 10:58:10.700300 - 2025-03-18 10:58:10.864649)
2025-03-18 10:58:10,701 - INFO - [soc.py:225] EDGE 수신 : rep cls ctrlinfo E N STSW000001 
2025-03-18 10:58:12,505 - INFO - [soc.py:215] %%%%%%%%%%%% Edge -> EdgeNode delay_time: -164.352ms, (2025-03-18 10:58:12.505582 - 2025-03-18 10:58:12.669934)
2025-03-18 10:58:12,506 - INFO - [soc.py:225] EDGE 수신 : rep vehicle location E N STSW000001 
2025-03-18 10:58:14,320 - INFO - [soc.py:215] %%%%%%%%%%%% Edge -> EdgeNode delay_time: -158.912ms, (2025-03-18 10:58:14.320219 - 2025-03-18 10:58:14.479131)
2025-03-18 10:58:14,321 - INFO - [soc.py:225] EDGE 수신 : rep status info E N STSW000001 
2025-03-18 10:58:16,127 - INFO - [soc.py:215] %%%%%%%%%%%% Edge -> EdgeNode delay_time: -166.091ms, (2025-03-18 10:58:16.126931 - 2025-03-18 10:58:16.293022)
2025-03-18 10:58:16,127 - INFO - [soc.py:225] EDGE 수신 : rep cls ctrlinfo E N STSW000001 
2025-03-18 10:58:17,140 - INFO - [soc.py:215] %%%%%%%%%%%% Edge -> EdgeNode delay_time: -165.371ms, (2025-03-18 10:58:17.139784 - 2025-03-18 10:58:17.305155)
2025-03-18 10:58:17,140 - INFO - [soc.py:225] EDGE 수신 : event event all E N STSW000001 
2025-03-18 10:58:17,738 - INFO - [soc.py:215] %%%%%%%%%%%% Edge -> EdgeNode delay_time: -165.903ms, (2025-03-18 10:58:17.738495 - 2025-03-18 10:58:17.904398)
2025-03-18 10:58:17,739 - INFO - [soc.py:225] EDGE 수신 : event event all E N STSW000001 
2025-03-18 10:58:17,944 - INFO - [soc.py:215] %%%%%%%%%%%% Edge -> EdgeNode delay_time: -162.616ms, (2025-03-18 10:58:17.944197 - 2025-03-18 10:58:18.106813)
2025-03-18 10:58:17,944 - INFO - [soc.py:225] EDGE 수신 : rep vehicle location E N STSW000001 
2025-03-18 10:58:18,107 - INFO - [soc.py:215] %%%%%%%%%%%% Edge -> EdgeNode delay_time: -164.947ms, (2025-03-18 10:58:18.106507 - 2025-03-18 10:58:18.271454)
2025-03-18 10:58:18,107 - INFO - [soc.py:225] EDGE 수신 : rep cls setctrllogin E N STSW000001 
2025-03-18 10:58:18,530 - INFO - [soc.py:215] %%%%%%%%%%%% Edge -> EdgeNode delay_time: -164.891ms, (2025-03-18 10:58:18.530602 - 2025-03-18 10:58:18.695493)
2025-03-18 10:58:18,532 - INFO - [soc.py:225] EDGE 수신 : event event all E N STSW000001 
2025-03-18 10:58:18,652 - INFO - [soc.py:215] %%%%%%%%%%%% Edge -> EdgeNode delay_time: -165.682ms, (2025-03-18 10:58:18.652320 - 2025-03-18 10:58:18.818002)
2025-03-18 10:58:18,653 - INFO - [soc.py:225] EDGE 수신 : event event all E N STSW000001 
2025-03-18 10:58:18,771 - INFO - [soc.py:215] %%%%%%%%%%%% Edge -> EdgeNode delay_time: -164.829ms, (2025-03-18 10:58:18.770602 - 2025-03-18 10:58:18.935431)
2025-03-18 10:58:18,771 - INFO - [soc.py:225] EDGE 수신 : event event all E N STSW000001 
2025-03-18 10:58:19,275 - INFO - [soc.py:215] %%%%%%%%%%%% Edge -> EdgeNode delay_time: -165.926ms, (2025-03-18 10:58:19.274836 - 2025-03-18 10:58:19.440762)
2025-03-18 10:58:19,275 - INFO - [soc.py:225] EDGE 수신 : rep cls setctrllogin E N STSW000001 
2025-03-18 10:58:19,459 - INFO - [soc.py:215] %%%%%%%%%%%% Edge -> EdgeNode delay_time: -164.695ms, (2025-03-18 10:58:19.459226 - 2025-03-18 10:58:19.623921)
2025-03-18 10:58:19,459 - INFO - [soc.py:225] EDGE 수신 : rep cls ctrlinfo E N STSW000001 
2025-03-18 10:58:19,758 - INFO - [soc.py:215] %%%%%%%%%%%% Edge -> EdgeNode delay_time: -165.78ms, (2025-03-18 10:58:19.758167 - 2025-03-18 10:58:19.923947)
2025-03-18 10:58:19,759 - INFO - [soc.py:225] EDGE 수신 : rep status info E N STSW000001 
2025-03-18 10:58:21,606 - INFO - [soc.py:215] %%%%%%%%%%%% Edge -> EdgeNode delay_time: -123.585ms, (2025-03-18 10:58:21.606106 - 2025-03-18 10:58:21.729691)
2025-03-18 10:58:21,607 - INFO - [soc.py:225] EDGE 수신 : rep cls ctrlinfo E N STSW000001 
2025-03-18 10:58:22,995 - INFO - [soc.py:215] %%%%%%%%%%%% Edge -> EdgeNode delay_time: -165.093ms, (2025-03-18 10:58:22.994732 - 2025-03-18 10:58:23.159825)
2025-03-18 10:58:22,995 - INFO - [soc.py:225] EDGE 수신 : event event all E N STSW000001 
2025-03-18 10:58:23,370 - INFO - [soc.py:215] %%%%%%%%%%%% Edge -> EdgeNode delay_time: -164.057ms, (2025-03-18 10:58:23.370145 - 2025-03-18 10:58:23.534202)
2025-03-18 10:58:23,371 - INFO - [soc.py:225] EDGE 수신 : rep vehicle location E N STSW000001 
2025-03-18 10:58:24,536 - INFO - [soc.py:215] %%%%%%%%%%%% Edge -> EdgeNode delay_time: -56.259ms, (2025-03-18 10:58:24.536190 - 2025-03-18 10:58:24.592449)
2025-03-18 10:58:24,537 - INFO - [soc.py:225] EDGE 수신 : event event all E N STSW000001 
2025-03-18 10:58:24,566 - INFO - [soc.py:215] %%%%%%%%%%%% Edge -> EdgeNode delay_time: -164.591ms, (2025-03-18 10:58:24.565703 - 2025-03-18 10:58:24.730294)
2025-03-18 10:58:24,566 - INFO - [soc.py:225] EDGE 수신 : event event all E N STSW000001 
2025-03-18 10:58:25,180 - INFO - [soc.py:215] %%%%%%%%%%%% Edge -> EdgeNode delay_time: -164.345ms, (2025-03-18 10:58:25.180507 - 2025-03-18 10:58:25.344852)
2025-03-18 10:58:25,181 - INFO - [soc.py:225] EDGE 수신 : rep status info E N STSW000001 
2025-03-18 10:58:26,515 - INFO - [soc.py:215] %%%%%%%%%%%% Edge -> EdgeNode delay_time: -164.767ms, (2025-03-18 10:58:26.514868 - 2025-03-18 10:58:26.679635)
2025-03-18 10:58:26,516 - INFO - [soc.py:225] EDGE 수신 : event event all E N STSW000001 
2025-03-18 10:58:26,555 - INFO - [soc.py:215] %%%%%%%%%%%% Edge -> EdgeNode delay_time: -164.173ms, (2025-03-18 10:58:26.555442 - 2025-03-18 10:58:26.719615)
2025-03-18 10:58:26,556 - INFO - [soc.py:225] EDGE 수신 : event event all E N STSW000001 
2025-03-18 10:58:26,620 - INFO - [soc.py:215] %%%%%%%%%%%% Edge -> EdgeNode delay_time: -164.625ms, (2025-03-18 10:58:26.619697 - 2025-03-18 10:58:26.784322)
2025-03-18 10:58:26,620 - INFO - [soc.py:225] EDGE 수신 : event event all E N STSW000001 
2025-03-18 10:58:26,994 - INFO - [soc.py:215] %%%%%%%%%%%% Edge -> EdgeNode delay_time: -161.892ms, (2025-03-18 10:58:26.994033 - 2025-03-18 10:58:27.155925)
2025-03-18 10:58:26,995 - INFO - [soc.py:225] EDGE 수신 : rep cls ctrlinfo E N STSW000001 
2025-03-18 10:58:28,837 - INFO - [soc.py:215] %%%%%%%%%%%% Edge -> EdgeNode delay_time: -127.236ms, (2025-03-18 10:58:28.836911 - 2025-03-18 10:58:28.964147)
2025-03-18 10:58:28,838 - INFO - [soc.py:225] EDGE 수신 : rep vehicle location E N STSW000001 
2025-03-18 10:58:30,412 - INFO - [soc.py:215] %%%%%%%%%%%% Edge -> EdgeNode delay_time: -164.791ms, (2025-03-18 10:58:30.412045 - 2025-03-18 10:58:30.576836)
2025-03-18 10:58:30,412 - INFO - [soc.py:225] EDGE 수신 : rep status info E N STSW000001 
2025-03-18 10:58:32,026 - INFO - [soc.py:215] %%%%%%%%%%%% Edge -> EdgeNode delay_time: -164.44ms, (2025-03-18 10:58:32.025519 - 2025-03-18 10:58:32.189959)
2025-03-18 10:58:32,026 - INFO - [soc.py:225] EDGE 수신 : rep cls ctrlinfo E N STSW000001 
2025-03-18 10:58:33,637 - INFO - [soc.py:215] %%%%%%%%%%%% Edge -> EdgeNode delay_time: -165.284ms, (2025-03-18 10:58:33.637109 - 2025-03-18 10:58:33.802393)
2025-03-18 10:58:33,638 - INFO - [soc.py:225] EDGE 수신 : rep vehicle location E N STSW000001 
2025-03-18 10:58:35,251 - INFO - [soc.py:215] %%%%%%%%%%%% Edge -> EdgeNode delay_time: -163.533ms, (2025-03-18 10:58:35.251316 - 2025-03-18 10:58:35.414849)
2025-03-18 10:58:35,252 - INFO - [soc.py:225] EDGE 수신 : rep status info E N STSW000001 
2025-03-18 10:58:36,927 - INFO - [soc.py:215] %%%%%%%%%%%% Edge -> EdgeNode delay_time: -100.974ms, (2025-03-18 10:58:36.927157 - 2025-03-18 10:58:37.028131)
2025-03-18 10:58:36,928 - INFO - [soc.py:225] EDGE 수신 : rep cls ctrlinfo E N STSW000001 
2025-03-18 10:58:38,565 - INFO - [soc.py:215] %%%%%%%%%%%% Edge -> EdgeNode delay_time: -70.021ms, (2025-03-18 10:58:38.565411 - 2025-03-18 10:58:38.635432)
2025-03-18 10:58:38,566 - INFO - [soc.py:225] EDGE 수신 : rep vehicle location E N STSW000001 
2025-03-18 10:58:38,686 - INFO - [soc.py:215] %%%%%%%%%%%% Edge -> EdgeNode delay_time: -165.86ms, (2025-03-18 10:58:38.686258 - 2025-03-18 10:58:38.852118)
2025-03-18 10:58:38,687 - INFO - [soc.py:225] EDGE 수신 : rep status info E N STSW000001 
2025-03-18 10:58:38,903 - INFO - [soc.py:215] %%%%%%%%%%%% Edge -> EdgeNode delay_time: -165.075ms, (2025-03-18 10:58:38.902606 - 2025-03-18 10:58:39.067681)
2025-03-18 10:58:38,903 - INFO - [soc.py:225] EDGE 수신 : rep cls ctrlinfo E N STSW000001 
2025-03-18 10:58:39,116 - INFO - [soc.py:215] %%%%%%%%%%%% Edge -> EdgeNode delay_time: -165.053ms, (2025-03-18 10:58:39.116068 - 2025-03-18 10:58:39.281121)
2025-03-18 10:58:39,117 - INFO - [soc.py:225] EDGE 수신 : rep vehicle location E N STSW000001 
2025-03-18 10:58:39,331 - INFO - [soc.py:215] %%%%%%%%%%%% Edge -> EdgeNode delay_time: -165.374ms, (2025-03-18 10:58:39.330987 - 2025-03-18 10:58:39.496361)
2025-03-18 10:58:39,332 - INFO - [soc.py:225] EDGE 수신 : rep status info E N STSW000001 
2025-03-18 10:58:39,546 - INFO - [soc.py:215] %%%%%%%%%%%% Edge -> EdgeNode delay_time: -165.072ms, (2025-03-18 10:58:39.545925 - 2025-03-18 10:58:39.710997)
2025-03-18 10:58:39,546 - INFO - [soc.py:225] EDGE 수신 : rep cls ctrlinfo E N STSW000001 
2025-03-18 10:58:39,760 - INFO - [soc.py:215] %%%%%%%%%%%% Edge -> EdgeNode delay_time: -165.382ms, (2025-03-18 10:58:39.760064 - 2025-03-18 10:58:39.925446)
2025-03-18 10:58:39,761 - INFO - [soc.py:225] EDGE 수신 : rep vehicle location E N STSW000001 
2025-03-18 10:58:39,979 - INFO - [soc.py:215] %%%%%%%%%%%% Edge -> EdgeNode delay_time: -165.221ms, (2025-03-18 10:58:39.978746 - 2025-03-18 10:58:40.143967)
2025-03-18 10:58:39,979 - INFO - [soc.py:225] EDGE 수신 : rep status info E N STSW000001 
2025-03-18 10:58:40,191 - INFO - [soc.py:215] %%%%%%%%%%%% Edge -> EdgeNode delay_time: -164.874ms, (2025-03-18 10:58:40.191385 - 2025-03-18 10:58:40.356259)
2025-03-18 10:58:40,192 - INFO - [soc.py:225] EDGE 수신 : rep cls ctrlinfo E N STSW000001 
2025-03-18 10:58:40,407 - INFO - [soc.py:215] %%%%%%%%%%%% Edge -> EdgeNode delay_time: -164.708ms, (2025-03-18 10:58:40.406725 - 2025-03-18 10:58:40.571433)
2025-03-18 10:58:40,408 - INFO - [soc.py:225] EDGE 수신 : rep vehicle location E N STSW000001 
2025-03-18 10:58:40,626 - INFO - [soc.py:215] %%%%%%%%%%%% Edge -> EdgeNode delay_time: -160.753ms, (2025-03-18 10:58:40.625713 - 2025-03-18 10:58:40.786466)
2025-03-18 10:58:40,626 - INFO - [soc.py:225] EDGE 수신 : rep status info E N STSW000001 
2025-03-18 10:58:40,840 - INFO - [soc.py:215] %%%%%%%%%%%% Edge -> EdgeNode delay_time: -161.735ms, (2025-03-18 10:58:40.840100 - 2025-03-18 10:58:41.001835)
2025-03-18 10:58:40,841 - INFO - [soc.py:225] EDGE 수신 : rep cls ctrlinfo E N STSW000001 
2025-03-18 10:58:41,052 - INFO - [soc.py:215] %%%%%%%%%%%% Edge -> EdgeNode delay_time: -165.165ms, (2025-03-18 10:58:41.052228 - 2025-03-18 10:58:41.217393)
2025-03-18 10:58:41,053 - INFO - [soc.py:225] EDGE 수신 : rep vehicle location E N STSW000001 
2025-03-18 10:58:41,290 - INFO - [soc.py:215] %%%%%%%%%%%% Edge -> EdgeNode delay_time: -163.852ms, (2025-03-18 10:58:41.290387 - 2025-03-18 10:58:41.454239)
2025-03-18 10:58:41,291 - INFO - [soc.py:225] EDGE 수신 : rep status info E N STSW000001 
2025-03-18 10:58:41,503 - INFO - [soc.py:215] %%%%%%%%%%%% Edge -> EdgeNode delay_time: -164.339ms, (2025-03-18 10:58:41.503344 - 2025-03-18 10:58:41.667683)
2025-03-18 10:58:41,504 - INFO - [soc.py:225] EDGE 수신 : rep cls ctrlinfo E N STSW000001 
2025-03-18 10:58:41,716 - INFO - [soc.py:215] %%%%%%%%%%%% Edge -> EdgeNode delay_time: -165.536ms, (2025-03-18 10:58:41.715550 - 2025-03-18 10:58:41.881086)
2025-03-18 10:58:41,716 - INFO - [soc.py:225] EDGE 수신 : rep vehicle location E N STSW000001 
2025-03-18 10:58:41,930 - INFO - [soc.py:215] %%%%%%%%%%%% Edge -> EdgeNode delay_time: -165.316ms, (2025-03-18 10:58:41.929967 - 2025-03-18 10:58:42.095283)
2025-03-18 10:58:41,930 - INFO - [soc.py:225] EDGE 수신 : rep status info E N STSW000001 
2025-03-18 10:58:42,145 - INFO - [soc.py:215] %%%%%%%%%%%% Edge -> EdgeNode delay_time: -164.608ms, (2025-03-18 10:58:42.144889 - 2025-03-18 10:58:42.309497)
2025-03-18 10:58:42,145 - INFO - [soc.py:225] EDGE 수신 : rep cls ctrlinfo E N STSW000001 
2025-03-18 10:58:42,359 - INFO - [soc.py:215] %%%%%%%%%%%% Edge -> EdgeNode delay_time: -163.588ms, (2025-03-18 10:58:42.359049 - 2025-03-18 10:58:42.522637)
2025-03-18 10:58:42,360 - INFO - [soc.py:225] EDGE 수신 : rep vehicle location E N STSW000001 
2025-03-18 10:58:42,573 - INFO - [soc.py:215] %%%%%%%%%%%% Edge -> EdgeNode delay_time: -164.141ms, (2025-03-18 10:58:42.573099 - 2025-03-18 10:58:42.737240)
2025-03-18 10:58:42,574 - INFO - [soc.py:225] EDGE 수신 : rep status info E N STSW000001 
2025-03-18 10:58:42,785 - INFO - [soc.py:215] %%%%%%%%%%%% Edge -> EdgeNode delay_time: -165.187ms, (2025-03-18 10:58:42.784739 - 2025-03-18 10:58:42.949926)
2025-03-18 10:58:42,785 - INFO - [soc.py:225] EDGE 수신 : rep cls ctrlinfo E N STSW000001 
2025-03-18 10:58:42,997 - INFO - [soc.py:215] %%%%%%%%%%%% Edge -> EdgeNode delay_time: -165.175ms, (2025-03-18 10:58:42.996634 - 2025-03-18 10:58:43.161809)
2025-03-18 10:58:42,997 - INFO - [soc.py:225] EDGE 수신 : rep vehicle location E N STSW000001 
2025-03-18 10:58:43,212 - INFO - [soc.py:215] %%%%%%%%%%%% Edge -> EdgeNode delay_time: -164.294ms, (2025-03-18 10:58:43.212214 - 2025-03-18 10:58:43.376508)
2025-03-18 10:58:43,213 - INFO - [soc.py:225] EDGE 수신 : rep status info E N STSW000001 
2025-03-18 10:58:43,426 - INFO - [soc.py:215] %%%%%%%%%%%% Edge -> EdgeNode delay_time: -165.369ms, (2025-03-18 10:58:43.425571 - 2025-03-18 10:58:43.590940)
2025-03-18 10:58:43,426 - INFO - [soc.py:225] EDGE 수신 : rep cls ctrlinfo E N STSW000001 
2025-03-18 10:58:43,641 - INFO - [soc.py:215] %%%%%%%%%%%% Edge -> EdgeNode delay_time: -164.814ms, (2025-03-18 10:58:43.640578 - 2025-03-18 10:58:43.805392)
2025-03-18 10:58:43,641 - INFO - [soc.py:225] EDGE 수신 : rep vehicle location E N STSW000001 
2025-03-18 10:58:43,855 - INFO - [soc.py:215] %%%%%%%%%%%% Edge -> EdgeNode delay_time: -165.156ms, (2025-03-18 10:58:43.854541 - 2025-03-18 10:58:44.019697)
2025-03-18 10:58:43,855 - INFO - [soc.py:225] EDGE 수신 : rep status info E N STSW000001 
2025-03-18 10:58:44,071 - INFO - [soc.py:215] %%%%%%%%%%%% Edge -> EdgeNode delay_time: -165.66ms, (2025-03-18 10:58:44.070696 - 2025-03-18 10:58:44.236356)
2025-03-18 10:58:44,071 - INFO - [soc.py:225] EDGE 수신 : rep cls ctrlinfo E N STSW000001 
2025-03-18 10:58:44,287 - INFO - [soc.py:215] %%%%%%%%%%%% Edge -> EdgeNode delay_time: -163.869ms, (2025-03-18 10:58:44.286826 - 2025-03-18 10:58:44.450695)
2025-03-18 10:58:44,288 - INFO - [soc.py:225] EDGE 수신 : rep vehicle location E N STSW000001 
2025-03-18 10:58:44,500 - INFO - [soc.py:215] %%%%%%%%%%%% Edge -> EdgeNode delay_time: -164.421ms, (2025-03-18 10:58:44.500354 - 2025-03-18 10:58:44.664775)
2025-03-18 10:58:44,501 - INFO - [soc.py:225] EDGE 수신 : rep status info E N STSW000001 
2025-03-18 10:58:44,720 - INFO - [soc.py:215] %%%%%%%%%%%% Edge -> EdgeNode delay_time: -164.98ms, (2025-03-18 10:58:44.720265 - 2025-03-18 10:58:44.885245)
2025-03-18 10:58:44,721 - INFO - [soc.py:225] EDGE 수신 : rep cls ctrlinfo E N STSW000001 
2025-03-18 10:58:44,927 - INFO - [soc.py:215] %%%%%%%%%%%% Edge -> EdgeNode delay_time: -164.32ms, (2025-03-18 10:58:44.927181 - 2025-03-18 10:58:45.091501)
2025-03-18 10:58:44,927 - INFO - [soc.py:225] EDGE 수신 : rep vehicle location E N STSW000001 
2025-03-18 10:58:45,141 - INFO - [soc.py:215] %%%%%%%%%%%% Edge -> EdgeNode delay_time: -165.116ms, (2025-03-18 10:58:45.141082 - 2025-03-18 10:58:45.306198)
2025-03-18 10:58:45,142 - INFO - [soc.py:225] EDGE 수신 : rep status info E N STSW000001 
2025-03-18 10:58:45,357 - INFO - [soc.py:215] %%%%%%%%%%%% Edge -> EdgeNode delay_time: -164.958ms, (2025-03-18 10:58:45.357512 - 2025-03-18 10:58:45.522470)
2025-03-18 10:58:45,358 - INFO - [soc.py:225] EDGE 수신 : rep cls ctrlinfo E N STSW000001 
2025-03-18 10:58:45,572 - INFO - [soc.py:215] %%%%%%%%%%%% Edge -> EdgeNode delay_time: -164.609ms, (2025-03-18 10:58:45.571617 - 2025-03-18 10:58:45.736226)
2025-03-18 10:58:45,572 - INFO - [soc.py:225] EDGE 수신 : rep vehicle location E N STSW000001 
2025-03-18 10:58:45,787 - INFO - [soc.py:215] %%%%%%%%%%%% Edge -> EdgeNode delay_time: -164.825ms, (2025-03-18 10:58:45.786877 - 2025-03-18 10:58:45.951702)
2025-03-18 10:58:45,787 - INFO - [soc.py:225] EDGE 수신 : rep status info E N STSW000001 
2025-03-18 10:58:46,005 - INFO - [soc.py:215] %%%%%%%%%%%% Edge -> EdgeNode delay_time: -164.79ms, (2025-03-18 10:58:46.004802 - 2025-03-18 10:58:46.169592)
2025-03-18 10:58:46,005 - INFO - [soc.py:225] EDGE 수신 : rep cls ctrlinfo E N STSW000001 
2025-03-18 10:58:46,217 - INFO - [soc.py:215] %%%%%%%%%%%% Edge -> EdgeNode delay_time: -165.498ms, (2025-03-18 10:58:46.217491 - 2025-03-18 10:58:46.382989)
2025-03-18 10:58:46,218 - INFO - [soc.py:225] EDGE 수신 : rep vehicle location E N STSW000001 
2025-03-18 10:58:46,431 - INFO - [soc.py:215] %%%%%%%%%%%% Edge -> EdgeNode delay_time: -164.781ms, (2025-03-18 10:58:46.431402 - 2025-03-18 10:58:46.596183)
2025-03-18 10:58:46,432 - INFO - [soc.py:225] EDGE 수신 : rep status info E N STSW000001 
2025-03-18 10:58:46,648 - INFO - [soc.py:215] %%%%%%%%%%%% Edge -> EdgeNode delay_time: -164.619ms, (2025-03-18 10:58:46.647698 - 2025-03-18 10:58:46.812317)
2025-03-18 10:58:46,649 - INFO - [soc.py:225] EDGE 수신 : rep cls ctrlinfo E N STSW000001 
2025-03-18 10:58:46,860 - INFO - [soc.py:215] %%%%%%%%%%%% Edge -> EdgeNode delay_time: -165.284ms, (2025-03-18 10:58:46.860149 - 2025-03-18 10:58:47.025433)
2025-03-18 10:58:46,861 - INFO - [soc.py:225] EDGE 수신 : rep vehicle location E N STSW000001 
2025-03-18 10:58:47,075 - INFO - [soc.py:215] %%%%%%%%%%%% Edge -> EdgeNode delay_time: -165.328ms, (2025-03-18 10:58:47.075015 - 2025-03-18 10:58:47.240343)
2025-03-18 10:58:47,076 - INFO - [soc.py:225] EDGE 수신 : rep status info E N STSW000001 
2025-03-18 10:58:47,288 - INFO - [soc.py:215] %%%%%%%%%%%% Edge -> EdgeNode delay_time: -165.381ms, (2025-03-18 10:58:47.288082 - 2025-03-18 10:58:47.453463)
2025-03-18 10:58:47,288 - INFO - [soc.py:225] EDGE 수신 : rep cls ctrlinfo E N STSW000001 
2025-03-18 10:58:47,504 - INFO - [soc.py:215] %%%%%%%%%%%% Edge -> EdgeNode delay_time: -163.889ms, (2025-03-18 10:58:47.504539 - 2025-03-18 10:58:47.668428)
2025-03-18 10:58:47,505 - INFO - [soc.py:225] EDGE 수신 : rep vehicle location E N STSW000001 
2025-03-18 10:58:47,716 - INFO - [soc.py:215] %%%%%%%%%%%% Edge -> EdgeNode delay_time: -165.367ms, (2025-03-18 10:58:47.715865 - 2025-03-18 10:58:47.881232)
2025-03-18 10:58:47,716 - INFO - [soc.py:225] EDGE 수신 : rep status info E N STSW000001 
2025-03-18 10:58:47,932 - INFO - [soc.py:215] %%%%%%%%%%%% Edge -> EdgeNode delay_time: -165.609ms, (2025-03-18 10:58:47.932133 - 2025-03-18 10:58:48.097742)
2025-03-18 10:58:47,932 - INFO - [soc.py:225] EDGE 수신 : rep cls ctrlinfo E N STSW000001 
2025-03-18 10:58:48,150 - INFO - [soc.py:215] %%%%%%%%%%%% Edge -> EdgeNode delay_time: -164.961ms, (2025-03-18 10:58:48.149726 - 2025-03-18 10:58:48.314687)
2025-03-18 10:58:48,150 - INFO - [soc.py:225] EDGE 수신 : rep vehicle location E N STSW000001 
2025-03-18 10:58:48,353 - INFO - [soc.py:215] %%%%%%%%%%%% Edge -> EdgeNode delay_time: -164.529ms, (2025-03-18 10:58:48.353221 - 2025-03-18 10:58:48.517750)
2025-03-18 10:58:48,354 - INFO - [soc.py:225] EDGE 수신 : rep status info E N STSW000001 
2025-03-18 10:58:48,566 - INFO - [soc.py:215] %%%%%%%%%%%% Edge -> EdgeNode delay_time: -165.991ms, (2025-03-18 10:58:48.566334 - 2025-03-18 10:58:48.732325)
2025-03-18 10:58:48,567 - INFO - [soc.py:225] EDGE 수신 : rep cls ctrlinfo E N STSW000001 
2025-03-18 10:58:48,781 - INFO - [soc.py:215] %%%%%%%%%%%% Edge -> EdgeNode delay_time: -164.562ms, (2025-03-18 10:58:48.780742 - 2025-03-18 10:58:48.945304)
2025-03-18 10:58:48,781 - INFO - [soc.py:225] EDGE 수신 : rep vehicle location E N STSW000001 
2025-03-18 10:58:48,997 - INFO - [soc.py:215] %%%%%%%%%%%% Edge -> EdgeNode delay_time: -164.084ms, (2025-03-18 10:58:48.997037 - 2025-03-18 10:58:49.161121)
2025-03-18 10:58:48,997 - INFO - [soc.py:225] EDGE 수신 : rep status info E N STSW000001 
2025-03-18 10:58:49,214 - INFO - [soc.py:215] %%%%%%%%%%%% Edge -> EdgeNode delay_time: -163.087ms, (2025-03-18 10:58:49.214352 - 2025-03-18 10:58:49.377439)
2025-03-18 10:58:49,215 - INFO - [soc.py:225] EDGE 수신 : rep cls ctrlinfo E N STSW000001 
2025-03-18 10:58:49,428 - INFO - [soc.py:215] %%%%%%%%%%%% Edge -> EdgeNode delay_time: -164.906ms, (2025-03-18 10:58:49.427392 - 2025-03-18 10:58:49.592298)
2025-03-18 10:58:49,428 - INFO - [soc.py:225] EDGE 수신 : rep vehicle location E N STSW000001 
2025-03-18 10:58:49,641 - INFO - [soc.py:215] %%%%%%%%%%%% Edge -> EdgeNode delay_time: -165.117ms, (2025-03-18 10:58:49.641723 - 2025-03-18 10:58:49.806840)
2025-03-18 10:58:49,642 - INFO - [soc.py:225] EDGE 수신 : rep status info E N STSW000001 
2025-03-18 10:58:49,858 - INFO - [soc.py:215] %%%%%%%%%%%% Edge -> EdgeNode delay_time: -165.484ms, (2025-03-18 10:58:49.858309 - 2025-03-18 10:58:50.023793)
2025-03-18 10:58:49,859 - INFO - [soc.py:225] EDGE 수신 : rep cls ctrlinfo E N STSW000001 
2025-03-18 10:58:50,074 - INFO - [soc.py:215] %%%%%%%%%%%% Edge -> EdgeNode delay_time: -164.306ms, (2025-03-18 10:58:50.073905 - 2025-03-18 10:58:50.238211)
2025-03-18 10:58:50,075 - INFO - [soc.py:225] EDGE 수신 : rep vehicle location E N STSW000001 
2025-03-18 10:58:50,289 - INFO - [soc.py:215] %%%%%%%%%%%% Edge -> EdgeNode delay_time: -165.143ms, (2025-03-18 10:58:50.288794 - 2025-03-18 10:58:50.453937)
2025-03-18 10:58:50,289 - INFO - [soc.py:225] EDGE 수신 : rep status info E N STSW000001 
2025-03-18 10:58:50,506 - INFO - [soc.py:215] %%%%%%%%%%%% Edge -> EdgeNode delay_time: -165.383ms, (2025-03-18 10:58:50.505593 - 2025-03-18 10:58:50.670976)
2025-03-18 10:58:50,506 - INFO - [soc.py:225] EDGE 수신 : rep cls ctrlinfo E N STSW000001 
2025-03-18 10:58:50,721 - INFO - [soc.py:215] %%%%%%%%%%%% Edge -> EdgeNode delay_time: -165.074ms, (2025-03-18 10:58:50.721195 - 2025-03-18 10:58:50.886269)
2025-03-18 10:58:50,722 - INFO - [soc.py:225] EDGE 수신 : rep vehicle location E N STSW000001 
2025-03-18 10:58:50,935 - INFO - [soc.py:215] %%%%%%%%%%%% Edge -> EdgeNode delay_time: -166.182ms, (2025-03-18 10:58:50.935062 - 2025-03-18 10:58:51.101244)
2025-03-18 10:58:50,936 - INFO - [soc.py:225] EDGE 수신 : rep status info E N STSW000001 
2025-03-18 10:58:51,149 - INFO - [soc.py:215] %%%%%%%%%%%% Edge -> EdgeNode delay_time: -165.28ms, (2025-03-18 10:58:51.149410 - 2025-03-18 10:58:51.314690)
2025-03-18 10:58:51,150 - INFO - [soc.py:225] EDGE 수신 : rep cls ctrlinfo E N STSW000001 
2025-03-18 10:58:51,365 - INFO - [soc.py:215] %%%%%%%%%%%% Edge -> EdgeNode delay_time: -163.58ms, (2025-03-18 10:58:51.364754 - 2025-03-18 10:58:51.528334)
2025-03-18 10:58:51,365 - INFO - [soc.py:225] EDGE 수신 : rep vehicle location E N STSW000001 
2025-03-18 10:58:51,578 - INFO - [soc.py:215] %%%%%%%%%%%% Edge -> EdgeNode delay_time: -165.298ms, (2025-03-18 10:58:51.578196 - 2025-03-18 10:58:51.743494)
2025-03-18 10:58:51,579 - INFO - [soc.py:225] EDGE 수신 : rep status info E N STSW000001 
2025-03-18 10:58:51,794 - INFO - [soc.py:215] %%%%%%%%%%%% Edge -> EdgeNode delay_time: -165.169ms, (2025-03-18 10:58:51.793925 - 2025-03-18 10:58:51.959094)
2025-03-18 10:58:51,795 - INFO - [soc.py:225] EDGE 수신 : rep cls ctrlinfo E N STSW000001 
2025-03-18 10:58:52,010 - INFO - [soc.py:215] %%%%%%%%%%%% Edge -> EdgeNode delay_time: -165.305ms, (2025-03-18 10:58:52.009990 - 2025-03-18 10:58:52.175295)
2025-03-18 10:58:52,010 - INFO - [soc.py:225] EDGE 수신 : rep vehicle location E N STSW000001 
2025-03-18 10:58:52,226 - INFO - [soc.py:215] %%%%%%%%%%%% Edge -> EdgeNode delay_time: -165.101ms, (2025-03-18 10:58:52.226113 - 2025-03-18 10:58:52.391214)
2025-03-18 10:58:52,227 - INFO - [soc.py:225] EDGE 수신 : rep status info E N STSW000001 
2025-03-18 10:58:52,443 - INFO - [soc.py:215] %%%%%%%%%%%% Edge -> EdgeNode delay_time: -165.726ms, (2025-03-18 10:58:52.442733 - 2025-03-18 10:58:52.608459)
2025-03-18 10:58:52,444 - INFO - [soc.py:225] EDGE 수신 : rep cls ctrlinfo E N STSW000001 
2025-03-18 10:58:52,657 - INFO - [soc.py:215] %%%%%%%%%%%% Edge -> EdgeNode delay_time: -165.599ms, (2025-03-18 10:58:52.657370 - 2025-03-18 10:58:52.822969)
2025-03-18 10:58:52,658 - INFO - [soc.py:225] EDGE 수신 : rep vehicle location E N STSW000001 
2025-03-18 10:58:52,873 - INFO - [soc.py:215] %%%%%%%%%%%% Edge -> EdgeNode delay_time: -164.4ms, (2025-03-18 10:58:52.872865 - 2025-03-18 10:58:53.037265)
2025-03-18 10:58:52,874 - INFO - [soc.py:225] EDGE 수신 : rep status info E N STSW000001 
2025-03-18 10:58:53,087 - INFO - [soc.py:215] %%%%%%%%%%%% Edge -> EdgeNode delay_time: -164.982ms, (2025-03-18 10:58:53.086750 - 2025-03-18 10:58:53.251732)
2025-03-18 10:58:53,087 - INFO - [soc.py:225] EDGE 수신 : rep cls ctrlinfo E N STSW000001 
2025-03-18 10:58:53,302 - INFO - [soc.py:215] %%%%%%%%%%%% Edge -> EdgeNode delay_time: -165.704ms, (2025-03-18 10:58:53.302237 - 2025-03-18 10:58:53.467941)
2025-03-18 10:58:53,303 - INFO - [soc.py:225] EDGE 수신 : rep vehicle location E N STSW000001 
2025-03-18 10:58:53,517 - INFO - [soc.py:215] %%%%%%%%%%%% Edge -> EdgeNode delay_time: -165.567ms, (2025-03-18 10:58:53.516879 - 2025-03-18 10:58:53.682446)
2025-03-18 10:58:53,517 - INFO - [soc.py:225] EDGE 수신 : rep status info E N STSW000001 
2025-03-18 10:58:53,733 - INFO - [soc.py:215] %%%%%%%%%%%% Edge -> EdgeNode delay_time: -164.866ms, (2025-03-18 10:58:53.733166 - 2025-03-18 10:58:53.898032)
2025-03-18 10:58:53,734 - INFO - [soc.py:225] EDGE 수신 : rep cls ctrlinfo E N STSW000001 
2025-03-18 10:58:53,947 - INFO - [soc.py:215] %%%%%%%%%%%% Edge -> EdgeNode delay_time: -164.526ms, (2025-03-18 10:58:53.946825 - 2025-03-18 10:58:54.111351)
2025-03-18 10:58:53,947 - INFO - [soc.py:225] EDGE 수신 : rep vehicle location E N STSW000001 
2025-03-18 10:58:54,163 - INFO - [soc.py:215] %%%%%%%%%%%% Edge -> EdgeNode delay_time: -165.628ms, (2025-03-18 10:58:54.163091 - 2025-03-18 10:58:54.328719)
2025-03-18 10:58:54,163 - INFO - [soc.py:225] EDGE 수신 : rep status info E N STSW000001 
2025-03-18 10:58:54,379 - INFO - [soc.py:215] %%%%%%%%%%%% Edge -> EdgeNode delay_time: -165.454ms, (2025-03-18 10:58:54.378737 - 2025-03-18 10:58:54.544191)
2025-03-18 10:58:54,379 - INFO - [soc.py:225] EDGE 수신 : rep cls ctrlinfo E N STSW000001 
2025-03-18 10:58:54,594 - INFO - [soc.py:215] %%%%%%%%%%%% Edge -> EdgeNode delay_time: -164.58ms, (2025-03-18 10:58:54.593617 - 2025-03-18 10:58:54.758197)
2025-03-18 10:58:54,594 - INFO - [soc.py:225] EDGE 수신 : rep vehicle location E N STSW000001 
2025-03-18 10:58:54,808 - INFO - [soc.py:215] %%%%%%%%%%%% Edge -> EdgeNode delay_time: -164.278ms, (2025-03-18 10:58:54.808484 - 2025-03-18 10:58:54.972762)
2025-03-18 10:58:54,809 - INFO - [soc.py:225] EDGE 수신 : rep status info E N STSW000001 
2025-03-18 10:58:55,028 - INFO - [soc.py:215] %%%%%%%%%%%% Edge -> EdgeNode delay_time: -165.907ms, (2025-03-18 10:58:55.027557 - 2025-03-18 10:58:55.193464)
2025-03-18 10:58:55,028 - INFO - [soc.py:225] EDGE 수신 : rep cls ctrlinfo E N STSW000001 
2025-03-18 10:58:55,239 - INFO - [soc.py:215] %%%%%%%%%%%% Edge -> EdgeNode delay_time: -164.765ms, (2025-03-18 10:58:55.236400 - 2025-03-18 10:58:55.401165)
2025-03-18 10:58:55,240 - INFO - [soc.py:225] EDGE 수신 : rep vehicle location E N STSW000001 
2025-03-18 10:58:55,451 - INFO - [soc.py:215] %%%%%%%%%%%% Edge -> EdgeNode delay_time: -165.354ms, (2025-03-18 10:58:55.451142 - 2025-03-18 10:58:55.616496)
2025-03-18 10:58:55,452 - INFO - [soc.py:225] EDGE 수신 : rep status info E N STSW000001 
2025-03-18 10:58:55,669 - INFO - [soc.py:215] %%%%%%%%%%%% Edge -> EdgeNode delay_time: -164.668ms, (2025-03-18 10:58:55.668749 - 2025-03-18 10:58:55.833417)
2025-03-18 10:58:55,669 - INFO - [soc.py:225] EDGE 수신 : rep cls ctrlinfo E N STSW000001 
2025-03-18 10:58:55,883 - INFO - [soc.py:215] %%%%%%%%%%%% Edge -> EdgeNode delay_time: -165.029ms, (2025-03-18 10:58:55.882734 - 2025-03-18 10:58:56.047763)
2025-03-18 10:58:55,883 - INFO - [soc.py:225] EDGE 수신 : rep vehicle location E N STSW000001 
2025-03-18 10:58:56,109 - INFO - [soc.py:215] %%%%%%%%%%%% Edge -> EdgeNode delay_time: -160.811ms, (2025-03-18 10:58:56.109443 - 2025-03-18 10:58:56.270254)
2025-03-18 10:58:56,110 - INFO - [soc.py:225] EDGE 수신 : rep status info E N STSW000001 
2025-03-18 10:58:56,315 - INFO - [soc.py:215] %%%%%%%%%%%% Edge -> EdgeNode delay_time: -164.832ms, (2025-03-18 10:58:56.314947 - 2025-03-18 10:58:56.479779)
2025-03-18 10:58:56,315 - INFO - [soc.py:225] EDGE 수신 : rep cls ctrlinfo E N STSW000001 
2025-03-18 10:58:56,530 - INFO - [soc.py:215] %%%%%%%%%%%% Edge -> EdgeNode delay_time: -165.115ms, (2025-03-18 10:58:56.530010 - 2025-03-18 10:58:56.695125)
2025-03-18 10:58:56,531 - INFO - [soc.py:225] EDGE 수신 : rep vehicle location E N STSW000001 
2025-03-18 10:58:56,744 - INFO - [soc.py:215] %%%%%%%%%%%% Edge -> EdgeNode delay_time: -164.306ms, (2025-03-18 10:58:56.743873 - 2025-03-18 10:58:56.908179)
2025-03-18 10:58:56,745 - INFO - [soc.py:225] EDGE 수신 : rep status info E N STSW000001 
2025-03-18 10:58:56,959 - INFO - [soc.py:215] %%%%%%%%%%%% Edge -> EdgeNode delay_time: -165.515ms, (2025-03-18 10:58:56.959060 - 2025-03-18 10:58:57.124575)
2025-03-18 10:58:56,960 - INFO - [soc.py:225] EDGE 수신 : rep cls ctrlinfo E N STSW000001 
2025-03-18 10:58:57,171 - INFO - [soc.py:215] %%%%%%%%%%%% Edge -> EdgeNode delay_time: -165.709ms, (2025-03-18 10:58:57.171261 - 2025-03-18 10:58:57.336970)
2025-03-18 10:58:57,172 - INFO - [soc.py:225] EDGE 수신 : rep vehicle location E N STSW000001 
2025-03-18 10:58:57,387 - INFO - [soc.py:215] %%%%%%%%%%%% Edge -> EdgeNode delay_time: -164.824ms, (2025-03-18 10:58:57.386691 - 2025-03-18 10:58:57.551515)
2025-03-18 10:58:57,387 - INFO - [soc.py:225] EDGE 수신 : rep status info E N STSW000001 
2025-03-18 10:58:57,604 - INFO - [soc.py:215] %%%%%%%%%%%% Edge -> EdgeNode delay_time: -165.699ms, (2025-03-18 10:58:57.603663 - 2025-03-18 10:58:57.769362)
2025-03-18 10:58:57,604 - INFO - [soc.py:225] EDGE 수신 : rep cls ctrlinfo E N STSW000001 
2025-03-18 10:58:57,818 - INFO - [soc.py:215] %%%%%%%%%%%% Edge -> EdgeNode delay_time: -164.143ms, (2025-03-18 10:58:57.818077 - 2025-03-18 10:58:57.982220)
2025-03-18 10:58:57,818 - INFO - [soc.py:225] EDGE 수신 : rep vehicle location E N STSW000001 
2025-03-18 10:58:58,034 - INFO - [soc.py:215] %%%%%%%%%%%% Edge -> EdgeNode delay_time: -165.074ms, (2025-03-18 10:58:58.033773 - 2025-03-18 10:58:58.198847)
2025-03-18 10:58:58,034 - INFO - [soc.py:225] EDGE 수신 : rep status info E N STSW000001 
2025-03-18 10:58:58,248 - INFO - [soc.py:215] %%%%%%%%%%%% Edge -> EdgeNode delay_time: -165.068ms, (2025-03-18 10:58:58.248125 - 2025-03-18 10:58:58.413193)
2025-03-18 10:58:58,249 - INFO - [soc.py:225] EDGE 수신 : rep cls ctrlinfo E N STSW000001 
2025-03-18 10:58:58,462 - INFO - [soc.py:215] %%%%%%%%%%%% Edge -> EdgeNode delay_time: -165.034ms, (2025-03-18 10:58:58.462013 - 2025-03-18 10:58:58.627047)
2025-03-18 10:58:58,463 - INFO - [soc.py:225] EDGE 수신 : rep vehicle location E N STSW000001 
2025-03-18 10:58:58,680 - INFO - [soc.py:215] %%%%%%%%%%%% Edge -> EdgeNode delay_time: -162.631ms, (2025-03-18 10:58:58.679661 - 2025-03-18 10:58:58.842292)
2025-03-18 10:58:58,680 - INFO - [soc.py:225] EDGE 수신 : rep status info E N STSW000001 
2025-03-18 10:58:58,893 - INFO - [soc.py:215] %%%%%%%%%%%% Edge -> EdgeNode delay_time: -165.334ms, (2025-03-18 10:58:58.893170 - 2025-03-18 10:58:59.058504)
2025-03-18 10:58:58,894 - INFO - [soc.py:225] EDGE 수신 : rep cls ctrlinfo E N STSW000001 
2025-03-18 10:58:59,107 - INFO - [soc.py:215] %%%%%%%%%%%% Edge -> EdgeNode delay_time: -165.206ms, (2025-03-18 10:58:59.106773 - 2025-03-18 10:58:59.271979)
2025-03-18 10:58:59,107 - INFO - [soc.py:225] EDGE 수신 : rep vehicle location E N STSW000001 
2025-03-18 10:58:59,323 - INFO - [soc.py:215] %%%%%%%%%%%% Edge -> EdgeNode delay_time: -163.503ms, (2025-03-18 10:58:59.322771 - 2025-03-18 10:58:59.486274)
2025-03-18 10:58:59,323 - INFO - [soc.py:225] EDGE 수신 : rep status info E N STSW000001 
2025-03-18 10:58:59,538 - INFO - [soc.py:215] %%%%%%%%%%%% Edge -> EdgeNode delay_time: -164.025ms, (2025-03-18 10:58:59.537863 - 2025-03-18 10:58:59.701888)
2025-03-18 10:58:59,538 - INFO - [soc.py:225] EDGE 수신 : rep cls ctrlinfo E N STSW000001 
2025-03-18 10:58:59,751 - INFO - [soc.py:215] %%%%%%%%%%%% Edge -> EdgeNode delay_time: -164.054ms, (2025-03-18 10:58:59.750711 - 2025-03-18 10:58:59.914765)
2025-03-18 10:58:59,751 - INFO - [soc.py:225] EDGE 수신 : rep vehicle location E N STSW000001 
2025-03-18 10:58:59,967 - INFO - [soc.py:215] %%%%%%%%%%%% Edge -> EdgeNode delay_time: -163.649ms, (2025-03-18 10:58:59.966667 - 2025-03-18 10:59:00.130316)
2025-03-18 10:58:59,967 - INFO - [soc.py:225] EDGE 수신 : rep status info E N STSW000001 
2025-03-18 10:59:00,181 - INFO - [soc.py:215] %%%%%%%%%%%% Edge -> EdgeNode delay_time: -165.42ms, (2025-03-18 10:59:00.180909 - 2025-03-18 10:59:00.346329)
2025-03-18 10:59:00,182 - INFO - [soc.py:225] EDGE 수신 : rep cls ctrlinfo E N STSW000001 
2025-03-18 10:59:00,382 - INFO - [soc.py:215] %%%%%%%%%%%% Edge -> EdgeNode delay_time: -165.313ms, (2025-03-18 10:59:00.382377 - 2025-03-18 10:59:00.547690)
2025-03-18 10:59:00,383 - INFO - [soc.py:225] EDGE 수신 : rep vehicle location E N STSW000001 
2025-03-18 10:59:00,584 - INFO - [soc.py:215] %%%%%%%%%%%% Edge -> EdgeNode delay_time: -165.426ms, (2025-03-18 10:59:00.583464 - 2025-03-18 10:59:00.748890)
2025-03-18 10:59:00,584 - INFO - [soc.py:225] EDGE 수신 : rep status info E N STSW000001 
2025-03-18 10:59:00,789 - INFO - [soc.py:215] %%%%%%%%%%%% Edge -> EdgeNode delay_time: -164.77ms, (2025-03-18 10:59:00.789014 - 2025-03-18 10:59:00.953784)
2025-03-18 10:59:00,789 - INFO - [soc.py:225] EDGE 수신 : rep cls ctrlinfo E N STSW000001 
2025-03-18 10:59:01,000 - INFO - [soc.py:215] %%%%%%%%%%%% Edge -> EdgeNode delay_time: -165.18ms, (2025-03-18 10:59:01.000169 - 2025-03-18 10:59:01.165349)
2025-03-18 10:59:01,001 - INFO - [soc.py:225] EDGE 수신 : rep vehicle location E N STSW000001 
2025-03-18 10:59:01,215 - INFO - [soc.py:215] %%%%%%%%%%%% Edge -> EdgeNode delay_time: -165.279ms, (2025-03-18 10:59:01.215312 - 2025-03-18 10:59:01.380591)
2025-03-18 10:59:01,216 - INFO - [soc.py:225] EDGE 수신 : rep status info E N STSW000001 
2025-03-18 10:59:01,429 - INFO - [soc.py:215] %%%%%%%%%%%% Edge -> EdgeNode delay_time: -164.944ms, (2025-03-18 10:59:01.429264 - 2025-03-18 10:59:01.594208)
2025-03-18 10:59:01,430 - INFO - [soc.py:225] EDGE 수신 : rep cls ctrlinfo E N STSW000001 
2025-03-18 10:59:01,643 - INFO - [soc.py:215] %%%%%%%%%%%% Edge -> EdgeNode delay_time: -166.155ms, (2025-03-18 10:59:01.643298 - 2025-03-18 10:59:01.809453)
2025-03-18 10:59:01,643 - INFO - [soc.py:225] EDGE 수신 : rep vehicle location E N STSW000001 
2025-03-18 10:59:01,858 - INFO - [soc.py:215] %%%%%%%%%%%% Edge -> EdgeNode delay_time: -164.17ms, (2025-03-18 10:59:01.857586 - 2025-03-18 10:59:02.021756)
2025-03-18 10:59:01,858 - INFO - [soc.py:225] EDGE 수신 : rep status info E N STSW000001 
2025-03-18 10:59:02,074 - INFO - [soc.py:215] %%%%%%%%%%%% Edge -> EdgeNode delay_time: -164.639ms, (2025-03-18 10:59:02.073676 - 2025-03-18 10:59:02.238315)
2025-03-18 10:59:02,074 - INFO - [soc.py:225] EDGE 수신 : rep cls ctrlinfo E N STSW000001 
2025-03-18 10:59:02,196 - ERROR - [soc.py:285] ==> 특장차 ConnectionResetError
Traceback (most recent call last):
  File "soc.py", line 151, in handle
    data = conn.recv(recv_len).decode(encoding=recv_encoding)
ConnectionResetError: [Errno 104] Connection reset by peer
2025-03-18 10:59:02,197 - INFO - [soc.py:303] finish
2025-03-18 10:59:02,198 - INFO - [soc.py:308] 현재 특장차 Client 접속수 : 0
